order_id,customer_id,order_date,category,product_price,quantity,discount_pct,region,payment_method,returned,rating,revenue,profit,month,month_name,quarter
ORD00001,1860,2023-01-01 00:00:00.000000,Sports,1951.31,1,25,East,Debit Card,0,5,1463.48,559.76,1,Jan,1
ORD00002,2294,2023-01-01 01:44:51.178235,Clothing,1659.62,5,25,West,Debit Card,0,5,6223.57,1081.0,1,Jan,1
ORD00003,2130,2023-01-01 03:29:42.356471,Clothing,111.79,3,0,South,COD,0,4,335.37,50.65,1,Jan,1
ORD00004,2095,2023-01-01 05:14:33.534706,Home & Kitchen,2063.42,2,25,East,UPI,0,5,3095.13,765.29,1,Jan,1
ORD00005,2638,2023-01-01 06:59:24.712942,Home & Kitchen,100.0,2,0,South,Credit Card,0,5,200.0,35.19,1,Jan,1
ORD00006,3169,2023-01-01 08:44:15.891178,Books,1174.37,5,0,North,Net Banking,0,3,5871.85,2147.68,1,Jan,1
ORD00007,1466,2023-01-01 10:29:07.069413,Clothing,451.78,3,10,South,COD,0,5,1219.81,464.35,1,Jan,1
ORD00008,2238,2023-01-01 12:13:58.247649,Books,1328.97,1,10,West,UPI,0,3,1196.07,323.66,1,Jan,1
ORD00009,1330,2023-01-01 13:58:49.425885,Sports,454.35,5,15,South,COD,1,2,1930.99,495.04,1,Jan,1
ORD00010,2482,2023-01-01 15:43:40.604120,Books,6295.36,2,10,West,UPI,0,4,11331.65,3226.8,1,Jan,1
ORD00011,3135,2023-01-01 17:28:31.782356,Beauty,556.0,2,25,East,Debit Card,0,5,834.0,172.26,1,Jan,1
ORD00012,3919,2023-01-01 19:13:22.960592,Books,415.53,2,0,East,UPI,0,1,831.06,186.57,1,Jan,1
ORD00013,1130,2023-01-01 20:58:14.138827,Beauty,489.56,5,0,East,Debit Card,0,5,2447.8,428.96,1,Jan,1
ORD00014,2685,2023-01-01 22:43:05.317063,Sports,3401.88,4,25,North,Debit Card,0,4,10205.64,2669.92,1,Jan,1
ORD00015,1769,2023-01-02 00:27:56.495299,Clothing,1516.8,4,0,West,Credit Card,0,5,6067.2,1837.89,1,Jan,1
ORD00016,3391,2023-01-02 02:12:47.673534,Sports,1967.81,4,15,North,UPI,0,5,6690.55,2559.51,1,Jan,1
ORD00017,2515,2023-01-02 03:57:38.851770,Electronics,3751.75,3,15,North,Net Banking,0,5,9566.96,3202.71,1,Jan,1
ORD00018,3853,2023-01-02 05:42:30.030006,Beauty,3643.46,5,10,East,Net Banking,0,5,16395.57,5423.1,1,Jan,1
ORD00019,3433,2023-01-02 07:27:21.208241,Home & Kitchen,2014.54,2,15,West,UPI,0,5,3424.72,777.41,1,Jan,1
ORD00020,2215,2023-01-02 09:12:12.386477,Electronics,330.64,3,0,South,Credit Card,0,3,991.92,369.07,1,Jan,1
ORD00021,1955,2023-01-02 10:57:03.564712,Home & Kitchen,2780.84,4,25,South,Net Banking,0,4,8342.52,3226.38,1,Jan,1
ORD00022,3324,2023-01-02 12:41:54.742948,Beauty,341.81,1,0,West,COD,0,3,341.81,130.94,1,Jan,1
ORD00023,2184,2023-01-02 14:26:45.921184,Electronics,2037.43,3,10,South,Net Banking,0,5,5501.06,878.52,1,Jan,1
ORD00024,1459,2023-01-02 16:11:37.099419,Home & Kitchen,1735.65,3,0,East,Credit Card,0,3,5206.95,1567.75,1,Jan,1
ORD00025,1021,2023-01-02 17:56:28.277655,Home & Kitchen,2133.75,5,10,East,Debit Card,0,3,9601.88,2984.32,1,Jan,1
ORD00026,3300,2023-01-02 19:41:19.455891,Sports,1141.13,3,15,North,Debit Card,0,5,2909.88,651.13,1,Jan,1
ORD00027,1747,2023-01-02 21:26:10.634126,Clothing,1527.18,5,25,East,Debit Card,0,5,5726.92,2279.9,1,Jan,1
ORD00028,3904,2023-01-02 23:11:01.812362,Electronics,4596.66,1,15,South,Credit Card,0,5,3907.16,870.5,1,Jan,1
ORD00029,1474,2023-01-03 00:55:52.990598,Electronics,159.86,2,10,North,Debit Card,0,3,287.75,58.75,1,Jan,1
ORD00030,2082,2023-01-03 02:40:44.168833,Home & Kitchen,554.09,2,25,West,Debit Card,0,4,831.14,225.27,1,Jan,1
ORD00031,3558,2023-01-03 04:25:35.347069,Books,1417.64,4,10,West,Credit Card,0,3,5103.5,1177.82,1,Jan,1
ORD00032,3047,2023-01-03 06:10:26.525305,Beauty,4988.61,4,10,North,COD,0,1,17959.0,6842.51,1,Jan,1
ORD00033,3747,2023-01-03 07:55:17.703540,Electronics,150.68,1,10,East,Net Banking,0,3,135.61,35.26,1,Jan,1
ORD00034,1975,2023-01-03 09:40:08.881776,Home & Kitchen,100.0,2,10,North,Credit Card,0,4,180.0,45.46,1,Jan,1
ORD00035,2806,2023-01-03 11:25:00.060012,Electronics,100.0,4,20,North,Credit Card,0,2,320.0,98.07,1,Jan,1
ORD00036,1189,2023-01-03 13:09:51.238247,Electronics,100.0,3,0,East,UPI,0,4,300.0,51.08,1,Jan,1
ORD00037,3734,2023-01-03 14:54:42.416483,Books,3575.95,5,10,West,Debit Card,0,4,16091.78,5458.06,1,Jan,1
ORD00038,1562,2023-01-03 16:39:33.594718,Books,1916.2,4,15,North,COD,0,1,6515.08,2228.81,1,Jan,1
ORD00039,2899,2023-01-03 18:24:24.772954,Home & Kitchen,1695.65,1,25,West,UPI,0,5,1271.74,341.47,1,Jan,1
ORD00040,2267,2023-01-03 20:09:15.951190,Beauty,1109.02,2,25,South,COD,0,5,1663.53,646.99,1,Jan,1
ORD00041,3879,2023-01-03 21:54:07.129425,Home & Kitchen,2284.56,1,10,East,Debit Card,0,5,2056.1,606.21,1,Jan,1
ORD00042,2528,2023-01-03 23:38:58.307661,Beauty,253.78,5,15,South,Debit Card,1,4,1078.56,349.25,1,Jan,1
ORD00043,1646,2023-01-04 01:23:49.485897,Sports,746.23,5,5,West,Debit Card,0,5,3544.59,1350.79,1,Jan,1
ORD00044,3068,2023-01-04 03:08:40.664132,Home & Kitchen,1010.03,1,10,South,Net Banking,0,5,909.03,287.79,1,Jan,1
ORD00045,3888,2023-01-04 04:53:31.842368,Sports,175.49,4,25,South,COD,0,4,526.47,135.81,1,Jan,1
ORD00046,3214,2023-01-04 06:38:23.020604,Home & Kitchen,815.83,4,25,South,COD,0,4,2447.49,382.28,1,Jan,1
ORD00047,2297,2023-01-04 08:23:14.198839,Electronics,570.8,2,25,North,UPI,0,1,856.2,284.32,1,Jan,1
ORD00048,3435,2023-01-04 10:08:05.377075,Home & Kitchen,100.0,2,0,North,Credit Card,0,5,200.0,78.24,1,Jan,1
ORD00049,1600,2023-01-04 11:52:56.555311,Electronics,220.55,3,25,East,Debit Card,0,4,496.24,132.77,1,Jan,1
ORD00050,3363,2023-01-04 13:37:47.733546,Home & Kitchen,2166.12,3,25,West,Debit Card,0,5,4873.77,1145.05,1,Jan,1
ORD00051,3061,2023-01-04 15:22:38.911782,Home & Kitchen,100.0,2,5,West,UPI,0,4,190.0,53.16,1,Jan,1
ORD00052,1241,2023-01-04 17:07:30.090018,Electronics,4082.92,3,10,East,COD,0,5,11023.88,3661.13,1,Jan,1
ORD00053,3041,2023-01-04 18:52:21.268253,Electronics,135.58,1,20,West,Net Banking,0,5,108.46,16.29,1,Jan,1
ORD00054,3824,2023-01-04 20:37:12.446489,Beauty,2408.45,4,10,West,COD,0,5,8670.42,3223.69,1,Jan,1
ORD00055,3612,2023-01-04 22:22:03.624724,Home & Kitchen,3433.27,3,30,South,Net Banking,0,4,7209.87,2679.12,1,Jan,1
ORD00056,3945,2023-01-05 00:06:54.802960,Electronics,4248.78,3,10,South,Net Banking,0,3,11471.71,3273.16,1,Jan,1
ORD00057,2363,2023-01-05 01:51:45.981196,Home & Kitchen,3031.5,1,15,West,COD,0,5,2576.78,465.35,1,Jan,1
ORD00058,3139,2023-01-05 03:36:37.159431,Home & Kitchen,508.57,5,20,East,Debit Card,0,5,2034.28,646.8,1,Jan,1
ORD00059,2390,2023-01-05 05:21:28.337667,Books,607.64,2,10,East,Net Banking,0,3,1093.75,201.75,1,Jan,1
ORD00060,2478,2023-01-05 07:06:19.515903,Beauty,834.12,1,25,West,UPI,0,5,625.59,173.22,1,Jan,1
ORD00061,3556,2023-01-05 08:51:10.694138,Home & Kitchen,225.01,5,10,East,UPI,0,4,1012.54,175.58,1,Jan,1
ORD00062,1775,2023-01-05 10:36:01.872374,Clothing,100.0,1,10,East,Net Banking,0,2,90.0,26.75,1,Jan,1
ORD00063,1034,2023-01-05 12:20:53.050610,Sports,3050.23,4,0,South,Debit Card,0,4,12200.92,2800.32,1,Jan,1
ORD00064,3253,2023-01-05 14:05:44.228845,Sports,1211.59,1,5,East,Net Banking,0,5,1151.01,411.77,1,Jan,1
ORD00065,2955,2023-01-05 15:50:35.407081,Electronics,1407.51,1,15,North,UPI,0,4,1196.38,418.72,1,Jan,1
ORD00066,2585,2023-01-05 17:35:26.585317,Electronics,3925.71,4,25,South,UPI,1,5,11777.13,4706.36,1,Jan,1
ORD00067,2021,2023-01-05 19:20:17.763552,Electronics,1640.98,2,0,North,COD,0,1,3281.96,703.57,1,Jan,1
ORD00068,3613,2023-01-05 21:05:08.941788,Home & Kitchen,1760.91,5,5,West,Debit Card,0,5,8364.32,1383.88,1,Jan,1
ORD00069,2129,2023-01-05 22:50:00.120024,Home & Kitchen,2319.47,3,0,East,COD,0,5,6958.41,1814.41,1,Jan,1
ORD00070,2500,2023-01-06 00:34:51.298259,Home & Kitchen,185.54,2,15,North,Credit Card,0,4,315.42,53.89,1,Jan,1
ORD00071,1702,2023-01-06 02:19:42.476495,Beauty,669.81,1,30,East,Net Banking,0,4,468.87,91.25,1,Jan,1
ORD00072,3449,2023-01-06 04:04:33.654730,Sports,5172.81,3,15,North,COD,0,4,13190.67,3948.3,1,Jan,1
ORD00073,3777,2023-01-06 05:49:24.832966,Electronics,3844.56,4,15,South,Debit Card,0,5,13071.5,3895.73,1,Jan,1
ORD00074,2579,2023-01-06 07:34:16.011202,Clothing,3232.22,2,10,West,Net Banking,0,3,5818.0,935.72,1,Jan,1
ORD00075,1161,2023-01-06 09:19:07.189437,Clothing,902.46,5,0,North,Net Banking,0,4,4512.3,1176.47,1,Jan,1
ORD00076,1201,2023-01-06 11:03:58.367673,Clothing,2919.39,2,15,South,Net Banking,0,3,4962.96,1402.31,1,Jan,1
ORD00077,2981,2023-01-06 12:48:49.545909,Home & Kitchen,100.0,2,15,West,Net Banking,0,4,170.0,36.89,1,Jan,1
ORD00078,1995,2023-01-06 14:33:40.724144,Sports,241.16,3,15,North,Net Banking,1,4,614.96,226.31,1,Jan,1
ORD00079,3317,2023-01-06 16:18:31.902380,Clothing,801.57,4,25,North,Debit Card,0,5,2404.71,457.56,1,Jan,1
ORD00080,1815,2023-01-06 18:03:23.080616,Home & Kitchen,990.71,4,20,South,Credit Card,0,4,3170.27,676.77,1,Jan,1
ORD00081,1455,2023-01-06 19:48:14.258851,Sports,458.78,2,20,West,UPI,0,4,734.05,138.92,1,Jan,1
ORD00082,2275,2023-01-06 21:33:05.437087,Clothing,661.2,4,25,West,Credit Card,0,5,1983.6,355.34,1,Jan,1
ORD00083,2016,2023-01-06 23:17:56.615323,Electronics,266.5,3,30,South,UPI,0,4,559.65,206.93,1,Jan,1
ORD00084,3343,2023-01-07 01:02:47.793558,Books,1007.47,3,10,East,COD,0,4,2720.17,596.98,1,Jan,1
ORD00085,3767,2023-01-07 02:47:38.971794,Electronics,2368.68,5,0,South,Net Banking,1,5,11843.4,3915.8,1,Jan,1
ORD00086,1337,2023-01-07 04:32:30.150030,Beauty,1624.23,4,10,West,COD,0,4,5847.23,1502.71,1,Jan,1
ORD00087,1878,2023-01-07 06:17:21.328265,Electronics,171.08,5,20,South,COD,0,3,684.32,211.43,1,Jan,1
ORD00088,2076,2023-01-07 08:02:12.506501,Clothing,1002.92,1,0,East,UPI,0,4,1002.92,383.16,1,Jan,1
ORD00089,1791,2023-01-07 09:47:03.684736,Books,1794.24,3,0,South,Debit Card,0,4,5382.72,1943.98,1,Jan,1
ORD00090,3264,2023-01-07 11:31:54.862972,Beauty,1132.2,2,0,South,Net Banking,1,3,2264.4,378.71,1,Jan,1
ORD00091,1763,2023-01-07 13:16:46.041208,Electronics,745.57,3,15,North,COD,0,5,1901.2,686.9,1,Jan,1
ORD00092,3235,2023-01-07 15:01:37.219443,Electronics,1458.95,1,10,East,Credit Card,1,4,1313.06,345.28,1,Jan,1
ORD00093,1379,2023-01-07 16:46:28.397679,Electronics,5193.27,2,5,West,Net Banking,0,5,9867.21,2343.82,1,Jan,1
ORD00094,1492,2023-01-07 18:31:19.575915,Electronics,149.58,4,0,East,Debit Card,0,3,598.32,190.32,1,Jan,1
ORD00095,2180,2023-01-07 20:16:10.754150,Electronics,741.48,4,15,West,Net Banking,1,5,2521.03,977.03,1,Jan,1
ORD00096,3062,2023-01-07 22:01:01.932386,Home & Kitchen,782.84,3,5,West,COD,0,5,2231.09,387.17,1,Jan,1
ORD00097,1064,2023-01-07 23:45:53.110622,Electronics,1290.46,2,0,North,Credit Card,0,5,2580.92,882.72,1,Jan,1
ORD00098,3568,2023-01-08 01:30:44.288857,Electronics,247.62,2,15,East,COD,0,4,420.95,84.56,1,Jan,1
ORD00099,2367,2023-01-08 03:15:35.467093,Sports,291.55,5,10,North,Debit Card,0,4,1311.98,321.48,1,Jan,1
ORD00100,2152,2023-01-08 05:00:26.645329,Clothing,503.97,1,5,South,UPI,0,4,478.77,176.41,1,Jan,1
ORD00101,3027,2023-01-08 06:45:17.823564,Clothing,4680.92,4,15,East,Credit Card,0,5,15915.13,4558.89,1,Jan,1
ORD00102,3695,2023-01-08 08:30:09.001800,Clothing,1987.0,3,0,South,Debit Card,0,5,5961.0,994.68,1,Jan,1
ORD00103,2495,2023-01-08 10:15:00.180036,Beauty,1625.7,2,20,East,Debit Card,0,2,2601.12,720.54,1,Jan,1
ORD00104,2162,2023-01-08 11:59:51.358271,Electronics,2547.06,4,0,West,COD,0,5,10188.24,3539.5,1,Jan,1
ORD00105,2522,2023-01-08 13:44:42.536507,Sports,204.72,3,0,South,COD,0,5,614.16,173.33,1,Jan,1
ORD00106,3640,2023-01-08 15:29:33.714742,Sports,2942.04,4,20,East,COD,0,4,9414.53,1804.98,1,Jan,1
ORD00107,1391,2023-01-08 17:14:24.892978,Electronics,1355.18,3,15,East,UPI,0,3,3455.71,902.84,1,Jan,1
ORD00108,2698,2023-01-08 18:59:16.071214,Beauty,612.69,4,0,South,Net Banking,0,5,2450.76,933.95,1,Jan,1
ORD00109,1418,2023-01-08 20:44:07.249449,Clothing,2538.05,5,0,North,Net Banking,0,4,12690.25,3991.73,1,Jan,1
ORD00110,3336,2023-01-08 22:28:58.427685,Electronics,2433.52,1,20,East,COD,0,5,1946.82,647.26,1,Jan,1
ORD00111,1378,2023-01-09 00:13:49.605921,Sports,2803.37,4,20,North,COD,0,5,8970.78,3108.23,1,Jan,1
ORD00112,2796,2023-01-09 01:58:40.784156,Home & Kitchen,184.13,1,5,North,UPI,0,2,174.92,30.2,1,Jan,1
ORD00113,3278,2023-01-09 03:43:31.962392,Home & Kitchen,5228.23,4,15,North,Net Banking,0,4,17775.98,5250.74,1,Jan,1
ORD00114,3088,2023-01-09 05:28:23.140628,Electronics,4814.36,2,0,North,UPI,0,4,9628.72,2349.2,1,Jan,1
ORD00115,3182,2023-01-09 07:13:14.318863,Books,663.51,5,10,North,Debit Card,0,5,2985.8,551.75,1,Jan,1
ORD00116,1200,2023-01-09 08:58:05.497099,Sports,102.25,5,0,West,Net Banking,0,3,511.25,102.6,1,Jan,1
ORD00117,2863,2023-01-09 10:42:56.675335,Clothing,274.18,1,5,North,COD,0,3,260.47,89.94,1,Jan,1
ORD00118,1779,2023-01-09 12:27:47.853570,Clothing,7406.95,2,0,West,Credit Card,0,5,14813.9,2820.16,1,Jan,1
ORD00119,3977,2023-01-09 14:12:39.031806,Electronics,1241.78,3,10,East,Debit Card,0,3,3352.81,764.79,1,Jan,1
ORD00120,1502,2023-01-09 15:57:30.210042,Electronics,661.53,5,10,West,Credit Card,0,4,2976.88,658.54,1,Jan,1
ORD00121,3454,2023-01-09 17:42:21.388277,Sports,509.94,2,10,West,UPI,0,4,917.89,148.84,1,Jan,1
ORD00122,2751,2023-01-09 19:27:12.566513,Clothing,445.57,2,0,North,UPI,1,4,891.14,236.63,1,Jan,1
ORD00123,1804,2023-01-09 21:12:03.744748,Beauty,1636.65,1,5,East,UPI,0,4,1554.82,530.94,1,Jan,1
ORD00124,3146,2023-01-09 22:56:54.922984,Clothing,815.51,2,20,East,COD,1,4,1304.82,202.95,1,Jan,1
ORD00125,3731,2023-01-10 00:41:46.101220,Home & Kitchen,5046.32,2,5,East,UPI,0,5,9588.01,1707.99,1,Jan,1
ORD00126,2895,2023-01-10 02:26:37.279455,Clothing,1727.27,3,15,South,Credit Card,0,3,4404.54,1453.7,1,Jan,1
ORD00127,3773,2023-01-10 04:11:28.457691,Clothing,2355.65,1,5,West,Debit Card,0,4,2237.87,667.77,1,Jan,1
ORD00128,2570,2023-01-10 05:56:19.635927,Electronics,519.54,1,10,North,COD,0,4,467.59,153.75,1,Jan,1
ORD00129,1960,2023-01-10 07:41:10.814162,Clothing,123.75,2,10,South,Debit Card,1,4,222.75,46.23,1,Jan,1
ORD00130,3660,2023-01-10 09:26:01.992398,Books,1003.63,3,30,North,UPI,1,4,2107.62,739.65,1,Jan,1
ORD00131,2485,2023-01-10 11:10:53.170634,Beauty,566.59,4,0,South,Net Banking,1,2,2266.36,611.84,1,Jan,1
ORD00132,3690,2023-01-10 12:55:44.348869,Home & Kitchen,338.63,5,0,East,COD,0,5,1693.15,512.31,1,Jan,1
ORD00133,2028,2023-01-10 14:40:35.527105,Electronics,4575.03,1,15,South,UPI,0,4,3888.78,672.91,1,Jan,1
ORD00134,1502,2023-01-10 16:25:26.705341,Electronics,880.45,3,25,East,COD,0,4,1981.01,398.69,1,Jan,1
ORD00135,3814,2023-01-10 18:10:17.883576,Electronics,288.03,3,30,South,Net Banking,0,4,604.86,207.67,1,Jan,1
ORD00136,1397,2023-01-10 19:55:09.061812,Home & Kitchen,332.19,2,10,North,Credit Card,0,3,597.94,123.16,1,Jan,1
ORD00137,1870,2023-01-10 21:40:00.240048,Sports,494.24,5,10,North,Credit Card,0,2,2224.08,385.06,1,Jan,1
ORD00138,3842,2023-01-10 23:24:51.418283,Beauty,10931.92,1,15,South,Credit Card,0,3,9292.13,2781.14,1,Jan,1
ORD00139,1392,2023-01-11 01:09:42.596519,Electronics,467.99,4,10,West,Net Banking,0,3,1684.76,483.5,1,Jan,1
ORD00140,1206,2023-01-11 02:54:33.774754,Books,598.04,2,15,West,Debit Card,0,3,1016.67,307.01,1,Jan,1
ORD00141,2038,2023-01-11 04:39:24.952990,Books,1615.25,1,25,South,Net Banking,0,4,1211.44,368.98,1,Jan,1
ORD00142,2881,2023-01-11 06:24:16.131226,Home & Kitchen,522.13,1,15,West,Net Banking,0,4,443.81,122.07,1,Jan,1
ORD00143,3939,2023-01-11 08:09:07.309461,Home & Kitchen,364.64,3,10,North,UPI,0,4,984.53,269.21,1,Jan,1
ORD00144,2484,2023-01-11 09:53:58.487697,Home & Kitchen,259.1,5,10,West,Credit Card,1,1,1165.95,444.28,1,Jan,1
ORD00145,1863,2023-01-11 11:38:49.665933,Home & Kitchen,562.44,4,15,South,COD,0,5,1912.3,542.08,1,Jan,1
ORD00146,3790,2023-01-11 13:23:40.844168,Electronics,167.93,5,10,West,Debit Card,1,5,755.68,229.97,1,Jan,1
ORD00147,1563,2023-01-11 15:08:32.022404,Sports,100.0,3,10,South,COD,0,5,270.0,58.52,1,Jan,1
ORD00148,2020,2023-01-11 16:53:23.200640,Electronics,2449.38,4,0,North,UPI,0,4,9797.52,3603.27,1,Jan,1
ORD00149,1095,2023-01-11 18:38:14.378875,Home & Kitchen,222.57,4,0,East,UPI,0,4,890.28,138.97,1,Jan,1
ORD00150,2923,2023-01-11 20:23:05.557111,Clothing,2244.01,2,10,North,Debit Card,0,3,4039.22,1168.57,1,Jan,1
ORD00151,2757,2023-01-11 22:07:56.735347,Books,2395.84,4,20,North,COD,0,5,7666.69,1885.72,1,Jan,1
ORD00152,3532,2023-01-11 23:52:47.913582,Beauty,1158.02,1,0,South,Debit Card,0,3,1158.02,348.54,1,Jan,1
ORD00153,3278,2023-01-12 01:37:39.091818,Sports,555.9,5,10,North,Debit Card,0,4,2501.55,600.48,1,Jan,1
ORD00154,3796,2023-01-12 03:22:30.270054,Sports,235.04,5,5,North,Credit Card,0,4,1116.44,367.78,1,Jan,1
ORD00155,2678,2023-01-12 05:07:21.448289,Books,2002.29,2,0,West,COD,0,4,4004.58,621.04,1,Jan,1
ORD00156,1540,2023-01-12 06:52:12.626525,Home & Kitchen,1379.65,4,30,South,Credit Card,1,4,3863.02,971.44,1,Jan,1
ORD00157,2059,2023-01-12 08:37:03.804760,Books,1598.29,3,25,West,Credit Card,0,2,3596.15,1286.76,1,Jan,1
ORD00158,3572,2023-01-12 10:21:54.982996,Sports,100.0,1,0,South,Credit Card,0,4,100.0,21.26,1,Jan,1
ORD00159,2183,2023-01-12 12:06:46.161232,Clothing,3936.61,2,15,West,Net Banking,1,5,6692.24,1092.09,1,Jan,1
ORD00160,2722,2023-01-12 13:51:37.339467,Beauty,102.88,4,5,West,UPI,1,5,390.94,107.17,1,Jan,1
ORD00161,2819,2023-01-12 15:36:28.517703,Beauty,685.47,3,30,East,UPI,0,4,1439.49,567.35,1,Jan,1
ORD00162,3625,2023-01-12 17:21:19.695939,Home & Kitchen,773.03,4,5,North,Net Banking,0,4,2937.51,487.74,1,Jan,1
ORD00163,3729,2023-01-12 19:06:10.874174,Clothing,100.0,2,0,West,Debit Card,0,2,200.0,33.5,1,Jan,1
ORD00164,3604,2023-01-12 20:51:02.052410,Electronics,1031.01,3,10,East,COD,0,3,2783.73,831.72,1,Jan,1
ORD00165,2597,2023-01-12 22:35:53.230646,Sports,2096.39,3,20,West,COD,0,3,5031.34,1069.24,1,Jan,1
ORD00166,3693,2023-01-13 00:20:44.408881,Electronics,2599.69,3,0,West,COD,0,4,7799.07,1969.72,1,Jan,1
ORD00167,1795,2023-01-13 02:05:35.587117,Sports,3172.88,3,15,East,Credit Card,0,5,8090.84,2893.5,1,Jan,1
ORD00168,2051,2023-01-13 03:50:26.765353,Books,1003.32,4,0,East,COD,0,4,4013.28,801.5,1,Jan,1
ORD00169,2643,2023-01-13 05:35:17.943588,Clothing,1493.96,3,25,East,COD,0,2,3361.41,1108.68,1,Jan,1
ORD00170,2363,2023-01-13 07:20:09.121824,Beauty,124.29,4,0,North,COD,0,4,497.16,137.28,1,Jan,1
ORD00171,2981,2023-01-13 09:05:00.300060,Home & Kitchen,1004.26,3,25,North,UPI,0,3,2259.58,850.14,1,Jan,1
ORD00172,2354,2023-01-13 10:49:51.478295,Home & Kitchen,252.3,3,10,West,Net Banking,0,5,681.21,267.88,1,Jan,1
ORD00173,2663,2023-01-13 12:34:42.656531,Home & Kitchen,692.2,2,10,North,Debit Card,0,3,1245.96,337.95,1,Jan,1
ORD00174,2529,2023-01-13 14:19:33.834766,Clothing,599.16,4,30,East,Net Banking,0,4,1677.65,496.86,1,Jan,1
ORD00175,3038,2023-01-13 16:04:25.013002,Sports,826.28,4,30,South,COD,0,4,2313.58,778.43,1,Jan,1
ORD00176,2496,2023-01-13 17:49:16.191238,Clothing,1271.68,5,15,North,Debit Card,0,3,5404.64,1241.28,1,Jan,1
ORD00177,3237,2023-01-13 19:34:07.369473,Beauty,3497.66,2,0,East,Debit Card,0,2,6995.32,1445.83,1,Jan,1
ORD00178,2408,2023-01-13 21:18:58.547709,Sports,752.51,4,10,East,Net Banking,0,4,2709.04,1059.7,1,Jan,1
ORD00179,2400,2023-01-13 23:03:49.725945,Clothing,5955.37,2,10,East,Net Banking,0,2,10719.67,2767.32,1,Jan,1
ORD00180,2306,2023-01-14 00:48:40.904180,Home & Kitchen,2134.61,2,10,East,Net Banking,1,4,3842.3,577.87,1,Jan,1
ORD00181,3680,2023-01-14 02:33:32.082416,Home & Kitchen,1074.57,2,10,West,Net Banking,0,5,1934.23,695.22,1,Jan,1
ORD00182,3675,2023-01-14 04:18:23.260652,Clothing,1549.35,1,0,East,Credit Card,0,4,1549.35,464.67,1,Jan,1
ORD00183,1972,2023-01-14 06:03:14.438887,Beauty,161.75,4,15,East,UPI,0,4,549.95,105.67,1,Jan,1
ORD00184,2768,2023-01-14 07:48:05.617123,Electronics,2791.87,2,15,West,UPI,0,5,4746.18,747.69,1,Jan,1
ORD00185,2282,2023-01-14 09:32:56.795359,Clothing,1309.69,1,0,North,COD,0,4,1309.69,291.89,1,Jan,1
ORD00186,1709,2023-01-14 11:17:47.973594,Books,6410.29,1,10,South,Credit Card,0,5,5769.26,2203.69,1,Jan,1
ORD00187,2479,2023-01-14 13:02:39.151830,Books,1517.67,3,10,West,Debit Card,0,3,4097.71,1570.95,1,Jan,1
ORD00188,2434,2023-01-14 14:47:30.330066,Home & Kitchen,2694.66,3,15,West,Net Banking,0,5,6871.38,1564.96,1,Jan,1
ORD00189,1648,2023-01-14 16:32:21.508301,Sports,2412.38,4,0,North,COD,0,4,9649.52,3464.01,1,Jan,1
ORD00190,1317,2023-01-14 18:17:12.686537,Home & Kitchen,635.74,3,15,North,Debit Card,0,5,1621.14,422.24,1,Jan,1
ORD00191,2257,2023-01-14 20:02:03.864772,Home & Kitchen,450.87,4,0,East,UPI,0,2,1803.48,565.55,1,Jan,1
ORD00192,1683,2023-01-14 21:46:55.043008,Electronics,844.48,1,10,North,Debit Card,0,3,760.03,177.55,1,Jan,1
ORD00193,1663,2023-01-14 23:31:46.221244,Clothing,944.53,1,20,South,Net Banking,0,3,755.62,210.81,1,Jan,1
ORD00194,2998,2023-01-15 01:16:37.399479,Electronics,411.82,4,15,West,Net Banking,0,5,1400.19,312.87,1,Jan,1
ORD00195,2631,2023-01-15 03:01:28.577715,Clothing,3374.96,3,0,South,UPI,0,4,10124.88,1673.43,1,Jan,1
ORD00196,2495,2023-01-15 04:46:19.755951,Home & Kitchen,1173.12,3,10,East,Net Banking,0,5,3167.42,585.48,1,Jan,1
ORD00197,2136,2023-01-15 06:31:10.934186,Electronics,5755.68,4,30,South,Credit Card,0,3,16115.9,3588.51,1,Jan,1
ORD00198,2853,2023-01-15 08:16:02.112422,Clothing,2491.24,5,0,East,COD,0,2,12456.2,4908.53,1,Jan,1
ORD00199,2520,2023-01-15 10:00:53.290658,Electronics,1216.9,3,25,South,UPI,0,3,2738.02,1071.71,1,Jan,1
ORD00200,3489,2023-01-15 11:45:44.468893,Beauty,4407.34,2,15,West,UPI,0,4,7492.48,2674.18,1,Jan,1
ORD00201,1563,2023-01-15 13:30:35.647129,Beauty,1054.42,3,20,South,Debit Card,0,5,2530.61,526.69,1,Jan,1
ORD00202,2291,2023-01-15 15:15:26.825365,Home & Kitchen,3271.97,5,0,North,UPI,0,4,16359.85,4260.11,1,Jan,1
ORD00203,2636,2023-01-15 17:00:18.003600,Beauty,665.09,1,0,South,COD,0,5,665.09,172.89,1,Jan,1
ORD00204,3999,2023-01-15 18:45:09.181836,Sports,713.77,1,25,West,Credit Card,0,3,535.33,132.09,1,Jan,1
ORD00205,1698,2023-01-15 20:30:00.360072,Home & Kitchen,812.26,1,5,East,Debit Card,0,4,771.65,124.41,1,Jan,1
ORD00206,3160,2023-01-15 22:14:51.538307,Electronics,1186.56,3,0,South,COD,0,5,3559.68,1009.64,1,Jan,1
ORD00207,1001,2023-01-15 23:59:42.716543,Sports,1209.44,1,15,South,UPI,0,3,1028.02,172.92,1,Jan,1
ORD00208,1641,2023-01-16 01:44:33.894778,Home & Kitchen,1028.96,5,0,North,Net Banking,0,1,5144.8,1803.15,1,Jan,1
ORD00209,3267,2023-01-16 03:29:25.073014,Home & Kitchen,547.93,5,20,East,Net Banking,0,4,2191.72,707.55,1,Jan,1
ORD00210,2589,2023-01-16 05:14:16.251250,Sports,3930.19,3,15,East,COD,1,1,10021.98,2387.08,1,Jan,1
ORD00211,1854,2023-01-16 06:59:07.429485,Books,1332.23,2,25,East,Credit Card,1,5,1998.34,623.05,1,Jan,1
ORD00212,2759,2023-01-16 08:43:58.607721,Home & Kitchen,785.71,3,20,West,Net Banking,1,5,1885.7,392.71,1,Jan,1
ORD00213,3432,2023-01-16 10:28:49.785957,Beauty,1579.79,1,0,West,COD,0,5,1579.79,341.73,1,Jan,1
ORD00214,2661,2023-01-16 12:13:40.964192,Clothing,2191.31,3,5,North,Debit Card,0,5,6245.23,1427.24,1,Jan,1
ORD00215,2153,2023-01-16 13:58:32.142428,Home & Kitchen,4855.87,5,20,South,UPI,0,3,19423.48,6783.71,1,Jan,1
ORD00216,2076,2023-01-16 15:43:23.320664,Books,1038.37,3,10,West,Credit Card,0,2,2803.6,568.21,1,Jan,1
ORD00217,2707,2023-01-16 17:28:14.498899,Home & Kitchen,178.34,3,30,East,Credit Card,0,5,374.51,108.87,1,Jan,1
ORD00218,3777,2023-01-16 19:13:05.677135,Sports,871.78,2,15,South,Debit Card,0,4,1482.03,296.58,1,Jan,1
ORD00219,2695,2023-01-16 20:57:56.855371,Electronics,977.92,5,0,South,Credit Card,0,4,4889.6,1081.87,1,Jan,1
ORD00220,2733,2023-01-16 22:42:48.033606,Home & Kitchen,3409.45,4,25,South,COD,0,5,10228.35,2136.4,1,Jan,1
ORD00221,2439,2023-01-17 00:27:39.211842,Electronics,753.3,4,0,North,Credit Card,0,4,3013.2,937.86,1,Jan,1
ORD00222,3294,2023-01-17 02:12:30.390078,Home & Kitchen,4596.8,5,0,West,Credit Card,0,3,22984.0,6474.18,1,Jan,1
ORD00223,1835,2023-01-17 03:57:21.568313,Books,995.77,4,15,West,Credit Card,0,5,3385.62,1118.35,1,Jan,1
ORD00224,1202,2023-01-17 05:42:12.746549,Sports,5461.88,1,25,South,COD,0,4,4096.41,839.71,1,Jan,1
ORD00225,1122,2023-01-17 07:27:03.924784,Electronics,100.0,4,10,North,UPI,0,5,360.0,54.82,1,Jan,1
ORD00226,1400,2023-01-17 09:11:55.103020,Home & Kitchen,3436.21,1,0,North,Net Banking,0,4,3436.21,1100.02,1,Jan,1
ORD00227,1766,2023-01-17 10:56:46.281256,Clothing,4013.09,5,5,West,Credit Card,0,3,19062.18,3406.67,1,Jan,1
ORD00228,1293,2023-01-17 12:41:37.459491,Sports,4867.1,4,5,West,Debit Card,0,3,18494.98,3913.1,1,Jan,1
ORD00229,3327,2023-01-17 14:26:28.637727,Beauty,100.0,4,5,North,Debit Card,0,5,380.0,86.04,1,Jan,1
ORD00230,3931,2023-01-17 16:11:19.815963,Beauty,282.57,1,0,East,COD,0,4,282.57,95.14,1,Jan,1
ORD00231,1197,2023-01-17 17:56:10.994198,Sports,1590.95,1,15,North,UPI,0,4,1352.31,414.45,1,Jan,1
ORD00232,2930,2023-01-17 19:41:02.172434,Sports,100.0,3,25,East,Credit Card,1,4,225.0,44.11,1,Jan,1
ORD00233,3799,2023-01-17 21:25:53.350670,Electronics,100.0,2,5,West,COD,0,4,190.0,56.9,1,Jan,1
ORD00234,3191,2023-01-17 23:10:44.528905,Clothing,374.77,4,0,North,Net Banking,0,3,1499.08,490.25,1,Jan,1
ORD00235,1608,2023-01-18 00:55:35.707141,Books,1077.51,2,20,North,UPI,0,4,1724.02,426.22,1,Jan,1
ORD00236,2147,2023-01-18 02:40:26.885377,Sports,1184.17,2,15,North,UPI,0,3,2013.09,425.74,1,Jan,1
ORD00237,1186,2023-01-18 04:25:18.063612,Beauty,100.0,4,25,North,COD,0,4,300.0,95.92,1,Jan,1
ORD00238,3511,2023-01-18 06:10:09.241848,Electronics,280.16,1,0,South,Debit Card,0,4,280.16,84.81,1,Jan,1
ORD00239,2794,2023-01-18 07:55:00.420084,Beauty,1038.84,3,0,South,UPI,0,3,3116.52,528.18,1,Jan,1
ORD00240,1659,2023-01-18 09:39:51.598319,Home & Kitchen,1351.88,5,10,West,Debit Card,0,4,6083.46,1926.45,1,Jan,1
ORD00241,3811,2023-01-18 11:24:42.776555,Home & Kitchen,240.96,4,15,West,UPI,0,4,819.26,222.94,1,Jan,1
ORD00242,2955,2023-01-18 13:09:33.954790,Electronics,763.34,4,10,North,UPI,0,3,2748.02,929.77,1,Jan,1
ORD00243,3450,2023-01-18 14:54:25.133026,Electronics,3521.4,5,10,South,UPI,0,5,15846.3,3132.49,1,Jan,1
ORD00244,2369,2023-01-18 16:39:16.311262,Home & Kitchen,10217.7,2,0,West,Net Banking,1,2,20435.4,4384.5,1,Jan,1
ORD00245,2986,2023-01-18 18:24:07.489497,Home & Kitchen,6539.16,3,10,East,Debit Card,0,4,17655.73,5046.51,1,Jan,1
ORD00246,2534,2023-01-18 20:08:58.667733,Electronics,3201.47,2,15,South,Net Banking,0,3,5442.5,1471.83,1,Jan,1
ORD00247,1146,2023-01-18 21:53:49.845969,Home & Kitchen,752.95,5,10,South,Debit Card,0,5,3388.28,835.52,1,Jan,1
ORD00248,3911,2023-01-18 23:38:41.024204,Sports,1740.29,5,15,South,Net Banking,0,5,7396.23,2488.89,1,Jan,1
ORD00249,2734,2023-01-19 01:23:32.202440,Sports,808.3,3,10,North,Net Banking,0,4,2182.41,635.49,1,Jan,1
ORD00250,2843,2023-01-19 03:08:23.380676,Beauty,1568.43,5,5,East,Net Banking,1,5,7450.04,2440.39,1,Jan,1
ORD00251,1488,2023-01-19 04:53:14.558911,Clothing,555.36,5,5,North,COD,0,3,2637.96,496.76,1,Jan,1
ORD00252,3976,2023-01-19 06:38:05.737147,Clothing,1397.88,3,10,West,Net Banking,0,3,3774.28,1253.99,1,Jan,1
ORD00253,2959,2023-01-19 08:22:56.915383,Home & Kitchen,1112.75,4,0,East,UPI,1,4,4451.0,1181.22,1,Jan,1
ORD00254,2663,2023-01-19 10:07:48.093618,Clothing,100.0,2,15,North,Credit Card,1,4,170.0,26.94,1,Jan,1
ORD00255,3598,2023-01-19 11:52:39.271854,Electronics,2346.0,4,20,South,Net Banking,0,4,7507.2,1566.17,1,Jan,1
ORD00256,3385,2023-01-19 13:37:30.450090,Clothing,100.0,4,5,East,Credit Card,0,4,380.0,59.45,1,Jan,1
ORD00257,3919,2023-01-19 15:22:21.628325,Clothing,520.42,2,0,South,Credit Card,0,4,1040.84,275.01,1,Jan,1
ORD00258,1640,2023-01-19 17:07:12.806561,Clothing,100.0,4,30,West,UPI,0,5,280.0,64.81,1,Jan,1
ORD00259,2802,2023-01-19 18:52:03.984796,Clothing,707.89,3,0,East,Credit Card,0,3,2123.67,842.8,1,Jan,1
ORD00260,3520,2023-01-19 20:36:55.163032,Clothing,100.0,2,0,West,Credit Card,0,1,200.0,73.43,1,Jan,1
ORD00261,2969,2023-01-19 22:21:46.341268,Electronics,3671.61,1,5,West,Credit Card,0,4,3488.03,1243.2,1,Jan,1
ORD00262,3198,2023-01-20 00:06:37.519503,Home & Kitchen,805.96,4,15,West,Debit Card,0,4,2740.26,754.34,1,Jan,1
ORD00263,2438,2023-01-20 01:51:28.697739,Home & Kitchen,922.88,5,0,East,Net Banking,0,2,4614.4,1623.22,1,Jan,1
ORD00264,2634,2023-01-20 03:36:19.875975,Home & Kitchen,645.83,2,10,West,Net Banking,0,3,1162.49,251.93,1,Jan,1
ORD00265,1262,2023-01-20 05:21:11.054210,Electronics,1481.3,1,10,North,Credit Card,0,4,1333.17,386.84,1,Jan,1
ORD00266,2787,2023-01-20 07:06:02.232446,Clothing,2301.55,5,0,North,UPI,0,3,11507.75,2856.56,1,Jan,1
ORD00267,3191,2023-01-20 08:50:53.410682,Home & Kitchen,1566.81,1,5,West,Debit Card,0,5,1488.47,287.03,1,Jan,1
ORD00268,3393,2023-01-20 10:35:44.588917,Home & Kitchen,2068.72,4,15,South,UPI,0,3,7033.65,1182.73,1,Jan,1
ORD00269,1623,2023-01-20 12:20:35.767153,Books,3546.27,5,15,West,UPI,0,1,15071.65,4364.07,1,Jan,1
ORD00270,2016,2023-01-20 14:05:26.945389,Clothing,2987.66,4,0,West,Credit Card,0,4,11950.64,2084.31,1,Jan,1
ORD00271,1880,2023-01-20 15:50:18.123624,Beauty,1681.56,5,0,South,COD,0,5,8407.8,2770.38,1,Jan,1
ORD00272,3049,2023-01-20 17:35:09.301860,Clothing,362.42,2,15,East,Credit Card,0,4,616.11,234.35,1,Jan,1
ORD00273,3944,2023-01-20 19:20:00.480096,Books,1522.94,3,20,East,COD,0,4,3655.06,696.39,1,Jan,1
ORD00274,2327,2023-01-20 21:04:51.658331,Home & Kitchen,1058.08,3,5,West,Debit Card,0,1,3015.53,807.36,1,Jan,1
ORD00275,3301,2023-01-20 22:49:42.836567,Books,1894.63,1,10,North,COD,0,4,1705.17,570.71,1,Jan,1
ORD00276,1452,2023-01-21 00:34:34.014802,Clothing,2684.03,5,0,North,Credit Card,0,3,13420.15,2975.38,1,Jan,1
ORD00277,2183,2023-01-21 02:19:25.193038,Clothing,2036.39,4,5,North,Credit Card,0,4,7738.28,2942.03,1,Jan,1
ORD00278,3056,2023-01-21 04:04:16.371274,Sports,2811.68,2,0,West,UPI,0,4,5623.36,2092.54,1,Jan,1
ORD00279,2682,2023-01-21 05:49:07.549509,Clothing,100.0,2,20,North,Credit Card,0,3,160.0,28.15,1,Jan,1
ORD00280,3863,2023-01-21 07:33:58.727745,Electronics,100.0,2,10,North,Credit Card,0,2,180.0,28.23,1,Jan,1
ORD00281,3255,2023-01-21 09:18:49.905981,Clothing,448.62,3,20,East,Net Banking,0,5,1076.69,424.34,1,Jan,1
ORD00282,2154,2023-01-21 11:03:41.084216,Sports,3463.9,4,15,West,Net Banking,0,4,11777.26,4582.75,1,Jan,1
ORD00283,1403,2023-01-21 12:48:32.262452,Electronics,2603.01,2,20,East,UPI,0,5,4164.82,1064.41,1,Jan,1
ORD00284,3199,2023-01-21 14:33:23.440688,Beauty,1721.99,2,0,South,COD,0,3,3443.98,560.13,1,Jan,1
ORD00285,3101,2023-01-21 16:18:14.618923,Books,1809.76,1,0,East,COD,0,4,1809.76,551.47,1,Jan,1
ORD00286,2696,2023-01-21 18:03:05.797159,Beauty,1945.62,5,30,West,Net Banking,0,2,6809.67,1520.96,1,Jan,1
ORD00287,1627,2023-01-21 19:47:56.975395,Beauty,4286.64,5,15,North,Debit Card,0,3,18218.22,6999.09,1,Jan,1
ORD00288,1586,2023-01-21 21:32:48.153630,Books,2677.39,5,20,West,Net Banking,0,4,10709.56,3734.05,1,Jan,1
ORD00289,2648,2023-01-21 23:17:39.331866,Electronics,1464.82,1,0,East,Debit Card,0,5,1464.82,457.61,1,Jan,1
ORD00290,2443,2023-01-22 01:02:30.510102,Electronics,1643.64,3,5,West,COD,0,4,4684.37,1035.84,1,Jan,1
ORD00291,2445,2023-01-22 02:47:21.688337,Electronics,360.7,1,15,West,Net Banking,0,5,306.59,99.74,1,Jan,1
ORD00292,1103,2023-01-22 04:32:12.866573,Home & Kitchen,1606.43,2,0,East,Credit Card,1,4,3212.86,714.19,1,Jan,1
ORD00293,1253,2023-01-22 06:17:04.044808,Clothing,829.24,4,10,East,Debit Card,0,4,2985.26,475.87,1,Jan,1
ORD00294,3557,2023-01-22 08:01:55.223044,Clothing,249.01,2,10,South,Debit Card,0,5,448.22,124.21,1,Jan,1
ORD00295,2496,2023-01-22 09:46:46.401280,Clothing,2462.96,2,0,South,Debit Card,0,4,4925.92,1340.69,1,Jan,1
ORD00296,1098,2023-01-22 11:31:37.579515,Beauty,1070.78,4,0,East,COD,0,4,4283.12,1459.48,1,Jan,1
ORD00297,3200,2023-01-22 13:16:28.757751,Electronics,5686.37,5,0,West,UPI,0,4,28431.85,10417.95,1,Jan,1
ORD00298,2884,2023-01-22 15:01:19.935987,Electronics,496.26,1,0,East,Credit Card,0,4,496.26,118.42,1,Jan,1
ORD00299,3961,2023-01-22 16:46:11.114222,Electronics,982.82,3,15,North,Net Banking,0,5,2506.19,657.54,1,Jan,1
ORD00300,2919,2023-01-22 18:31:02.292458,Beauty,891.3,2,0,South,Debit Card,0,3,1782.6,477.02,1,Jan,1
ORD00301,1877,2023-01-22 20:15:53.470694,Home & Kitchen,193.08,2,0,North,COD,0,1,386.16,89.22,1,Jan,1
ORD00302,1337,2023-01-22 22:00:44.648929,Clothing,832.99,3,25,West,Debit Card,0,5,1874.23,629.45,1,Jan,1
ORD00303,3869,2023-01-22 23:45:35.827165,Electronics,508.58,1,10,North,Net Banking,0,5,457.72,128.4,1,Jan,1
ORD00304,1956,2023-01-23 01:30:27.005401,Clothing,262.1,2,5,East,Credit Card,0,4,497.99,188.48,1,Jan,1
ORD00305,2704,2023-01-23 03:15:18.183636,Electronics,497.25,3,15,East,Debit Card,0,3,1267.99,396.35,1,Jan,1
ORD00306,1160,2023-01-23 05:00:09.361872,Beauty,398.4,2,25,East,COD,0,4,597.6,121.3,1,Jan,1
ORD00307,2603,2023-01-23 06:45:00.540108,Sports,1986.8,5,0,North,COD,0,2,9934.0,1899.4,1,Jan,1
ORD00308,3848,2023-01-23 08:29:51.718343,Books,100.0,5,10,North,UPI,0,4,450.0,109.39,1,Jan,1
ORD00309,1397,2023-01-23 10:14:42.896579,Sports,1441.39,2,15,North,COD,0,2,2450.36,580.08,1,Jan,1
ORD00310,2300,2023-01-23 11:59:34.074814,Electronics,2144.81,2,5,East,UPI,0,4,4075.14,1026.05,1,Jan,1
ORD00311,1815,2023-01-23 13:44:25.253050,Home & Kitchen,982.98,5,20,East,Credit Card,0,1,3931.92,770.25,1,Jan,1
ORD00312,2527,2023-01-23 15:29:16.431286,Sports,4022.81,2,30,East,Net Banking,0,4,5631.93,2222.11,1,Jan,1
ORD00313,2919,2023-01-23 17:14:07.609521,Clothing,1845.89,1,25,North,UPI,0,4,1384.42,258.09,1,Jan,1
ORD00314,2415,2023-01-23 18:58:58.787757,Sports,2067.03,1,0,North,Debit Card,0,4,2067.03,647.32,1,Jan,1
ORD00315,2158,2023-01-23 20:43:49.965993,Clothing,328.98,4,0,West,Debit Card,0,3,1315.92,201.69,1,Jan,1
ORD00316,2218,2023-01-23 22:28:41.144228,Clothing,2252.86,1,30,South,Net Banking,0,2,1577.0,396.99,1,Jan,1
ORD00317,1400,2023-01-24 00:13:32.322464,Electronics,2676.53,2,10,East,COD,0,4,4817.75,1095.05,1,Jan,1
ORD00318,1639,2023-01-24 01:58:23.500700,Clothing,672.4,2,0,North,Debit Card,0,4,1344.8,330.16,1,Jan,1
ORD00319,3735,2023-01-24 03:43:14.678935,Home & Kitchen,359.98,3,15,South,UPI,0,4,917.95,252.0,1,Jan,1
ORD00320,1459,2023-01-24 05:28:05.857171,Beauty,729.32,1,0,North,Net Banking,0,1,729.32,218.86,1,Jan,1
ORD00321,1954,2023-01-24 07:12:57.035407,Home & Kitchen,2018.35,5,0,North,Debit Card,0,5,10091.75,2985.93,1,Jan,1
ORD00322,1469,2023-01-24 08:57:48.213642,Sports,811.0,5,25,East,COD,1,5,3041.25,935.73,1,Jan,1
ORD00323,2045,2023-01-24 10:42:39.391878,Sports,2001.42,4,0,South,COD,0,4,8005.68,2891.15,1,Jan,1
ORD00324,3797,2023-01-24 12:27:30.570114,Electronics,180.82,3,0,North,Debit Card,0,4,542.46,201.62,1,Jan,1
ORD00325,2693,2023-01-24 14:12:21.748349,Books,2459.94,5,0,South,Net Banking,0,5,12299.7,4111.94,1,Jan,1
ORD00326,3085,2023-01-24 15:57:12.926585,Electronics,437.95,4,15,South,Credit Card,0,5,1489.03,252.74,1,Jan,1
ORD00327,3277,2023-01-24 17:42:04.104820,Home & Kitchen,429.38,1,0,East,Debit Card,1,5,429.38,167.6,1,Jan,1
ORD00328,1562,2023-01-24 19:26:55.283056,Beauty,1338.79,3,10,South,COD,0,4,3614.73,1398.36,1,Jan,1
ORD00329,3485,2023-01-24 21:11:46.461292,Electronics,109.05,3,15,West,Credit Card,0,5,278.08,91.19,1,Jan,1
ORD00330,2799,2023-01-24 22:56:37.639527,Home & Kitchen,100.0,2,20,West,Net Banking,0,2,160.0,44.7,1,Jan,1
ORD00331,3074,2023-01-25 00:41:28.817763,Home & Kitchen,453.74,1,0,East,COD,0,4,453.74,96.49,1,Jan,1
ORD00332,1225,2023-01-25 02:26:19.995999,Home & Kitchen,1158.5,3,20,East,Net Banking,0,4,2780.4,942.8,1,Jan,1
ORD00333,1797,2023-01-25 04:11:11.174234,Clothing,3572.71,4,0,West,Debit Card,0,4,14290.84,5279.97,1,Jan,1
ORD00334,3331,2023-01-25 05:56:02.352470,Clothing,2810.45,5,15,East,Net Banking,0,4,11944.41,3777.98,1,Jan,1
ORD00335,3926,2023-01-25 07:40:53.530706,Electronics,1011.33,1,10,South,COD,0,3,910.2,279.68,1,Jan,1
ORD00336,1959,2023-01-25 09:25:44.708941,Electronics,100.0,1,0,North,Debit Card,0,5,100.0,19.83,1,Jan,1
ORD00337,2504,2023-01-25 11:10:35.887177,Electronics,1149.39,3,15,East,COD,0,4,2930.94,701.81,1,Jan,1
ORD00338,1452,2023-01-25 12:55:27.065413,Home & Kitchen,1830.13,3,0,West,COD,0,5,5490.39,1816.13,1,Jan,1
ORD00339,1815,2023-01-25 14:40:18.243648,Electronics,621.38,3,0,North,Credit Card,0,1,1864.14,287.5,1,Jan,1
ORD00340,1658,2023-01-25 16:25:09.421884,Sports,176.59,4,5,South,UPI,1,4,671.04,208.23,1,Jan,1
ORD00341,1546,2023-01-25 18:10:00.600120,Books,489.78,2,15,North,Net Banking,0,4,832.63,284.48,1,Jan,1
ORD00342,2215,2023-01-25 19:54:51.778355,Home & Kitchen,2214.91,3,0,West,Net Banking,0,4,6644.73,1552.71,1,Jan,1
ORD00343,1016,2023-01-25 21:39:42.956591,Clothing,649.05,2,0,North,Credit Card,0,5,1298.1,219.43,1,Jan,1
ORD00344,2243,2023-01-25 23:24:34.134826,Home & Kitchen,2506.82,2,0,West,Net Banking,0,3,5013.64,1778.74,1,Jan,1
ORD00345,3205,2023-01-26 01:09:25.313062,Beauty,577.44,1,10,East,Credit Card,0,3,519.7,96.38,1,Jan,1
ORD00346,3524,2023-01-26 02:54:16.491298,Electronics,267.89,5,10,East,Net Banking,0,5,1205.5,292.58,1,Jan,1
ORD00347,2069,2023-01-26 04:39:07.669533,Clothing,858.65,5,0,West,Net Banking,0,4,4293.25,1403.09,1,Jan,1
ORD00348,3565,2023-01-26 06:23:58.847769,Sports,902.97,4,0,East,COD,0,3,3611.88,1279.5,1,Jan,1
ORD00349,3146,2023-01-26 08:08:50.026005,Electronics,100.0,4,10,South,Credit Card,0,4,360.0,131.61,1,Jan,1
ORD00350,2768,2023-01-26 09:53:41.204240,Electronics,186.72,5,20,North,Net Banking,0,4,746.88,211.07,1,Jan,1
ORD00351,2060,2023-01-26 11:38:32.382476,Clothing,306.71,5,15,West,UPI,0,4,1303.52,350.61,1,Jan,1
ORD00352,3327,2023-01-26 13:23:23.560712,Electronics,180.86,1,25,West,Credit Card,0,1,135.65,49.12,1,Jan,1
ORD00353,3544,2023-01-26 15:08:14.738947,Home & Kitchen,626.75,1,0,West,Credit Card,0,4,626.75,182.24,1,Jan,1
ORD00354,1301,2023-01-26 16:53:05.917183,Electronics,5012.53,5,30,South,Credit Card,1,4,17543.85,5169.52,1,Jan,1
ORD00355,1180,2023-01-26 18:37:57.095419,Sports,1067.65,3,5,South,COD,0,5,3042.8,786.54,1,Jan,1
ORD00356,1606,2023-01-26 20:22:48.273654,Sports,1481.5,3,30,South,Credit Card,0,5,3111.15,756.64,1,Jan,1
ORD00357,1699,2023-01-26 22:07:39.451890,Home & Kitchen,660.99,1,0,West,COD,0,4,660.99,178.56,1,Jan,1
ORD00358,1992,2023-01-26 23:52:30.630126,Home & Kitchen,586.21,2,10,South,UPI,0,4,1055.18,254.52,1,Jan,1
ORD00359,2139,2023-01-27 01:37:21.808361,Sports,100.0,5,5,East,Debit Card,0,2,475.0,112.05,1,Jan,1
ORD00360,1190,2023-01-27 03:22:12.986597,Electronics,1040.72,4,5,North,COD,0,4,3954.74,1575.63,1,Jan,1
ORD00361,3300,2023-01-27 05:07:04.164832,Sports,991.34,3,20,East,Net Banking,0,2,2379.22,556.86,1,Jan,1
ORD00362,1980,2023-01-27 06:51:55.343068,Sports,257.66,2,15,East,Credit Card,1,5,438.02,93.78,1,Jan,1
ORD00363,3975,2023-01-27 08:36:46.521304,Home & Kitchen,2167.95,3,30,South,Debit Card,0,5,4552.7,1085.73,1,Jan,1
ORD00364,3006,2023-01-27 10:21:37.699539,Home & Kitchen,1017.9,2,15,West,COD,0,4,1730.43,515.14,1,Jan,1
ORD00365,2184,2023-01-27 12:06:28.877775,Electronics,620.99,5,10,East,Net Banking,0,3,2794.46,1055.6,1,Jan,1
ORD00366,1127,2023-01-27 13:51:20.056011,Clothing,238.33,5,0,North,Debit Card,0,2,1191.65,413.46,1,Jan,1
ORD00367,3065,2023-01-27 15:36:11.234246,Sports,1204.98,5,30,South,UPI,0,5,4217.43,1520.64,1,Jan,1
ORD00368,2816,2023-01-27 17:21:02.412482,Electronics,2096.44,1,10,East,COD,0,5,1886.8,688.21,1,Jan,1
ORD00369,2758,2023-01-27 19:05:53.590718,Sports,496.93,2,15,South,COD,1,3,844.78,321.13,1,Jan,1
ORD00370,3613,2023-01-27 20:50:44.768953,Electronics,370.38,4,10,North,UPI,0,4,1333.37,278.36,1,Jan,1
ORD00371,1569,2023-01-27 22:35:35.947189,Electronics,1107.01,4,10,South,COD,0,3,3985.24,1054.46,1,Jan,1
ORD00372,2346,2023-01-28 00:20:27.125425,Electronics,253.24,5,25,West,Credit Card,0,3,949.65,233.9,1,Jan,1
ORD00373,2895,2023-01-28 02:05:18.303660,Electronics,1647.68,4,0,East,COD,0,1,6590.72,1617.82,1,Jan,1
ORD00374,3733,2023-01-28 03:50:09.481896,Books,1394.61,3,0,East,Credit Card,0,4,4183.83,1309.84,1,Jan,1
ORD00375,1625,2023-01-28 05:35:00.660132,Electronics,136.66,2,0,West,COD,0,3,273.32,68.45,1,Jan,1
ORD00376,3901,2023-01-28 07:19:51.838367,Beauty,100.0,2,20,North,Net Banking,0,1,160.0,48.65,1,Jan,1
ORD00377,2686,2023-01-28 09:04:43.016603,Home & Kitchen,1452.52,2,0,North,Net Banking,0,2,2905.04,713.39,1,Jan,1
ORD00378,1154,2023-01-28 10:49:34.194838,Electronics,522.83,3,0,South,Debit Card,0,4,1568.49,357.27,1,Jan,1
ORD00379,3537,2023-01-28 12:34:25.373074,Home & Kitchen,135.62,1,0,East,Net Banking,0,4,135.62,32.31,1,Jan,1
ORD00380,2409,2023-01-28 14:19:16.551310,Sports,2137.11,3,10,North,UPI,0,3,5770.2,2024.99,1,Jan,1
ORD00381,1784,2023-01-28 16:04:07.729545,Home & Kitchen,565.41,2,10,West,Debit Card,1,5,1017.74,305.59,1,Jan,1
ORD00382,1245,2023-01-28 17:48:58.907781,Electronics,923.17,2,0,West,Net Banking,1,3,1846.34,726.53,1,Jan,1
ORD00383,2500,2023-01-28 19:33:50.086017,Sports,405.38,2,30,West,Credit Card,0,4,567.53,203.27,1,Jan,1
ORD00384,2705,2023-01-28 21:18:41.264252,Sports,1480.54,4,30,North,COD,0,3,4145.51,1125.28,1,Jan,1
ORD00385,3806,2023-01-28 23:03:32.442488,Electronics,538.21,1,0,West,Net Banking,0,3,538.21,113.34,1,Jan,1
ORD00386,1537,2023-01-29 00:48:23.620724,Electronics,5164.01,3,15,East,Credit Card,0,2,13168.23,4193.78,1,Jan,1
ORD00387,2890,2023-01-29 02:33:14.798959,Home & Kitchen,1820.77,2,10,North,Debit Card,0,3,3277.39,1086.98,1,Jan,1
ORD00388,2841,2023-01-29 04:18:05.977195,Electronics,220.53,5,0,North,COD,1,5,1102.65,293.35,1,Jan,1
ORD00389,1920,2023-01-29 06:02:57.155431,Sports,808.57,1,0,East,Net Banking,0,4,808.57,167.76,1,Jan,1
ORD00390,3455,2023-01-29 07:47:48.333666,Clothing,730.23,5,10,West,Debit Card,0,5,3286.04,950.68,1,Jan,1
ORD00391,1524,2023-01-29 09:32:39.511902,Beauty,1146.15,1,10,North,Net Banking,0,2,1031.54,220.19,1,Jan,1
ORD00392,3875,2023-01-29 11:17:30.690138,Home & Kitchen,2767.08,2,0,East,Debit Card,0,4,5534.16,2130.65,1,Jan,1
ORD00393,2529,2023-01-29 13:02:21.868373,Electronics,1313.52,1,20,East,Net Banking,0,3,1050.82,322.83,1,Jan,1
ORD00394,3950,2023-01-29 14:47:13.046609,Electronics,100.0,1,10,South,Credit Card,0,5,90.0,20.07,1,Jan,1
ORD00395,1035,2023-01-29 16:32:04.224844,Home & Kitchen,1598.12,2,15,West,UPI,0,5,2716.8,554.04,1,Jan,1
ORD00396,1684,2023-01-29 18:16:55.403080,Sports,100.0,5,0,West,Credit Card,0,5,500.0,164.59,1,Jan,1
ORD00397,1019,2023-01-29 20:01:46.581316,Sports,2270.92,5,10,East,COD,0,1,10219.14,3341.13,1,Jan,1
ORD00398,3368,2023-01-29 21:46:37.759551,Clothing,1647.78,4,5,North,Net Banking,0,4,6261.56,1873.98,1,Jan,1
ORD00399,3559,2023-01-29 23:31:28.937787,Electronics,553.96,5,10,South,UPI,0,1,2492.82,756.76,1,Jan,1
ORD00400,1399,2023-01-30 01:16:20.116023,Electronics,518.9,5,20,South,UPI,0,1,2075.6,624.69,1,Jan,1
ORD00401,3701,2023-01-30 03:01:11.294258,Home & Kitchen,2401.26,1,20,North,COD,1,2,1921.01,461.09,1,Jan,1
ORD00402,1971,2023-01-30 04:46:02.472494,Electronics,2294.12,4,5,South,COD,1,3,8717.66,3350.66,1,Jan,1
ORD00403,2906,2023-01-30 06:30:53.650730,Clothing,651.5,2,15,North,UPI,0,4,1107.55,298.84,1,Jan,1
ORD00404,3518,2023-01-30 08:15:44.828965,Home & Kitchen,532.76,2,25,South,COD,0,4,799.14,123.93,1,Jan,1
ORD00405,2166,2023-01-30 10:00:36.007201,Beauty,1230.87,3,15,North,COD,0,4,3138.72,744.16,1,Jan,1
ORD00406,2115,2023-01-30 11:45:27.185437,Clothing,100.0,4,0,East,Net Banking,1,5,400.0,73.03,1,Jan,1
ORD00407,1833,2023-01-30 13:30:18.363672,Electronics,129.43,1,15,East,Credit Card,0,3,110.02,26.5,1,Jan,1
ORD00408,2823,2023-01-30 15:15:09.541908,Home & Kitchen,202.3,3,0,South,Debit Card,0,3,606.9,183.32,1,Jan,1
ORD00409,3774,2023-01-30 17:00:00.720144,Home & Kitchen,307.61,3,25,South,UPI,0,4,692.12,107.74,1,Jan,1
ORD00410,2982,2023-01-30 18:44:51.898379,Clothing,1076.22,2,10,East,Debit Card,0,4,1937.2,712.02,1,Jan,1
ORD00411,1853,2023-01-30 20:29:43.076615,Beauty,7288.53,5,5,West,UPI,0,3,34620.52,10475.38,1,Jan,1
ORD00412,1050,2023-01-30 22:14:34.254850,Sports,1585.98,1,0,North,UPI,0,5,1585.98,355.01,1,Jan,1
ORD00413,1574,2023-01-30 23:59:25.433086,Electronics,100.0,4,5,West,Credit Card,0,4,380.0,86.56,1,Jan,1
ORD00414,2148,2023-01-31 01:44:16.611322,Electronics,1118.49,3,25,South,UPI,0,4,2516.6,670.47,1,Jan,1
ORD00415,3197,2023-01-31 03:29:07.789557,Books,1029.69,1,0,East,UPI,0,4,1029.69,218.32,1,Jan,1
ORD00416,3361,2023-01-31 05:13:58.967793,Sports,233.52,2,10,South,Credit Card,0,4,420.34,63.51,1,Jan,1
ORD00417,3617,2023-01-31 06:58:50.146029,Electronics,3793.71,3,25,West,COD,0,4,8535.85,1337.05,1,Jan,1
ORD00418,3352,2023-01-31 08:43:41.324264,Home & Kitchen,871.78,3,5,East,Debit Card,0,4,2484.57,594.89,1,Jan,1
ORD00419,2715,2023-01-31 10:28:32.502500,Home & Kitchen,7820.73,2,10,East,UPI,0,3,14077.31,2548.77,1,Jan,1
ORD00420,1681,2023-01-31 12:13:23.680736,Electronics,817.28,2,10,East,Credit Card,1,5,1471.1,228.89,1,Jan,1
ORD00421,1837,2023-01-31 13:58:14.858971,Home & Kitchen,1404.58,2,10,North,UPI,0,4,2528.24,922.35,1,Jan,1
ORD00422,2077,2023-01-31 15:43:06.037207,Beauty,166.0,1,0,South,Credit Card,0,4,166.0,36.28,1,Jan,1
ORD00423,3491,2023-01-31 17:27:57.215443,Electronics,908.33,1,0,West,Debit Card,0,4,908.33,250.5,1,Jan,1
ORD00424,3660,2023-01-31 19:12:48.393678,Clothing,409.22,1,15,North,Net Banking,0,4,347.84,67.78,1,Jan,1
ORD00425,3311,2023-01-31 20:57:39.571914,Clothing,2707.86,5,25,West,COD,0,3,10154.48,1641.79,1,Jan,1
ORD00426,2595,2023-01-31 22:42:30.750150,Sports,2298.16,3,0,North,Net Banking,0,5,6894.48,2318.04,1,Jan,1
ORD00427,1004,2023-02-01 00:27:21.928385,Beauty,2607.44,1,0,East,Credit Card,0,5,2607.44,472.57,2,Feb,1
ORD00428,2126,2023-02-01 02:12:13.106621,Clothing,1928.91,5,5,North,UPI,0,1,9162.32,1433.25,2,Feb,1
ORD00429,2219,2023-02-01 03:57:04.284856,Sports,2681.8,3,20,South,COD,0,2,6436.32,1910.35,2,Feb,1
ORD00430,1773,2023-02-01 05:41:55.463092,Books,336.27,1,0,South,Debit Card,1,5,336.27,51.57,2,Feb,1
ORD00431,1876,2023-02-01 07:26:46.641328,Books,902.34,2,25,West,COD,0,5,1353.51,350.66,2,Feb,1
ORD00432,1991,2023-02-01 09:11:37.819563,Clothing,1765.74,4,0,East,UPI,1,4,7062.96,1569.45,2,Feb,1
ORD00433,3931,2023-02-01 10:56:28.997799,Electronics,1521.65,1,25,East,Net Banking,0,4,1141.24,262.32,2,Feb,1
ORD00434,1046,2023-02-01 12:41:20.176035,Clothing,1890.04,4,10,West,Credit Card,1,5,6804.14,1027.25,2,Feb,1
ORD00435,3914,2023-02-01 14:26:11.354270,Home & Kitchen,380.9,1,15,South,Net Banking,0,3,323.76,126.62,2,Feb,1
ORD00436,3870,2023-02-01 16:11:02.532506,Electronics,155.43,2,5,South,COD,0,4,295.32,82.47,2,Feb,1
ORD00437,3983,2023-02-01 17:55:53.710742,Beauty,3729.88,4,20,West,UPI,0,4,11935.62,3498.66,2,Feb,1
ORD00438,3703,2023-02-01 19:40:44.888977,Electronics,1232.06,5,0,East,Credit Card,0,5,6160.3,1949.92,2,Feb,1
ORD00439,1268,2023-02-01 21:25:36.067213,Electronics,250.55,2,0,West,UPI,0,1,501.1,175.07,2,Feb,1
ORD00440,1369,2023-02-01 23:10:27.245449,Books,2365.72,4,5,West,UPI,0,4,8989.74,2714.7,2,Feb,1
ORD00441,1635,2023-02-02 00:55:18.423684,Home & Kitchen,3696.42,4,25,North,COD,0,4,11089.26,3776.44,2,Feb,1
ORD00442,2129,2023-02-02 02:40:09.601920,Electronics,278.71,2,20,West,Net Banking,0,5,445.94,116.92,2,Feb,1
ORD00443,2693,2023-02-02 04:25:00.780156,Clothing,2550.79,2,10,South,UPI,0,4,4591.42,1114.88,2,Feb,1
ORD00444,2682,2023-02-02 06:09:51.958391,Beauty,4059.64,2,10,West,UPI,0,5,7307.35,2599.83,2,Feb,1
ORD00445,1656,2023-02-02 07:54:43.136627,Clothing,4179.71,3,0,East,UPI,1,5,12539.13,4593.43,2,Feb,1
ORD00446,1119,2023-02-02 09:39:34.314862,Clothing,3682.84,5,20,East,Credit Card,1,4,14731.36,2717.22,2,Feb,1
ORD00447,1830,2023-02-02 11:24:25.493098,Sports,1185.88,1,20,South,UPI,0,3,948.7,271.01,2,Feb,1
ORD00448,2810,2023-02-02 13:09:16.671334,Electronics,660.58,4,15,East,UPI,0,4,2245.97,720.76,2,Feb,1
ORD00449,2081,2023-02-02 14:54:07.849569,Books,100.0,1,10,West,COD,0,5,90.0,15.38,2,Feb,1
ORD00450,2974,2023-02-02 16:38:59.027805,Clothing,100.0,2,30,South,UPI,0,2,140.0,53.54,2,Feb,1
ORD00451,2369,2023-02-02 18:23:50.206041,Clothing,840.13,5,25,East,UPI,0,4,3150.49,882.22,2,Feb,1
ORD00452,1740,2023-02-02 20:08:41.384276,Clothing,764.55,5,15,West,COD,0,2,3249.34,1011.73,2,Feb,1
ORD00453,1116,2023-02-02 21:53:32.562512,Electronics,306.32,3,5,East,Credit Card,0,1,873.01,169.85,2,Feb,1
ORD00454,2853,2023-02-02 23:38:23.740748,Clothing,754.98,2,15,North,Net Banking,0,4,1283.47,277.37,2,Feb,1
ORD00455,3838,2023-02-03 01:23:14.918983,Electronics,287.92,4,10,East,COD,0,4,1036.51,186.83,2,Feb,1
ORD00456,2150,2023-02-03 03:08:06.097219,Sports,2833.64,3,5,South,Credit Card,1,4,8075.87,1744.39,2,Feb,1
ORD00457,2931,2023-02-03 04:52:57.275455,Clothing,531.15,2,5,West,Net Banking,0,5,1009.18,275.61,2,Feb,1
ORD00458,2012,2023-02-03 06:37:48.453690,Clothing,1369.06,3,10,West,UPI,0,2,3696.46,1324.84,2,Feb,1
ORD00459,2664,2023-02-03 08:22:39.631926,Sports,1048.27,1,10,South,COD,0,2,943.44,267.4,2,Feb,1
ORD00460,2081,2023-02-03 10:07:30.810162,Home & Kitchen,100.0,2,10,North,UPI,0,5,180.0,38.0,2,Feb,1
ORD00461,1633,2023-02-03 11:52:21.988397,Electronics,4277.03,4,0,West,COD,0,4,17108.12,2757.06,2,Feb,1
ORD00462,1512,2023-02-03 13:37:13.166633,Beauty,1123.71,4,20,South,Net Banking,0,3,3595.87,1098.51,2,Feb,1
ORD00463,3849,2023-02-03 15:22:04.344868,Electronics,589.69,2,10,East,Credit Card,0,5,1061.44,270.71,2,Feb,1
ORD00464,2119,2023-02-03 17:06:55.523104,Electronics,258.19,3,0,North,COD,0,5,774.57,306.8,2,Feb,1
ORD00465,2141,2023-02-03 18:51:46.701340,Sports,619.93,5,5,South,Credit Card,0,4,2944.67,1015.73,2,Feb,1
ORD00466,1559,2023-02-03 20:36:37.879575,Books,100.0,2,25,East,UPI,0,5,150.0,52.81,2,Feb,1
ORD00467,1487,2023-02-03 22:21:29.057811,Clothing,677.79,4,20,West,UPI,0,3,2168.93,331.97,2,Feb,1
ORD00468,1896,2023-02-04 00:06:20.236047,Electronics,1137.28,1,5,West,Net Banking,0,3,1080.42,372.15,2,Feb,1
ORD00469,2212,2023-02-04 01:51:11.414282,Books,3082.02,4,25,North,Net Banking,0,5,9246.06,1836.76,2,Feb,1
ORD00470,1703,2023-02-04 03:36:02.592518,Clothing,1744.12,5,0,East,Debit Card,0,4,8720.6,2585.21,2,Feb,1
ORD00471,2470,2023-02-04 05:20:53.770754,Beauty,177.47,4,30,South,Debit Card,0,3,496.92,130.12,2,Feb,1
ORD00472,1580,2023-02-04 07:05:44.948989,Electronics,239.81,5,0,West,Net Banking,0,4,1199.05,351.2,2,Feb,1
ORD00473,3837,2023-02-04 08:50:36.127225,Sports,838.25,2,0,South,UPI,0,4,1676.5,307.4,2,Feb,1
ORD00474,3908,2023-02-04 10:35:27.305461,Home & Kitchen,326.69,4,10,South,Credit Card,0,3,1176.08,310.75,2,Feb,1
ORD00475,3294,2023-02-04 12:20:18.483696,Sports,100.0,3,5,South,Net Banking,0,4,285.0,45.38,2,Feb,1
ORD00476,1153,2023-02-04 14:05:09.661932,Home & Kitchen,2452.25,3,10,North,Credit Card,0,1,6621.08,1061.03,2,Feb,1
ORD00477,2679,2023-02-04 15:50:00.840168,Home & Kitchen,100.0,4,20,South,Debit Card,0,4,320.0,100.62,2,Feb,1
ORD00478,1996,2023-02-04 17:34:52.018403,Clothing,2664.03,4,20,North,Credit Card,0,4,8524.9,3307.02,2,Feb,1
ORD00479,3744,2023-02-04 19:19:43.196639,Electronics,233.41,1,10,North,Net Banking,0,3,210.07,72.34,2,Feb,1
ORD00480,2243,2023-02-04 21:04:34.374874,Electronics,5514.15,4,10,East,UPI,0,3,19850.94,5305.94,2,Feb,1
ORD00481,2092,2023-02-04 22:49:25.553110,Sports,1389.03,1,0,West,Net Banking,0,5,1389.03,227.76,2,Feb,1
ORD00482,2008,2023-02-05 00:34:16.731346,Sports,1991.94,1,0,South,COD,0,4,1991.94,321.21,2,Feb,1
ORD00483,3141,2023-02-05 02:19:07.909581,Clothing,175.62,1,15,East,COD,0,4,149.28,28.28,2,Feb,1
ORD00484,2773,2023-02-05 04:03:59.087817,Electronics,2971.88,1,0,East,COD,0,3,2971.88,1170.78,2,Feb,1
ORD00485,1957,2023-02-05 05:48:50.266053,Clothing,2741.32,2,15,East,UPI,0,4,4660.24,1163.5,2,Feb,1
ORD00486,1452,2023-02-05 07:33:41.444288,Home & Kitchen,1587.61,3,10,East,Net Banking,0,4,4286.55,1546.81,2,Feb,1
ORD00487,2227,2023-02-05 09:18:32.622524,Books,1046.56,1,0,East,COD,0,3,1046.56,341.48,2,Feb,1
ORD00488,3959,2023-02-05 11:03:23.800760,Sports,1917.45,3,10,South,Net Banking,0,4,5177.12,1560.16,2,Feb,1
ORD00489,3265,2023-02-05 12:48:14.978995,Beauty,100.0,1,0,East,Debit Card,0,4,100.0,38.7,2,Feb,1
ORD00490,3521,2023-02-05 14:33:06.157231,Electronics,1346.35,3,10,West,COD,0,4,3635.14,754.67,2,Feb,1
ORD00491,3479,2023-02-05 16:17:57.335467,Books,2819.96,4,20,North,COD,0,2,9023.87,2379.8,2,Feb,1
ORD00492,3388,2023-02-05 18:02:48.513702,Clothing,662.18,4,10,North,UPI,0,2,2383.85,872.92,2,Feb,1
ORD00493,1550,2023-02-05 19:47:39.691938,Clothing,171.92,3,0,West,Net Banking,0,5,515.76,148.51,2,Feb,1
ORD00494,2635,2023-02-05 21:32:30.870174,Electronics,819.36,1,15,South,UPI,0,5,696.46,147.38,2,Feb,1
ORD00495,2312,2023-02-05 23:17:22.048409,Electronics,1948.0,2,0,North,UPI,0,4,3896.0,787.88,2,Feb,1
ORD00496,2757,2023-02-06 01:02:13.226645,Sports,170.26,3,15,West,Net Banking,0,5,434.16,146.84,2,Feb,1
ORD00497,1356,2023-02-06 02:47:04.404880,Clothing,346.1,5,10,West,Debit Card,0,4,1557.45,238.6,2,Feb,1
ORD00498,3070,2023-02-06 04:31:55.583116,Books,239.46,2,10,East,Net Banking,0,2,431.03,163.17,2,Feb,1
ORD00499,2785,2023-02-06 06:16:46.761352,Beauty,2391.44,5,25,North,Debit Card,0,3,8967.9,1386.48,2,Feb,1
ORD00500,3569,2023-02-06 08:01:37.939587,Sports,100.0,3,15,East,UPI,0,4,255.0,78.48,2,Feb,1
ORD00501,2781,2023-02-06 09:46:29.117823,Electronics,1740.35,1,0,South,Debit Card,0,4,1740.35,524.17,2,Feb,1
ORD00502,3849,2023-02-06 11:31:20.296059,Home & Kitchen,684.64,5,0,North,Debit Card,0,4,3423.2,1008.48,2,Feb,1
ORD00503,3809,2023-02-06 13:16:11.474294,Clothing,2114.6,3,25,North,Debit Card,0,5,4757.85,1277.89,2,Feb,1
ORD00504,3489,2023-02-06 15:01:02.652530,Sports,5002.42,2,0,West,COD,0,5,10004.84,3632.83,2,Feb,1
ORD00505,2631,2023-02-06 16:45:53.830766,Home & Kitchen,182.48,1,10,North,COD,0,5,164.23,51.71,2,Feb,1
ORD00506,3816,2023-02-06 18:30:45.009001,Home & Kitchen,566.16,5,15,South,UPI,0,5,2406.18,831.25,2,Feb,1
ORD00507,2015,2023-02-06 20:15:36.187237,Clothing,2492.09,3,15,South,Net Banking,1,5,6354.83,1136.75,2,Feb,1
ORD00508,2348,2023-02-06 22:00:27.365473,Sports,464.19,1,20,North,Debit Card,0,4,371.35,60.33,2,Feb,1
ORD00509,1515,2023-02-06 23:45:18.543708,Electronics,363.34,1,15,West,COD,0,3,308.84,48.53,2,Feb,1
ORD00510,3839,2023-02-07 01:30:09.721944,Electronics,2617.7,4,15,South,Net Banking,0,4,8900.18,1662.57,2,Feb,1
ORD00511,1335,2023-02-07 03:15:00.900180,Clothing,6523.74,1,20,East,Debit Card,1,4,5218.99,1653.13,2,Feb,1
ORD00512,2782,2023-02-07 04:59:52.078415,Electronics,1220.87,3,15,South,Net Banking,1,4,3113.22,851.48,2,Feb,1
ORD00513,3305,2023-02-07 06:44:43.256651,Electronics,488.7,2,10,North,Credit Card,0,5,879.66,297.38,2,Feb,1
ORD00514,1496,2023-02-07 08:29:34.434886,Sports,762.66,4,10,East,Debit Card,0,5,2745.58,543.44,2,Feb,1
ORD00515,1895,2023-02-07 10:14:25.613122,Beauty,279.73,3,15,North,Net Banking,0,4,713.31,172.44,2,Feb,1
ORD00516,3207,2023-02-07 11:59:16.791358,Clothing,2152.52,3,25,North,Debit Card,0,4,4843.17,1802.26,2,Feb,1
ORD00517,1851,2023-02-07 13:44:07.969593,Clothing,2227.34,3,0,North,Debit Card,0,5,6682.02,2565.42,2,Feb,1
ORD00518,2687,2023-02-07 15:28:59.147829,Clothing,3120.61,5,5,West,Credit Card,0,1,14822.9,5639.11,2,Feb,1
ORD00519,2931,2023-02-07 17:13:50.326065,Clothing,100.0,5,25,West,Net Banking,0,2,375.0,132.97,2,Feb,1
ORD00520,3737,2023-02-07 18:58:41.504300,Electronics,1238.24,2,10,South,UPI,0,5,2228.83,717.81,2,Feb,1
ORD00521,3427,2023-02-07 20:43:32.682536,Beauty,361.69,3,0,North,COD,0,5,1085.07,410.61,2,Feb,1
ORD00522,2568,2023-02-07 22:28:23.860772,Electronics,625.28,5,15,East,Debit Card,0,4,2657.44,873.09,2,Feb,1
ORD00523,1956,2023-02-08 00:13:15.039007,Clothing,2305.37,5,30,East,Debit Card,0,5,8068.79,3134.6,2,Feb,1
ORD00524,3738,2023-02-08 01:58:06.217243,Electronics,319.85,5,20,East,Debit Card,0,4,1279.4,199.84,2,Feb,1
ORD00525,2636,2023-02-08 03:42:57.395479,Sports,1525.58,2,15,West,Debit Card,1,4,2593.49,986.59,2,Feb,1
ORD00526,2291,2023-02-08 05:27:48.573714,Home & Kitchen,1594.43,2,0,West,COD,0,4,3188.86,921.37,2,Feb,1
ORD00527,2440,2023-02-08 07:12:39.751950,Beauty,4621.74,3,25,North,UPI,1,3,10398.91,1850.48,2,Feb,1
ORD00528,2191,2023-02-08 08:57:30.930186,Sports,2238.56,4,10,East,Credit Card,0,3,8058.82,1641.81,2,Feb,1
ORD00529,2066,2023-02-08 10:42:22.108421,Clothing,2441.67,3,25,East,UPI,0,5,5493.76,1994.45,2,Feb,1
ORD00530,1284,2023-02-08 12:27:13.286657,Electronics,1137.65,5,5,West,COD,0,3,5403.84,1494.32,2,Feb,1
ORD00531,3444,2023-02-08 14:12:04.464892,Home & Kitchen,310.13,5,0,West,Net Banking,0,3,1550.65,613.6,2,Feb,1
ORD00532,1011,2023-02-08 15:56:55.643128,Clothing,831.55,1,10,East,Credit Card,0,4,748.4,134.25,2,Feb,1
ORD00533,2630,2023-02-08 17:41:46.821364,Home & Kitchen,1196.06,3,0,East,Credit Card,0,2,3588.18,908.26,2,Feb,1
ORD00534,3546,2023-02-08 19:26:37.999599,Electronics,1701.76,5,15,South,Net Banking,0,5,7232.48,1684.94,2,Feb,1
ORD00535,1753,2023-02-08 21:11:29.177835,Electronics,1403.63,5,30,West,Debit Card,0,2,4912.7,1370.81,2,Feb,1
ORD00536,3082,2023-02-08 22:56:20.356071,Books,751.26,4,15,North,COD,0,4,2554.28,787.64,2,Feb,1
ORD00537,3774,2023-02-09 00:41:11.534306,Home & Kitchen,462.47,1,25,North,Net Banking,0,4,346.85,109.4,2,Feb,1
ORD00538,3896,2023-02-09 02:26:02.712542,Sports,276.3,3,10,East,UPI,0,5,746.01,112.14,2,Feb,1
ORD00539,1089,2023-02-09 04:10:53.890778,Electronics,1775.5,2,20,West,UPI,0,4,2840.8,489.3,2,Feb,1
ORD00540,1775,2023-02-09 05:55:45.069013,Books,1555.14,3,20,North,Net Banking,0,4,3732.34,592.57,2,Feb,1
ORD00541,3652,2023-02-09 07:40:36.247249,Electronics,1744.11,3,15,West,COD,1,5,4447.48,1628.44,2,Feb,1
ORD00542,2625,2023-02-09 09:25:27.425485,Electronics,699.08,4,10,East,Credit Card,0,2,2516.69,574.62,2,Feb,1
ORD00543,1417,2023-02-09 11:10:18.603720,Clothing,456.55,3,15,East,Credit Card,0,4,1164.2,281.46,2,Feb,1
ORD00544,1114,2023-02-09 12:55:09.781956,Electronics,2138.93,4,15,East,Debit Card,0,5,7272.36,1909.67,2,Feb,1
ORD00545,1616,2023-02-09 14:40:00.960192,Electronics,2228.49,4,0,West,COD,0,4,8913.96,3229.76,2,Feb,1
ORD00546,1825,2023-02-09 16:24:52.138427,Clothing,912.15,5,20,North,UPI,0,5,3648.6,560.21,2,Feb,1
ORD00547,2649,2023-02-09 18:09:43.316663,Clothing,1419.75,2,30,South,UPI,0,1,1987.65,357.09,2,Feb,1
ORD00548,2516,2023-02-09 19:54:34.494898,Electronics,701.46,4,10,North,Debit Card,0,1,2525.26,811.34,2,Feb,1
ORD00549,1412,2023-02-09 21:39:25.673134,Electronics,1815.73,1,15,West,UPI,0,1,1543.37,603.42,2,Feb,1
ORD00550,1728,2023-02-09 23:24:16.851370,Electronics,2709.29,1,15,North,Debit Card,0,5,2302.9,715.5,2,Feb,1
ORD00551,3808,2023-02-10 01:09:08.029605,Electronics,1748.25,2,15,South,Debit Card,0,5,2972.02,639.82,2,Feb,1
ORD00552,1675,2023-02-10 02:53:59.207841,Home & Kitchen,1077.95,4,10,North,Net Banking,1,4,3880.62,1086.44,2,Feb,1
ORD00553,2892,2023-02-10 04:38:50.386077,Clothing,920.56,2,25,South,Credit Card,0,3,1380.84,543.7,2,Feb,1
ORD00554,3504,2023-02-10 06:23:41.564312,Clothing,1542.17,5,10,West,COD,0,3,6939.76,1957.15,2,Feb,1
ORD00555,3967,2023-02-10 08:08:32.742548,Clothing,1708.27,1,0,East,COD,0,4,1708.27,415.75,2,Feb,1
ORD00556,3239,2023-02-10 09:53:23.920784,Home & Kitchen,1227.15,3,20,South,Credit Card,0,4,2945.16,724.09,2,Feb,1
ORD00557,3786,2023-02-10 11:38:15.099019,Sports,1471.01,1,15,West,COD,0,5,1250.36,489.84,2,Feb,1
ORD00558,2122,2023-02-10 13:23:06.277255,Sports,152.37,4,20,East,UPI,0,5,487.58,160.77,2,Feb,1
ORD00559,2571,2023-02-10 15:07:57.455491,Home & Kitchen,4547.52,2,0,South,UPI,0,5,9095.04,2926.72,2,Feb,1
ORD00560,1977,2023-02-10 16:52:48.633726,Books,2346.5,1,0,East,COD,0,4,2346.5,488.1,2,Feb,1
ORD00561,2008,2023-02-10 18:37:39.811962,Home & Kitchen,702.43,3,25,North,Net Banking,0,5,1580.47,458.13,2,Feb,1
ORD00562,3143,2023-02-10 20:22:30.990198,Home & Kitchen,1241.09,3,0,West,COD,1,5,3723.27,890.56,2,Feb,1
ORD00563,2687,2023-02-10 22:07:22.168433,Electronics,100.0,2,20,West,Debit Card,1,4,160.0,33.61,2,Feb,1
ORD00564,3710,2023-02-10 23:52:13.346669,Electronics,100.0,2,20,West,Debit Card,0,4,160.0,59.82,2,Feb,1
ORD00565,1036,2023-02-11 01:37:04.524904,Clothing,433.12,1,15,West,Credit Card,0,3,368.15,90.49,2,Feb,1
ORD00566,2548,2023-02-11 03:21:55.703140,Beauty,1755.33,4,0,South,UPI,0,4,7021.32,1549.58,2,Feb,1
ORD00567,3326,2023-02-11 05:06:46.881376,Books,2867.31,5,15,North,Net Banking,0,5,12186.07,4666.41,2,Feb,1
ORD00568,3264,2023-02-11 06:51:38.059611,Home & Kitchen,1228.7,3,25,East,COD,0,4,2764.58,551.08,2,Feb,1
ORD00569,3914,2023-02-11 08:36:29.237847,Clothing,1139.36,2,10,West,Debit Card,0,5,2050.85,689.86,2,Feb,1
ORD00570,1872,2023-02-11 10:21:20.416083,Clothing,772.02,5,10,West,UPI,1,1,3474.09,1088.04,2,Feb,1
ORD00571,2821,2023-02-11 12:06:11.594318,Electronics,264.39,5,10,South,UPI,0,5,1189.75,452.25,2,Feb,1
ORD00572,2296,2023-02-11 13:51:02.772554,Electronics,188.95,5,0,South,Net Banking,0,5,944.75,338.23,2,Feb,1
ORD00573,3109,2023-02-11 15:35:53.950790,Sports,2144.93,4,25,South,Net Banking,0,4,6434.79,2099.83,2,Feb,1
ORD00574,1595,2023-02-11 17:20:45.129025,Home & Kitchen,3936.33,2,25,North,Net Banking,0,5,5904.5,1350.02,2,Feb,1
ORD00575,2903,2023-02-11 19:05:36.307261,Clothing,919.52,3,30,East,Net Banking,1,4,1930.99,528.88,2,Feb,1
ORD00576,1728,2023-02-11 20:50:27.485497,Sports,1615.77,2,10,North,Debit Card,0,3,2908.39,1123.0,2,Feb,1
ORD00577,2365,2023-02-11 22:35:18.663732,Electronics,3688.12,1,20,West,Net Banking,0,3,2950.5,459.69,2,Feb,1
ORD00578,1396,2023-02-12 00:20:09.841968,Beauty,141.65,3,0,South,UPI,0,4,424.95,148.13,2,Feb,1
ORD00579,1698,2023-02-12 02:05:01.020204,Clothing,2207.66,2,15,West,UPI,1,5,3753.02,799.22,2,Feb,1
ORD00580,3224,2023-02-12 03:49:52.198439,Clothing,1438.86,3,15,East,COD,0,2,3669.09,720.07,2,Feb,1
ORD00581,2635,2023-02-12 05:34:43.376675,Clothing,1369.33,1,25,East,UPI,0,4,1027.0,213.67,2,Feb,1
ORD00582,1395,2023-02-12 07:19:34.554910,Electronics,519.11,3,20,North,UPI,0,5,1245.86,205.49,2,Feb,1
ORD00583,3492,2023-02-12 09:04:25.733146,Electronics,1727.51,5,25,North,Debit Card,0,2,6478.16,2578.28,2,Feb,1
ORD00584,1075,2023-02-12 10:49:16.911382,Home & Kitchen,2375.64,4,25,South,UPI,0,2,7126.92,2618.91,2,Feb,1
ORD00585,1264,2023-02-12 12:34:08.089617,Sports,179.63,1,25,South,Credit Card,0,4,134.72,37.76,2,Feb,1
ORD00586,3502,2023-02-12 14:18:59.267853,Sports,1143.81,3,0,West,UPI,0,3,3431.43,1128.17,2,Feb,1
ORD00587,2819,2023-02-12 16:03:50.446089,Electronics,160.15,1,20,South,COD,0,3,128.12,37.05,2,Feb,1
ORD00588,1717,2023-02-12 17:48:41.624324,Books,3090.33,5,15,South,COD,1,3,13133.9,4634.88,2,Feb,1
ORD00589,3782,2023-02-12 19:33:32.802560,Electronics,1062.81,4,5,West,Net Banking,0,3,4038.68,1458.74,2,Feb,1
ORD00590,1850,2023-02-12 21:18:23.980796,Electronics,2475.12,1,0,East,Debit Card,0,4,2475.12,515.31,2,Feb,1
ORD00591,2390,2023-02-12 23:03:15.159031,Home & Kitchen,688.5,5,15,South,COD,0,4,2926.12,775.24,2,Feb,1
ORD00592,1143,2023-02-13 00:48:06.337267,Books,200.43,5,5,South,Credit Card,0,5,952.04,293.91,2,Feb,1
ORD00593,1884,2023-02-13 02:32:57.515503,Electronics,100.0,5,10,West,Credit Card,1,4,450.0,177.57,2,Feb,1
ORD00594,1395,2023-02-13 04:17:48.693738,Electronics,495.9,3,15,West,Net Banking,0,5,1264.54,405.5,2,Feb,1
ORD00595,3995,2023-02-13 06:02:39.871974,Beauty,420.03,2,25,West,Debit Card,0,5,630.04,235.89,2,Feb,1
ORD00596,3938,2023-02-13 07:47:31.050210,Electronics,1232.67,1,20,West,Debit Card,0,5,986.14,356.52,2,Feb,1
ORD00597,2492,2023-02-13 09:32:22.228445,Clothing,100.0,2,10,West,UPI,0,4,180.0,53.19,2,Feb,1
ORD00598,2167,2023-02-13 11:17:13.406681,Books,1102.74,5,5,South,Credit Card,0,5,5238.01,1955.95,2,Feb,1
ORD00599,3616,2023-02-13 13:02:04.584916,Electronics,745.81,2,0,North,Credit Card,0,5,1491.62,364.49,2,Feb,1
ORD00600,2062,2023-02-13 14:46:55.763152,Electronics,1291.01,5,5,North,Credit Card,0,4,6132.3,1501.32,2,Feb,1
ORD00601,3156,2023-02-13 16:31:46.941388,Clothing,1818.1,5,0,North,Credit Card,0,2,9090.5,3138.42,2,Feb,1
ORD00602,2065,2023-02-13 18:16:38.119623,Sports,1508.06,4,30,South,COD,0,4,4222.57,775.42,2,Feb,1
ORD00603,2209,2023-02-13 20:01:29.297859,Books,6264.41,4,10,East,Debit Card,0,3,22551.88,5107.02,2,Feb,1
ORD00604,3982,2023-02-13 21:46:20.476095,Home & Kitchen,223.21,2,0,South,UPI,0,3,446.42,134.88,2,Feb,1
ORD00605,3445,2023-02-13 23:31:11.654330,Beauty,842.49,1,5,North,COD,0,4,800.37,204.11,2,Feb,1
ORD00606,1633,2023-02-14 01:16:02.832566,Sports,829.64,2,10,North,Debit Card,0,4,1493.35,575.21,2,Feb,1
ORD00607,2156,2023-02-14 03:00:54.010802,Clothing,809.49,1,10,West,Net Banking,0,5,728.54,283.86,2,Feb,1
ORD00608,2238,2023-02-14 04:45:45.189037,Clothing,1635.07,2,0,West,Credit Card,0,4,3270.14,901.4,2,Feb,1
ORD00609,1732,2023-02-14 06:30:36.367273,Home & Kitchen,1009.51,3,30,West,UPI,0,4,2119.97,603.69,2,Feb,1
ORD00610,1234,2023-02-14 08:15:27.545509,Home & Kitchen,1092.95,3,0,South,Debit Card,0,4,3278.85,1085.81,2,Feb,1
ORD00611,3705,2023-02-14 10:00:18.723744,Books,849.39,1,0,East,Net Banking,0,4,849.39,224.51,2,Feb,1
ORD00612,1750,2023-02-14 11:45:09.901980,Home & Kitchen,7187.15,4,0,East,Credit Card,0,4,28748.6,5678.56,2,Feb,1
ORD00613,3635,2023-02-14 13:30:01.080216,Electronics,3937.52,1,10,West,Net Banking,0,5,3543.77,1193.34,2,Feb,1
ORD00614,1953,2023-02-14 15:14:52.258451,Clothing,551.66,2,0,East,Net Banking,0,4,1103.32,369.0,2,Feb,1
ORD00615,3539,2023-02-14 16:59:43.436687,Clothing,177.49,5,0,North,COD,0,4,887.45,187.47,2,Feb,1
ORD00616,3960,2023-02-14 18:44:34.614922,Electronics,2746.67,3,5,North,Net Banking,0,4,7828.01,2804.22,2,Feb,1
ORD00617,2542,2023-02-14 20:29:25.793158,Electronics,8801.35,5,15,West,COD,0,5,37405.74,11349.36,2,Feb,1
ORD00618,2197,2023-02-14 22:14:16.971394,Home & Kitchen,519.26,3,0,West,COD,0,5,1557.78,325.69,2,Feb,1
ORD00619,2676,2023-02-14 23:59:08.149629,Books,664.25,2,5,West,Net Banking,0,4,1262.08,395.04,2,Feb,1
ORD00620,2191,2023-02-15 01:43:59.327865,Clothing,4261.51,3,10,East,Debit Card,0,4,11506.08,2397.89,2,Feb,1
ORD00621,3217,2023-02-15 03:28:50.506101,Books,1862.67,1,0,South,Net Banking,0,5,1862.67,402.91,2,Feb,1
ORD00622,2416,2023-02-15 05:13:41.684336,Books,525.69,5,10,West,Net Banking,0,5,2365.61,856.36,2,Feb,1
ORD00623,3993,2023-02-15 06:58:32.862572,Electronics,1304.99,5,0,East,Debit Card,0,4,6524.95,2494.96,2,Feb,1
ORD00624,3842,2023-02-15 08:43:24.040808,Home & Kitchen,4329.77,2,0,West,Credit Card,0,2,8659.54,1855.05,2,Feb,1
ORD00625,3681,2023-02-15 10:28:15.219043,Sports,2505.48,5,10,South,UPI,0,4,11274.66,4307.06,2,Feb,1
ORD00626,2217,2023-02-15 12:13:06.397279,Sports,2031.22,2,0,West,Credit Card,0,4,4062.44,851.89,2,Feb,1
ORD00627,2540,2023-02-15 13:57:57.575515,Home & Kitchen,2003.38,4,0,North,Net Banking,0,4,8013.52,1436.96,2,Feb,1
ORD00628,3076,2023-02-15 15:42:48.753750,Books,294.06,1,10,West,Credit Card,0,3,264.65,43.55,2,Feb,1
ORD00629,2445,2023-02-15 17:27:39.931986,Electronics,2611.72,3,25,North,UPI,1,1,5876.37,1237.14,2,Feb,1
ORD00630,3386,2023-02-15 19:12:31.110222,Clothing,484.69,3,15,North,Credit Card,0,4,1235.96,304.43,2,Feb,1
ORD00631,2519,2023-02-15 20:57:22.288457,Electronics,3996.77,3,20,East,UPI,0,5,9592.25,3663.16,2,Feb,1
ORD00632,2388,2023-02-15 22:42:13.466693,Beauty,680.35,4,25,East,Credit Card,0,5,2041.05,429.72,2,Feb,1
ORD00633,2856,2023-02-16 00:27:04.644928,Electronics,2924.31,1,30,North,COD,0,4,2047.02,494.08,2,Feb,1
ORD00634,2365,2023-02-16 02:11:55.823164,Electronics,464.35,5,20,North,Net Banking,1,5,1857.4,619.52,2,Feb,1
ORD00635,1499,2023-02-16 03:56:47.001400,Sports,1083.95,5,15,West,UPI,0,3,4606.79,1038.92,2,Feb,1
ORD00636,2680,2023-02-16 05:41:38.179635,Beauty,169.56,1,5,West,Net Banking,0,4,161.08,51.72,2,Feb,1
ORD00637,1510,2023-02-16 07:26:29.357871,Sports,1618.74,1,0,North,COD,0,2,1618.74,417.67,2,Feb,1
ORD00638,1216,2023-02-16 09:11:20.536107,Electronics,2712.56,3,15,East,Credit Card,0,5,6917.03,1377.26,2,Feb,1
ORD00639,2324,2023-02-16 10:56:11.714342,Electronics,1901.15,5,30,West,Net Banking,0,5,6654.02,2219.21,2,Feb,1
ORD00640,2155,2023-02-16 12:41:02.892578,Clothing,1111.17,1,10,West,Credit Card,1,5,1000.05,156.77,2,Feb,1
ORD00641,2827,2023-02-16 14:25:54.070814,Electronics,100.0,5,15,West,Credit Card,0,4,425.0,94.81,2,Feb,1
ORD00642,2810,2023-02-16 16:10:45.249049,Electronics,4064.5,1,10,East,Net Banking,0,5,3658.05,874.44,2,Feb,1
ORD00643,3492,2023-02-16 17:55:36.427285,Books,1833.66,2,10,North,UPI,0,5,3300.59,873.19,2,Feb,1
ORD00644,3923,2023-02-16 19:40:27.605521,Beauty,2054.83,3,10,West,UPI,0,3,5548.04,1775.19,2,Feb,1
ORD00645,2205,2023-02-16 21:25:18.783756,Clothing,2374.78,1,10,East,Net Banking,0,5,2137.3,566.07,2,Feb,1
ORD00646,3214,2023-02-16 23:10:09.961992,Home & Kitchen,2065.96,4,5,East,UPI,0,3,7850.65,2344.06,2,Feb,1
ORD00647,1090,2023-02-17 00:55:01.140228,Home & Kitchen,872.72,1,15,East,Debit Card,0,5,741.81,221.76,2,Feb,1
ORD00648,1713,2023-02-17 02:39:52.318463,Clothing,1984.26,2,25,East,Credit Card,1,2,2976.39,724.21,2,Feb,1
ORD00649,2881,2023-02-17 04:24:43.496699,Home & Kitchen,1471.35,4,25,West,Net Banking,0,3,4414.05,1692.76,2,Feb,1
ORD00650,1038,2023-02-17 06:09:34.674934,Electronics,2886.39,4,0,North,COD,0,5,11545.56,4490.8,2,Feb,1
ORD00651,1172,2023-02-17 07:54:25.853170,Electronics,2432.72,1,25,North,Net Banking,0,3,1824.54,539.08,2,Feb,1
ORD00652,1652,2023-02-17 09:39:17.031406,Home & Kitchen,100.0,2,5,East,Net Banking,0,3,190.0,31.91,2,Feb,1
ORD00653,1753,2023-02-17 11:24:08.209641,Electronics,714.36,4,5,North,Credit Card,0,4,2714.57,740.49,2,Feb,1
ORD00654,2243,2023-02-17 13:08:59.387877,Beauty,100.0,3,15,West,COD,0,5,255.0,50.01,2,Feb,1
ORD00655,2081,2023-02-17 14:53:50.566113,Electronics,161.5,3,5,North,Credit Card,1,3,460.28,124.65,2,Feb,1
ORD00656,2683,2023-02-17 16:38:41.744348,Home & Kitchen,1379.74,5,0,North,UPI,0,5,6898.7,1359.88,2,Feb,1
ORD00657,3523,2023-02-17 18:23:32.922584,Clothing,3105.09,5,5,South,Net Banking,0,5,14749.18,4807.7,2,Feb,1
ORD00658,1455,2023-02-17 20:08:24.100820,Electronics,191.45,2,15,North,Credit Card,0,4,325.46,55.36,2,Feb,1
ORD00659,1828,2023-02-17 21:53:15.279055,Electronics,899.73,4,5,North,Debit Card,0,4,3418.97,1327.68,2,Feb,1
ORD00660,1894,2023-02-17 23:38:06.457291,Home & Kitchen,3626.64,3,15,East,Net Banking,0,1,9247.93,1838.9,2,Feb,1
ORD00661,2384,2023-02-18 01:22:57.635527,Sports,2525.44,3,15,East,UPI,0,4,6439.87,2029.62,2,Feb,1
ORD00662,2958,2023-02-18 03:07:48.813762,Sports,1099.92,2,15,South,Credit Card,0,3,1869.86,709.13,2,Feb,1
ORD00663,3434,2023-02-18 04:52:39.991998,Books,2214.8,4,25,West,Credit Card,0,3,6644.4,1408.42,2,Feb,1
ORD00664,2996,2023-02-18 06:37:31.170234,Sports,1109.4,2,10,South,Debit Card,0,4,1996.92,765.97,2,Feb,1
ORD00665,3395,2023-02-18 08:22:22.348469,Home & Kitchen,258.13,1,0,North,UPI,0,4,258.13,63.8,2,Feb,1
ORD00666,1189,2023-02-18 10:07:13.526705,Home & Kitchen,199.84,3,5,North,Debit Card,1,5,569.54,222.2,2,Feb,1
ORD00667,1504,2023-02-18 11:52:04.704940,Books,313.06,2,10,West,Net Banking,1,4,563.51,221.37,2,Feb,1
ORD00668,2214,2023-02-18 13:36:55.883176,Home & Kitchen,648.3,2,15,West,COD,0,5,1102.11,217.14,2,Feb,1
ORD00669,2531,2023-02-18 15:21:47.061412,Sports,4000.27,1,0,East,Credit Card,0,3,4000.27,1431.18,2,Feb,1
ORD00670,1823,2023-02-18 17:06:38.239647,Clothing,2411.75,5,5,North,Debit Card,1,2,11455.81,2272.32,2,Feb,1
ORD00671,1928,2023-02-18 18:51:29.417883,Sports,850.57,3,20,North,Credit Card,0,4,2041.37,421.77,2,Feb,1
ORD00672,1933,2023-02-18 20:36:20.596119,Home & Kitchen,1019.09,2,15,North,Credit Card,0,1,1732.45,296.3,2,Feb,1
ORD00673,2140,2023-02-18 22:21:11.774354,Electronics,463.07,3,15,North,Debit Card,0,5,1180.83,223.34,2,Feb,1
ORD00674,1133,2023-02-19 00:06:02.952590,Electronics,1827.88,5,20,North,Credit Card,0,4,7311.52,2252.35,2,Feb,1
ORD00675,3105,2023-02-19 01:50:54.130826,Clothing,2435.04,2,20,North,UPI,0,4,3896.06,1021.99,2,Feb,1
ORD00676,1684,2023-02-19 03:35:45.309061,Books,409.5,1,15,North,UPI,0,4,348.08,121.04,2,Feb,1
ORD00677,3719,2023-02-19 05:20:36.487297,Sports,100.0,3,10,North,COD,0,4,270.0,62.91,2,Feb,1
ORD00678,3220,2023-02-19 07:05:27.665533,Electronics,1466.81,1,30,East,UPI,0,4,1026.77,402.65,2,Feb,1
ORD00679,2852,2023-02-19 08:50:18.843768,Sports,1240.06,5,10,South,Debit Card,0,1,5580.27,906.62,2,Feb,1
ORD00680,1814,2023-02-19 10:35:10.022004,Sports,771.58,5,0,North,UPI,0,2,3857.9,639.39,2,Feb,1
ORD00681,2172,2023-02-19 12:20:01.200240,Electronics,1548.79,3,0,East,COD,0,4,4646.37,1511.67,2,Feb,1
ORD00682,1079,2023-02-19 14:04:52.378475,Sports,1199.81,5,15,North,Net Banking,0,3,5099.19,1896.31,2,Feb,1
ORD00683,3933,2023-02-19 15:49:43.556711,Beauty,432.69,4,25,West,Net Banking,0,5,1298.07,452.86,2,Feb,1
ORD00684,1202,2023-02-19 17:34:34.734946,Home & Kitchen,760.57,3,0,North,Debit Card,0,3,2281.71,621.66,2,Feb,1
ORD00685,3811,2023-02-19 19:19:25.913182,Sports,838.22,4,0,South,COD,0,2,3352.88,728.95,2,Feb,1
ORD00686,2252,2023-02-19 21:04:17.091418,Beauty,3183.5,5,25,East,UPI,1,3,11938.12,1830.86,2,Feb,1
ORD00687,2699,2023-02-19 22:49:08.269653,Home & Kitchen,4862.61,3,25,West,COD,0,4,10940.87,3034.59,2,Feb,1
ORD00688,2250,2023-02-20 00:33:59.447889,Clothing,3352.41,4,0,West,Credit Card,0,1,13409.64,3605.97,2,Feb,1
ORD00689,2682,2023-02-20 02:18:50.626125,Sports,1905.05,5,5,North,COD,1,3,9048.99,2136.12,2,Feb,1
ORD00690,2555,2023-02-20 04:03:41.804360,Home & Kitchen,1319.19,2,15,South,UPI,0,4,2242.62,660.49,2,Feb,1
ORD00691,3094,2023-02-20 05:48:32.982596,Home & Kitchen,1753.21,2,5,South,Debit Card,0,4,3331.1,1106.6,2,Feb,1
ORD00692,2256,2023-02-20 07:33:24.160832,Clothing,4198.01,1,25,North,Credit Card,0,5,3148.51,1023.96,2,Feb,1
ORD00693,2549,2023-02-20 09:18:15.339067,Sports,431.52,2,0,North,COD,0,5,863.04,186.26,2,Feb,1
ORD00694,2166,2023-02-20 11:03:06.517303,Electronics,1148.97,4,0,East,Net Banking,0,3,4595.88,1361.88,2,Feb,1
ORD00695,2396,2023-02-20 12:47:57.695539,Beauty,1754.88,2,0,East,UPI,0,2,3509.76,657.0,2,Feb,1
ORD00696,3703,2023-02-20 14:32:48.873774,Clothing,1705.63,3,0,North,Debit Card,0,4,5116.89,923.09,2,Feb,1
ORD00697,1470,2023-02-20 16:17:40.052010,Electronics,436.09,3,0,North,UPI,1,5,1308.27,453.27,2,Feb,1
ORD00698,2035,2023-02-20 18:02:31.230246,Clothing,1325.49,3,0,West,COD,0,5,3976.47,1286.14,2,Feb,1
ORD00699,2353,2023-02-20 19:47:22.408481,Electronics,2383.81,2,20,South,Debit Card,0,1,3814.1,1304.35,2,Feb,1
ORD00700,3783,2023-02-20 21:32:13.586717,Home & Kitchen,966.76,2,0,East,Net Banking,0,4,1933.52,363.73,2,Feb,1
ORD00701,3831,2023-02-20 23:17:04.764952,Beauty,2364.72,1,25,North,Credit Card,0,5,1773.54,671.56,2,Feb,1
ORD00702,1967,2023-02-21 01:01:55.943188,Sports,669.16,5,5,North,COD,0,5,3178.51,582.55,2,Feb,1
ORD00703,1357,2023-02-21 02:46:47.121424,Electronics,4189.44,1,15,East,Debit Card,0,2,3561.02,1308.71,2,Feb,1
ORD00704,1667,2023-02-21 04:31:38.299659,Electronics,1145.12,4,0,West,Credit Card,1,4,4580.48,1090.59,2,Feb,1
ORD00705,1372,2023-02-21 06:16:29.477895,Sports,1359.32,3,0,West,Debit Card,0,3,4077.96,719.18,2,Feb,1
ORD00706,2031,2023-02-21 08:01:20.656131,Beauty,100.0,2,10,North,COD,0,2,180.0,39.9,2,Feb,1
ORD00707,2145,2023-02-21 09:46:11.834366,Books,279.98,5,10,South,Debit Card,1,4,1259.91,246.14,2,Feb,1
ORD00708,2371,2023-02-21 11:31:03.012602,Books,1503.32,5,20,South,Net Banking,0,3,6013.28,1639.63,2,Feb,1
ORD00709,3723,2023-02-21 13:15:54.190838,Clothing,816.76,2,20,North,Debit Card,0,5,1306.82,506.31,2,Feb,1
ORD00710,1089,2023-02-21 15:00:45.369073,Sports,1064.41,1,15,East,COD,0,5,904.75,209.87,2,Feb,1
ORD00711,3745,2023-02-21 16:45:36.547309,Home & Kitchen,100.0,5,10,South,Debit Card,0,5,450.0,136.36,2,Feb,1
ORD00712,1539,2023-02-21 18:30:27.725545,Clothing,2694.87,1,25,East,Credit Card,0,4,2021.15,753.75,2,Feb,1
ORD00713,3779,2023-02-21 20:15:18.903780,Clothing,2302.23,2,15,East,Credit Card,1,1,3913.79,1203.56,2,Feb,1
ORD00714,1868,2023-02-21 22:00:10.082016,Sports,307.5,1,30,East,UPI,0,3,215.25,51.78,2,Feb,1
ORD00715,1040,2023-02-21 23:45:01.260252,Electronics,1509.03,3,20,West,UPI,0,4,3621.67,1440.37,2,Feb,1
ORD00716,1739,2023-02-22 01:29:52.438487,Clothing,2558.22,2,0,South,Net Banking,0,4,5116.44,1007.19,2,Feb,1
ORD00717,2946,2023-02-22 03:14:43.616723,Home & Kitchen,1536.04,2,5,West,Credit Card,0,4,2918.48,819.55,2,Feb,1
ORD00718,3549,2023-02-22 04:59:34.794958,Electronics,557.46,5,10,South,UPI,0,4,2508.57,875.93,2,Feb,1
ORD00719,2224,2023-02-22 06:44:25.973194,Electronics,1601.16,5,15,North,Debit Card,0,4,6804.93,1021.84,2,Feb,1
ORD00720,1928,2023-02-22 08:29:17.151430,Sports,354.46,5,10,East,Net Banking,0,3,1595.07,519.21,2,Feb,1
ORD00721,3036,2023-02-22 10:14:08.329665,Sports,574.65,3,20,South,COD,0,4,1379.16,298.76,2,Feb,1
ORD00722,3508,2023-02-22 11:58:59.507901,Sports,411.79,3,0,South,UPI,0,4,1235.37,237.72,2,Feb,1
ORD00723,3779,2023-02-22 13:43:50.686137,Sports,1221.02,4,0,North,UPI,0,5,4884.08,1067.41,2,Feb,1
ORD00724,3799,2023-02-22 15:28:41.864372,Home & Kitchen,171.81,2,0,West,Credit Card,0,4,343.62,134.6,2,Feb,1
ORD00725,1924,2023-02-22 17:13:33.042608,Sports,4061.56,5,10,South,Net Banking,0,2,18277.02,6817.03,2,Feb,1
ORD00726,3956,2023-02-22 18:58:24.220844,Clothing,608.6,2,15,South,Credit Card,0,4,1034.62,210.48,2,Feb,1
ORD00727,2581,2023-02-22 20:43:15.399079,Home & Kitchen,370.71,1,5,West,Credit Card,0,5,352.17,63.13,2,Feb,1
ORD00728,1389,2023-02-22 22:28:06.577315,Beauty,1029.41,3,15,West,Net Banking,0,2,2625.0,632.73,2,Feb,1
ORD00729,2617,2023-02-23 00:12:57.755551,Electronics,486.51,4,0,South,Debit Card,1,5,1946.04,580.08,2,Feb,1
ORD00730,3930,2023-02-23 01:57:48.933786,Clothing,1148.27,1,0,West,UPI,0,3,1148.27,421.17,2,Feb,1
ORD00731,1255,2023-02-23 03:42:40.112022,Books,642.74,2,15,North,Credit Card,0,4,1092.66,427.8,2,Feb,1
ORD00732,1708,2023-02-23 05:27:31.290258,Electronics,212.46,3,5,North,UPI,0,5,605.51,204.53,2,Feb,1
ORD00733,2838,2023-02-23 07:12:22.468493,Electronics,463.66,5,15,East,Net Banking,0,4,1970.56,590.68,2,Feb,1
ORD00734,2944,2023-02-23 08:57:13.646729,Sports,865.55,1,20,South,Debit Card,0,4,692.44,128.51,2,Feb,1
ORD00735,3497,2023-02-23 10:42:04.824964,Beauty,100.0,3,25,North,COD,0,1,225.0,37.91,2,Feb,1
ORD00736,1009,2023-02-23 12:26:56.003200,Clothing,2208.71,2,0,North,Debit Card,0,3,4417.42,1320.84,2,Feb,1
ORD00737,3871,2023-02-23 14:11:47.181436,Electronics,1458.6,2,10,North,Net Banking,0,4,2625.48,747.65,2,Feb,1
ORD00738,1797,2023-02-23 15:56:38.359671,Electronics,1379.54,1,15,East,Debit Card,0,4,1172.61,423.92,2,Feb,1
ORD00739,1876,2023-02-23 17:41:29.537907,Sports,1184.65,1,20,West,COD,0,4,947.72,218.59,2,Feb,1
ORD00740,2028,2023-02-23 19:26:20.716143,Books,1338.54,1,20,East,Credit Card,0,5,1070.83,171.25,2,Feb,1
ORD00741,2015,2023-02-23 21:11:11.894378,Clothing,4092.04,4,0,East,Debit Card,0,4,16368.16,4189.06,2,Feb,1
ORD00742,2824,2023-02-23 22:56:03.072614,Books,100.0,5,0,East,Net Banking,0,4,500.0,196.15,2,Feb,1
ORD00743,1373,2023-02-24 00:40:54.250850,Clothing,100.0,3,10,East,Debit Card,0,4,270.0,94.2,2,Feb,1
ORD00744,3193,2023-02-24 02:25:45.429085,Books,318.85,2,15,South,COD,1,4,542.05,85.88,2,Feb,1
ORD00745,1223,2023-02-24 04:10:36.607321,Sports,274.63,2,5,South,Net Banking,0,4,521.8,192.37,2,Feb,1
ORD00746,2262,2023-02-24 05:55:27.785557,Home & Kitchen,299.86,5,0,North,Debit Card,0,4,1499.3,401.7,2,Feb,1
ORD00747,3224,2023-02-24 07:40:18.963792,Home & Kitchen,1671.86,1,15,East,Net Banking,0,5,1421.08,342.75,2,Feb,1
ORD00748,2802,2023-02-24 09:25:10.142028,Clothing,922.84,1,0,East,COD,0,4,922.84,218.42,2,Feb,1
ORD00749,1852,2023-02-24 11:10:01.320264,Home & Kitchen,7201.57,2,0,North,Credit Card,1,4,14403.14,4303.46,2,Feb,1
ORD00750,1062,2023-02-24 12:54:52.498499,Home & Kitchen,385.99,5,0,West,COD,0,4,1929.95,545.5,2,Feb,1
ORD00751,2240,2023-02-24 14:39:43.676735,Electronics,558.4,2,5,South,Credit Card,1,2,1060.96,333.31,2,Feb,1
ORD00752,3874,2023-02-24 16:24:34.854970,Home & Kitchen,6225.49,1,10,East,UPI,0,5,5602.94,1643.96,2,Feb,1
ORD00753,3842,2023-02-24 18:09:26.033206,Clothing,2673.53,3,5,West,COD,0,4,7619.56,1417.13,2,Feb,1
ORD00754,1688,2023-02-24 19:54:17.211442,Sports,951.75,1,0,West,Credit Card,0,4,951.75,203.97,2,Feb,1
ORD00755,2484,2023-02-24 21:39:08.389677,Clothing,1213.16,3,0,East,UPI,1,5,3639.48,1311.15,2,Feb,1
ORD00756,2633,2023-02-24 23:23:59.567913,Beauty,2778.97,4,0,East,UPI,0,5,11115.88,3510.56,2,Feb,1
ORD00757,3152,2023-02-25 01:08:50.746149,Electronics,983.72,5,15,West,UPI,0,4,4180.81,1095.79,2,Feb,1
ORD00758,1510,2023-02-25 02:53:41.924384,Sports,346.05,4,0,South,Net Banking,0,5,1384.2,270.82,2,Feb,1
ORD00759,1384,2023-02-25 04:38:33.102620,Home & Kitchen,2644.27,1,10,South,COD,1,3,2379.84,361.55,2,Feb,1
ORD00760,1404,2023-02-25 06:23:24.280856,Sports,1157.55,5,0,East,COD,0,4,5787.75,1319.44,2,Feb,1
ORD00761,3870,2023-02-25 08:08:15.459091,Clothing,249.16,1,0,East,COD,0,2,249.16,40.79,2,Feb,1
ORD00762,1517,2023-02-25 09:53:06.637327,Books,1056.57,5,0,North,COD,0,1,5282.85,1429.39,2,Feb,1
ORD00763,1475,2023-02-25 11:37:57.815563,Sports,799.62,5,0,North,Net Banking,0,2,3998.1,1421.13,2,Feb,1
ORD00764,3000,2023-02-25 13:22:48.993798,Electronics,3141.44,1,15,South,COD,0,4,2670.22,591.05,2,Feb,1
ORD00765,3756,2023-02-25 15:07:40.172034,Electronics,202.11,1,10,North,Credit Card,0,1,181.9,65.84,2,Feb,1
ORD00766,2668,2023-02-25 16:52:31.350270,Home & Kitchen,3121.68,5,20,West,UPI,0,4,12486.72,4072.43,2,Feb,1
ORD00767,2893,2023-02-25 18:37:22.528505,Books,1076.81,5,0,West,Net Banking,0,4,5384.05,976.21,2,Feb,1
ORD00768,3818,2023-02-25 20:22:13.706741,Clothing,777.19,1,0,West,Net Banking,0,5,777.19,241.82,2,Feb,1
ORD00769,2460,2023-02-25 22:07:04.884976,Clothing,265.05,1,5,West,COD,0,1,251.8,47.32,2,Feb,1
ORD00770,3724,2023-02-25 23:51:56.063212,Clothing,1810.05,2,20,East,UPI,0,3,2896.08,908.49,2,Feb,1
ORD00771,1713,2023-02-26 01:36:47.241448,Sports,3921.98,2,5,West,Credit Card,0,4,7451.76,1383.63,2,Feb,1
ORD00772,1082,2023-02-26 03:21:38.419683,Home & Kitchen,705.91,2,10,South,UPI,0,4,1270.64,315.28,2,Feb,1
ORD00773,2168,2023-02-26 05:06:29.597919,Sports,414.79,4,5,North,Debit Card,0,3,1576.2,459.7,2,Feb,1
ORD00774,3504,2023-02-26 06:51:20.776155,Beauty,1214.07,5,0,South,UPI,1,5,6070.35,987.0,2,Feb,1
ORD00775,2901,2023-02-26 08:36:11.954390,Books,2385.82,3,25,East,Credit Card,0,3,5368.1,1010.96,2,Feb,1
ORD00776,3048,2023-02-26 10:21:03.132626,Electronics,100.0,4,10,North,Credit Card,0,5,360.0,82.84,2,Feb,1
ORD00777,1050,2023-02-26 12:05:54.310862,Electronics,1496.97,5,20,North,Credit Card,0,3,5987.88,1590.26,2,Feb,1
ORD00778,1684,2023-02-26 13:50:45.489097,Clothing,1361.43,3,15,North,Net Banking,0,5,3471.65,1265.84,2,Feb,1
ORD00779,1716,2023-02-26 15:35:36.667333,Beauty,574.42,2,10,West,Net Banking,0,4,1033.96,203.5,2,Feb,1
ORD00780,2469,2023-02-26 17:20:27.845569,Books,900.64,3,0,East,Debit Card,1,5,2701.92,640.0,2,Feb,1
ORD00781,1448,2023-02-26 19:05:19.023804,Clothing,425.46,1,15,South,UPI,0,4,361.64,97.26,2,Feb,1
ORD00782,1880,2023-02-26 20:50:10.202040,Clothing,2340.16,1,0,West,COD,0,1,2340.16,524.07,2,Feb,1
ORD00783,1487,2023-02-26 22:35:01.380276,Home & Kitchen,1509.88,5,10,North,Debit Card,0,4,6794.46,2082.07,2,Feb,1
ORD00784,2823,2023-02-27 00:19:52.558511,Home & Kitchen,1141.21,4,15,South,COD,0,4,3880.11,830.93,2,Feb,1
ORD00785,3081,2023-02-27 02:04:43.736747,Electronics,747.67,2,20,South,COD,0,2,1196.27,410.43,2,Feb,1
ORD00786,3142,2023-02-27 03:49:34.914982,Beauty,516.66,5,15,South,Debit Card,0,3,2195.8,606.67,2,Feb,1
ORD00787,2574,2023-02-27 05:34:26.093218,Books,2595.18,2,15,East,UPI,0,5,4411.81,756.96,2,Feb,1
ORD00788,3201,2023-02-27 07:19:17.271454,Electronics,900.6,1,0,West,COD,0,1,900.6,276.26,2,Feb,1
ORD00789,1249,2023-02-27 09:04:08.449689,Sports,1044.07,4,5,East,Net Banking,1,4,3967.47,1159.73,2,Feb,1
ORD00790,1673,2023-02-27 10:48:59.627925,Electronics,1103.55,4,0,North,Net Banking,0,4,4414.2,1035.79,2,Feb,1
ORD00791,1437,2023-02-27 12:33:50.806161,Beauty,892.31,1,15,North,Debit Card,0,4,758.46,115.88,2,Feb,1
ORD00792,3165,2023-02-27 14:18:41.984396,Beauty,443.75,3,30,South,COD,0,1,931.87,186.54,2,Feb,1
ORD00793,1770,2023-02-27 16:03:33.162632,Home & Kitchen,192.33,4,0,South,Debit Card,1,4,769.32,193.43,2,Feb,1
ORD00794,1267,2023-02-27 17:48:24.340868,Sports,155.6,3,0,South,Net Banking,0,1,466.8,93.35,2,Feb,1
ORD00795,2984,2023-02-27 19:33:15.519103,Clothing,2124.9,2,10,East,Debit Card,1,3,3824.82,1125.92,2,Feb,1
ORD00796,2077,2023-02-27 21:18:06.697339,Beauty,379.49,4,25,West,COD,0,4,1138.47,373.51,2,Feb,1
ORD00797,1235,2023-02-27 23:02:57.875575,Books,100.0,1,10,East,COD,0,5,90.0,32.76,2,Feb,1
ORD00798,1388,2023-02-28 00:47:49.053810,Home & Kitchen,2395.65,3,0,North,Net Banking,0,2,7186.95,2240.5,2,Feb,1
ORD00799,1762,2023-02-28 02:32:40.232046,Beauty,250.96,2,30,South,Credit Card,0,3,351.34,113.22,2,Feb,1
ORD00800,2848,2023-02-28 04:17:31.410282,Beauty,1471.83,2,20,South,Credit Card,0,4,2354.93,711.45,2,Feb,1
ORD00801,3448,2023-02-28 06:02:22.588517,Sports,620.19,4,0,East,UPI,0,4,2480.76,983.3,2,Feb,1
ORD00802,1623,2023-02-28 07:47:13.766753,Clothing,202.84,4,25,North,Net Banking,0,4,608.52,130.98,2,Feb,1
ORD00803,3814,2023-02-28 09:32:04.944988,Beauty,802.88,5,10,West,UPI,0,5,3612.96,782.44,2,Feb,1
ORD00804,3966,2023-02-28 11:16:56.123224,Home & Kitchen,100.0,5,5,South,Net Banking,0,5,475.0,86.25,2,Feb,1
ORD00805,2252,2023-02-28 13:01:47.301460,Beauty,2758.7,4,10,South,COD,0,4,9931.32,2695.57,2,Feb,1
ORD00806,3900,2023-02-28 14:46:38.479695,Home & Kitchen,1080.77,5,20,North,Net Banking,0,4,4323.08,752.39,2,Feb,1
ORD00807,1577,2023-02-28 16:31:29.657931,Clothing,224.77,1,15,South,Debit Card,1,5,191.05,41.56,2,Feb,1
ORD00808,3122,2023-02-28 18:16:20.836167,Clothing,405.71,1,0,West,UPI,0,2,405.71,109.81,2,Feb,1
ORD00809,1434,2023-02-28 20:01:12.014402,Home & Kitchen,891.24,5,30,East,Net Banking,0,4,3119.34,1214.67,2,Feb,1
ORD00810,3150,2023-02-28 21:46:03.192638,Sports,313.99,4,0,North,UPI,0,4,1255.96,491.02,2,Feb,1
ORD00811,1763,2023-02-28 23:30:54.370874,Clothing,469.19,1,15,South,Net Banking,0,3,398.81,133.97,2,Feb,1
ORD00812,3785,2023-03-01 01:15:45.549109,Home & Kitchen,1146.6,2,15,South,Credit Card,0,5,1949.22,482.07,3,Mar,1
ORD00813,3853,2023-03-01 03:00:36.727345,Clothing,2681.13,4,0,West,UPI,0,5,10724.52,3928.29,3,Mar,1
ORD00814,2329,2023-03-01 04:45:27.905581,Sports,770.84,3,0,East,COD,0,4,2312.52,853.01,3,Mar,1
ORD00815,3145,2023-03-01 06:30:19.083816,Books,1893.33,3,25,West,COD,0,5,4259.99,1608.36,3,Mar,1
ORD00816,3845,2023-03-01 08:15:10.262052,Electronics,3139.51,4,10,East,Net Banking,0,4,11302.24,3503.77,3,Mar,1
ORD00817,2358,2023-03-01 10:00:01.440288,Electronics,365.6,5,15,West,COD,0,5,1553.8,311.46,3,Mar,1
ORD00818,3906,2023-03-01 11:44:52.618523,Electronics,2469.09,1,10,East,COD,0,3,2222.18,383.93,3,Mar,1
ORD00819,3482,2023-03-01 13:29:43.796759,Books,2124.53,1,15,South,UPI,0,3,1805.85,683.86,3,Mar,1
ORD00820,1446,2023-03-01 15:14:34.974994,Electronics,662.27,4,10,South,Net Banking,0,3,2384.17,390.73,3,Mar,1
ORD00821,3017,2023-03-01 16:59:26.153230,Electronics,6837.42,2,0,South,UPI,0,4,13674.84,3062.79,3,Mar,1
ORD00822,2331,2023-03-01 18:44:17.331466,Beauty,456.88,5,5,North,Net Banking,0,3,2170.18,589.73,3,Mar,1
ORD00823,1248,2023-03-01 20:29:08.509701,Sports,441.16,2,25,East,COD,0,3,661.74,102.9,3,Mar,1
ORD00824,1165,2023-03-01 22:13:59.687937,Books,2219.32,4,10,North,Net Banking,0,5,7989.55,3009.89,3,Mar,1
ORD00825,2358,2023-03-01 23:58:50.866173,Beauty,855.48,4,0,East,Net Banking,0,5,3421.92,758.91,3,Mar,1
ORD00826,2019,2023-03-02 01:43:42.044408,Electronics,602.5,2,25,South,Debit Card,0,4,903.75,142.0,3,Mar,1
ORD00827,1541,2023-03-02 03:28:33.222644,Home & Kitchen,295.23,3,20,North,Net Banking,0,5,708.55,282.28,3,Mar,1
ORD00828,1758,2023-03-02 05:13:24.400880,Home & Kitchen,2174.38,4,0,North,Debit Card,0,5,8697.52,1981.72,3,Mar,1
ORD00829,3128,2023-03-02 06:58:15.579115,Books,2314.93,5,30,West,UPI,0,4,8102.25,2991.28,3,Mar,1
ORD00830,3180,2023-03-02 08:43:06.757351,Clothing,1254.02,2,15,East,Debit Card,1,4,2131.83,561.46,3,Mar,1
ORD00831,1796,2023-03-02 10:27:57.935587,Books,4730.81,3,0,West,UPI,0,5,14192.43,4481.71,3,Mar,1
ORD00832,3947,2023-03-02 12:12:49.113822,Clothing,574.45,2,0,North,Net Banking,0,4,1148.9,241.58,3,Mar,1
ORD00833,1137,2023-03-02 13:57:40.292058,Home & Kitchen,371.96,3,15,North,UPI,0,2,948.5,261.52,3,Mar,1
ORD00834,3231,2023-03-02 15:42:31.470294,Electronics,1697.32,3,20,South,COD,0,4,4073.57,873.43,3,Mar,1
ORD00835,2353,2023-03-02 17:27:22.648529,Electronics,2130.76,5,0,West,Net Banking,0,4,10653.8,4131.23,3,Mar,1
ORD00836,3832,2023-03-02 19:12:13.826765,Electronics,382.16,4,0,West,Debit Card,0,5,1528.64,252.59,3,Mar,1
ORD00837,2875,2023-03-02 20:57:05.005001,Clothing,119.56,3,5,West,Credit Card,0,4,340.75,74.51,3,Mar,1
ORD00838,1068,2023-03-02 22:41:56.183236,Books,2495.18,4,10,East,Net Banking,0,5,8982.65,3353.02,3,Mar,1
ORD00839,3593,2023-03-03 00:26:47.361472,Electronics,5626.26,5,0,North,COD,0,5,28131.3,7595.7,3,Mar,1
ORD00840,3100,2023-03-03 02:11:38.539707,Sports,1552.07,4,0,West,UPI,0,4,6208.28,1862.61,3,Mar,1
ORD00841,2473,2023-03-03 03:56:29.717943,Clothing,488.32,1,15,South,Debit Card,0,5,415.07,129.89,3,Mar,1
ORD00842,1204,2023-03-03 05:41:20.896179,Electronics,8558.35,3,20,North,Debit Card,0,3,20540.04,3445.22,3,Mar,1
ORD00843,3173,2023-03-03 07:26:12.074414,Home & Kitchen,3356.13,5,10,South,COD,0,4,15102.58,2332.36,3,Mar,1
ORD00844,1042,2023-03-03 09:11:03.252650,Electronics,1080.41,2,5,North,COD,0,5,2052.78,789.21,3,Mar,1
ORD00845,2906,2023-03-03 10:55:54.430886,Home & Kitchen,2617.21,5,10,South,Net Banking,0,4,11777.44,2566.02,3,Mar,1
ORD00846,3158,2023-03-03 12:40:45.609121,Home & Kitchen,2537.77,3,5,West,Credit Card,0,5,7232.64,1772.56,3,Mar,1
ORD00847,1760,2023-03-03 14:25:36.787357,Electronics,4095.42,5,30,West,Credit Card,0,3,14333.97,4594.37,3,Mar,1
ORD00848,3895,2023-03-03 16:10:27.965593,Electronics,2757.56,2,20,South,UPI,0,5,4412.1,922.46,3,Mar,1
ORD00849,3142,2023-03-03 17:55:19.143828,Clothing,1547.89,1,0,East,Debit Card,0,3,1547.89,515.86,3,Mar,1
ORD00850,2994,2023-03-03 19:40:10.322064,Electronics,1409.74,3,5,South,Net Banking,0,4,4017.76,1062.94,3,Mar,1
ORD00851,2935,2023-03-03 21:25:01.500300,Electronics,944.86,3,10,North,Debit Card,0,4,2551.12,929.0,3,Mar,1
ORD00852,1899,2023-03-03 23:09:52.678535,Clothing,1477.2,5,15,South,Net Banking,0,4,6278.1,1378.89,3,Mar,1
ORD00853,1359,2023-03-04 00:54:43.856771,Clothing,2378.7,4,10,South,COD,0,3,8563.32,1720.85,3,Mar,1
ORD00854,3947,2023-03-04 02:39:35.035007,Books,5212.47,4,20,North,UPI,0,4,16679.9,5970.1,3,Mar,1
ORD00855,2719,2023-03-04 04:24:26.213242,Home & Kitchen,944.66,2,20,West,COD,0,4,1511.46,350.03,3,Mar,1
ORD00856,1280,2023-03-04 06:09:17.391478,Home & Kitchen,1278.75,1,10,North,Debit Card,0,4,1150.88,291.13,3,Mar,1
ORD00857,2887,2023-03-04 07:54:08.569713,Electronics,882.66,1,25,South,UPI,0,4,662.0,230.66,3,Mar,1
ORD00858,1666,2023-03-04 09:38:59.747949,Electronics,1656.14,5,20,North,Net Banking,0,4,6624.56,2046.29,3,Mar,1
ORD00859,1092,2023-03-04 11:23:50.926185,Sports,1491.06,5,20,South,Net Banking,0,5,5964.24,1553.28,3,Mar,1
ORD00860,1671,2023-03-04 13:08:42.104420,Home & Kitchen,100.0,4,30,West,UPI,0,5,280.0,59.49,3,Mar,1
ORD00861,2969,2023-03-04 14:53:33.282656,Sports,1168.59,1,0,South,COD,0,4,1168.59,398.55,3,Mar,1
ORD00862,1060,2023-03-04 16:38:24.460892,Clothing,138.97,1,0,South,UPI,0,4,138.97,27.11,3,Mar,1
ORD00863,3681,2023-03-04 18:23:15.639127,Home & Kitchen,100.0,1,25,West,COD,1,4,75.0,28.66,3,Mar,1
ORD00864,2028,2023-03-04 20:08:06.817363,Books,2349.55,2,20,North,UPI,0,2,3759.28,705.16,3,Mar,1
ORD00865,2489,2023-03-04 21:52:57.995599,Clothing,448.92,2,25,East,COD,0,4,673.38,236.51,3,Mar,1
ORD00866,1603,2023-03-04 23:37:49.173834,Books,624.76,5,0,East,Credit Card,0,3,3123.8,799.89,3,Mar,1
ORD00867,1681,2023-03-05 01:22:40.352070,Books,100.0,4,15,South,UPI,0,3,340.0,66.81,3,Mar,1
ORD00868,3581,2023-03-05 03:07:31.530306,Electronics,296.76,3,0,South,COD,0,4,890.28,223.1,3,Mar,1
ORD00869,2428,2023-03-05 04:52:22.708541,Clothing,2176.12,4,10,West,Debit Card,0,4,7834.03,1609.02,3,Mar,1
ORD00870,3885,2023-03-05 06:37:13.886777,Sports,1020.44,2,0,North,Debit Card,0,3,2040.88,375.52,3,Mar,1
ORD00871,3692,2023-03-05 08:22:05.065013,Beauty,3188.77,2,0,East,UPI,0,5,6377.54,1337.94,3,Mar,1
ORD00872,3280,2023-03-05 10:06:56.243248,Clothing,759.36,5,0,East,UPI,0,5,3796.8,1392.85,3,Mar,1
ORD00873,1523,2023-03-05 11:51:47.421484,Clothing,469.4,3,15,West,Net Banking,0,5,1196.97,211.25,3,Mar,1
ORD00874,3393,2023-03-05 13:36:38.599719,Electronics,640.65,1,5,West,COD,1,4,608.62,239.27,3,Mar,1
ORD00875,3593,2023-03-05 15:21:29.777955,Home & Kitchen,1871.22,3,0,East,UPI,0,2,5613.66,849.06,3,Mar,1
ORD00876,2968,2023-03-05 17:06:20.956191,Clothing,1214.54,3,5,North,Debit Card,0,2,3461.44,1088.83,3,Mar,1
ORD00877,2101,2023-03-05 18:51:12.134426,Beauty,3518.1,3,0,North,Debit Card,0,3,10554.3,3843.12,3,Mar,1
ORD00878,2753,2023-03-05 20:36:03.312662,Clothing,1382.59,5,25,North,Debit Card,0,3,5184.71,1988.28,3,Mar,1
ORD00879,2836,2023-03-05 22:20:54.490898,Clothing,1018.92,2,5,South,COD,0,5,1935.95,360.08,3,Mar,1
ORD00880,3841,2023-03-06 00:05:45.669133,Home & Kitchen,2310.94,1,5,North,Credit Card,1,5,2195.39,712.52,3,Mar,1
ORD00881,3296,2023-03-06 01:50:36.847369,Sports,4421.38,3,20,South,UPI,0,5,10611.31,1876.48,3,Mar,1
ORD00882,3094,2023-03-06 03:35:28.025605,Books,659.73,1,15,South,Credit Card,1,5,560.77,133.55,3,Mar,1
ORD00883,2144,2023-03-06 05:20:19.203840,Clothing,431.28,3,15,West,COD,0,4,1099.76,366.2,3,Mar,1
ORD00884,3261,2023-03-06 07:05:10.382076,Beauty,1436.52,2,15,South,UPI,0,5,2442.08,577.54,3,Mar,1
ORD00885,3286,2023-03-06 08:50:01.560312,Electronics,1036.34,1,25,South,Net Banking,0,5,777.25,177.48,3,Mar,1
ORD00886,2079,2023-03-06 10:34:52.738547,Sports,6790.31,4,0,West,UPI,0,4,27161.24,4862.23,3,Mar,1
ORD00887,3397,2023-03-06 12:19:43.916783,Electronics,930.85,2,30,North,UPI,0,3,1303.19,217.12,3,Mar,1
ORD00888,1106,2023-03-06 14:04:35.095019,Sports,115.86,1,20,North,UPI,0,3,92.69,16.57,3,Mar,1
ORD00889,3878,2023-03-06 15:49:26.273254,Home & Kitchen,5682.66,3,10,East,UPI,1,4,15343.18,5659.62,3,Mar,1
ORD00890,1047,2023-03-06 17:34:17.451490,Clothing,2782.88,3,15,East,UPI,0,4,7096.34,1084.32,3,Mar,1
ORD00891,1336,2023-03-06 19:19:08.629725,Sports,294.48,2,15,South,COD,0,5,500.62,161.81,3,Mar,1
ORD00892,2049,2023-03-06 21:03:59.807961,Electronics,3524.6,2,0,East,UPI,0,4,7049.2,2411.93,3,Mar,1
ORD00893,3851,2023-03-06 22:48:50.986197,Electronics,624.79,3,0,West,COD,0,4,1874.37,547.26,3,Mar,1
ORD00894,2280,2023-03-07 00:33:42.164432,Home & Kitchen,710.08,1,30,East,UPI,0,1,497.06,165.37,3,Mar,1
ORD00895,3055,2023-03-07 02:18:33.342668,Clothing,3552.95,4,10,East,UPI,0,4,12790.62,4004.33,3,Mar,1
ORD00896,1624,2023-03-07 04:03:24.520904,Home & Kitchen,1132.9,5,5,South,COD,0,4,5381.28,1420.06,3,Mar,1
ORD00897,2890,2023-03-07 05:48:15.699139,Electronics,222.34,2,20,West,UPI,0,5,355.74,87.4,3,Mar,1
ORD00898,2276,2023-03-07 07:33:06.877375,Electronics,690.81,3,10,East,Debit Card,1,4,1865.19,718.72,3,Mar,1
ORD00899,2715,2023-03-07 09:17:58.055611,Electronics,1920.73,1,0,North,UPI,0,5,1920.73,754.82,3,Mar,1
ORD00900,3766,2023-03-07 11:02:49.233846,Electronics,287.08,2,15,West,Net Banking,0,4,488.04,152.67,3,Mar,1
ORD00901,1302,2023-03-07 12:47:40.412082,Books,1338.24,1,15,West,COD,0,4,1137.5,226.73,3,Mar,1
ORD00902,1638,2023-03-07 14:32:31.590318,Sports,1782.51,2,0,South,UPI,0,5,3565.02,933.95,3,Mar,1
ORD00903,1055,2023-03-07 16:17:22.768553,Beauty,632.06,3,30,West,UPI,0,5,1327.33,363.87,3,Mar,1
ORD00904,1725,2023-03-07 18:02:13.946789,Sports,1775.67,1,0,West,COD,0,3,1775.67,602.83,3,Mar,1
ORD00905,1525,2023-03-07 19:47:05.125025,Electronics,3233.93,3,10,West,Credit Card,0,5,8731.61,2767.43,3,Mar,1
ORD00906,1473,2023-03-07 21:31:56.303260,Clothing,958.32,1,0,West,Debit Card,0,3,958.32,267.09,3,Mar,1
ORD00907,1027,2023-03-07 23:16:47.481496,Electronics,724.11,2,15,West,Debit Card,0,4,1230.99,394.03,3,Mar,1
ORD00908,3125,2023-03-08 01:01:38.659731,Clothing,433.84,5,5,West,UPI,0,2,2060.74,321.5,3,Mar,1
ORD00909,1364,2023-03-08 02:46:29.837967,Books,1390.29,5,5,West,COD,0,4,6603.88,2272.78,3,Mar,1
ORD00910,3713,2023-03-08 04:31:21.016203,Electronics,3178.55,4,20,North,Net Banking,0,4,10171.36,2063.85,3,Mar,1
ORD00911,1525,2023-03-08 06:16:12.194438,Electronics,588.81,4,0,West,UPI,0,4,2355.24,739.79,3,Mar,1
ORD00912,3746,2023-03-08 08:01:03.372674,Beauty,756.86,3,20,South,Debit Card,0,4,1816.46,324.23,3,Mar,1
ORD00913,2335,2023-03-08 09:45:54.550910,Books,782.89,1,10,North,UPI,0,4,704.6,125.85,3,Mar,1
ORD00914,1882,2023-03-08 11:30:45.729145,Clothing,1234.24,4,30,West,COD,0,3,3455.87,549.19,3,Mar,1
ORD00915,2030,2023-03-08 13:15:36.907381,Electronics,388.95,2,10,East,Net Banking,0,5,700.11,264.33,3,Mar,1
ORD00916,2026,2023-03-08 15:00:28.085617,Electronics,2590.74,5,0,South,Credit Card,0,4,12953.7,3900.87,3,Mar,1
ORD00917,2646,2023-03-08 16:45:19.263852,Sports,525.62,1,0,North,Net Banking,0,4,525.62,126.41,3,Mar,1
ORD00918,1918,2023-03-08 18:30:10.442088,Electronics,1833.02,5,25,South,UPI,0,5,6873.83,2384.84,3,Mar,1
ORD00919,3797,2023-03-08 20:15:01.620324,Clothing,1079.9,1,20,North,Debit Card,0,3,863.92,264.81,3,Mar,1
ORD00920,3410,2023-03-08 21:59:52.798559,Electronics,1322.46,4,5,East,COD,0,4,5025.35,1532.83,3,Mar,1
ORD00921,2774,2023-03-08 23:44:43.976795,Books,296.96,4,15,South,UPI,0,4,1009.66,274.39,3,Mar,1
ORD00922,2531,2023-03-09 01:29:35.155031,Electronics,1992.17,3,10,South,Credit Card,1,2,5378.86,817.49,3,Mar,1
ORD00923,3853,2023-03-09 03:14:26.333266,Sports,313.53,1,30,North,COD,0,4,219.47,47.1,3,Mar,1
ORD00924,3786,2023-03-09 04:59:17.511502,Sports,180.67,2,25,North,COD,0,5,271.0,48.04,3,Mar,1
ORD00925,2906,2023-03-09 06:44:08.689737,Sports,1186.73,4,30,East,COD,0,3,3322.84,1048.7,3,Mar,1
ORD00926,2215,2023-03-09 08:28:59.867973,Clothing,1853.18,3,25,West,UPI,1,4,4169.66,884.62,3,Mar,1
ORD00927,2654,2023-03-09 10:13:51.046209,Sports,100.0,4,25,North,Credit Card,0,4,300.0,78.76,3,Mar,1
ORD00928,1484,2023-03-09 11:58:42.224444,Books,107.88,5,0,North,UPI,1,4,539.4,128.57,3,Mar,1
ORD00929,3075,2023-03-09 13:43:33.402680,Clothing,2434.39,4,20,North,COD,0,5,7790.05,1447.39,3,Mar,1
ORD00930,1713,2023-03-09 15:28:24.580916,Home & Kitchen,2483.48,1,15,East,COD,1,5,2110.96,822.41,3,Mar,1
ORD00931,2062,2023-03-09 17:13:15.759151,Electronics,422.16,3,30,West,Debit Card,1,4,886.54,339.86,3,Mar,1
ORD00932,2976,2023-03-09 18:58:06.937387,Electronics,1432.66,1,10,West,Net Banking,0,5,1289.39,220.68,3,Mar,1
ORD00933,2296,2023-03-09 20:42:58.115623,Home & Kitchen,878.27,2,0,East,UPI,0,5,1756.54,626.81,3,Mar,1
ORD00934,2254,2023-03-09 22:27:49.293858,Electronics,1502.35,2,10,West,Credit Card,0,4,2704.23,735.8,3,Mar,1
ORD00935,3133,2023-03-10 00:12:40.472094,Home & Kitchen,2980.34,4,15,South,COD,1,5,10133.16,3480.07,3,Mar,1
ORD00936,1125,2023-03-10 01:57:31.650330,Clothing,124.84,3,0,East,UPI,1,5,374.52,70.33,3,Mar,1
ORD00937,3859,2023-03-10 03:42:22.828565,Sports,2257.51,3,5,North,Net Banking,0,3,6433.9,1177.84,3,Mar,1
ORD00938,1536,2023-03-10 05:27:14.006801,Beauty,1018.95,3,10,West,UPI,0,4,2751.17,1025.33,3,Mar,1
ORD00939,3192,2023-03-10 07:12:05.185037,Sports,1245.61,3,5,South,Net Banking,0,5,3549.99,1329.31,3,Mar,1
ORD00940,3072,2023-03-10 08:56:56.363272,Clothing,1591.68,4,5,East,UPI,0,4,6048.38,1611.76,3,Mar,1
ORD00941,2603,2023-03-10 10:41:47.541508,Electronics,3838.6,1,0,East,Debit Card,0,5,3838.6,1410.84,3,Mar,1
ORD00942,1066,2023-03-10 12:26:38.719743,Books,100.0,4,25,North,UPI,0,4,300.0,95.06,3,Mar,1
ORD00943,1232,2023-03-10 14:11:29.897979,Electronics,100.0,1,20,North,Debit Card,1,4,80.0,15.7,3,Mar,1
ORD00944,3156,2023-03-10 15:56:21.076215,Electronics,294.5,5,0,East,Net Banking,0,3,1472.5,341.97,3,Mar,1
ORD00945,2169,2023-03-10 17:41:12.254450,Home & Kitchen,6451.8,5,20,South,COD,0,4,25807.2,4748.92,3,Mar,1
ORD00946,3158,2023-03-10 19:26:03.432686,Books,1883.3,1,15,North,COD,0,4,1600.8,549.85,3,Mar,1
ORD00947,3275,2023-03-10 21:10:54.610922,Beauty,1430.37,4,0,East,UPI,1,5,5721.48,2267.5,3,Mar,1
ORD00948,1110,2023-03-10 22:55:45.789157,Electronics,100.0,2,5,East,Credit Card,0,4,190.0,54.45,3,Mar,1
ORD00949,2493,2023-03-11 00:40:36.967393,Clothing,3169.31,4,15,North,UPI,0,2,10775.65,3383.19,3,Mar,1
ORD00950,3081,2023-03-11 02:25:28.145629,Electronics,2513.02,2,10,West,Debit Card,0,4,4523.44,1522.24,3,Mar,1
ORD00951,1622,2023-03-11 04:10:19.323864,Beauty,1639.54,4,20,South,Debit Card,0,4,5246.53,1081.13,3,Mar,1
ORD00952,3795,2023-03-11 05:55:10.502100,Sports,621.3,3,10,West,Net Banking,0,5,1677.51,392.54,3,Mar,1
ORD00953,3642,2023-03-11 07:40:01.680336,Sports,109.67,3,0,West,UPI,0,5,329.01,83.27,3,Mar,1
ORD00954,3472,2023-03-11 09:24:52.858571,Beauty,1301.39,5,30,South,Net Banking,0,4,4554.86,1360.3,3,Mar,1
ORD00955,3660,2023-03-11 11:09:44.036807,Books,1907.81,5,0,South,Credit Card,0,2,9539.05,3459.08,3,Mar,1
ORD00956,2541,2023-03-11 12:54:35.215043,Books,148.47,1,15,North,COD,1,3,126.2,26.95,3,Mar,1
ORD00957,3739,2023-03-11 14:39:26.393278,Clothing,1506.73,2,0,North,COD,0,3,3013.46,806.77,3,Mar,1
ORD00958,2305,2023-03-11 16:24:17.571514,Home & Kitchen,506.08,3,5,North,UPI,0,5,1442.33,487.34,3,Mar,1
ORD00959,2761,2023-03-11 18:09:08.749749,Books,2167.44,4,10,South,Net Banking,0,3,7802.78,1340.88,3,Mar,1
ORD00960,2975,2023-03-11 19:53:59.927985,Books,1163.54,1,0,West,Net Banking,0,4,1163.54,323.72,3,Mar,1
ORD00961,3362,2023-03-11 21:38:51.106221,Beauty,207.23,4,10,South,Credit Card,0,4,746.03,138.83,3,Mar,1
ORD00962,1876,2023-03-11 23:23:42.284456,Beauty,1121.47,3,0,North,Net Banking,0,5,3364.41,958.14,3,Mar,1
ORD00963,2989,2023-03-12 01:08:33.462692,Sports,755.62,3,10,West,Debit Card,0,5,2040.17,697.65,3,Mar,1
ORD00964,2312,2023-03-12 02:53:24.640928,Sports,298.33,3,15,North,Debit Card,0,5,760.74,159.17,3,Mar,1
ORD00965,2460,2023-03-12 04:38:15.819163,Home & Kitchen,2763.15,3,0,West,Debit Card,0,5,8289.45,3003.84,3,Mar,1
ORD00966,3709,2023-03-12 06:23:06.997399,Electronics,100.0,4,25,North,UPI,0,5,300.0,70.11,3,Mar,1
ORD00967,3324,2023-03-12 08:07:58.175635,Electronics,561.23,1,0,South,Debit Card,0,5,561.23,110.95,3,Mar,1
ORD00968,2733,2023-03-12 09:52:49.353870,Home & Kitchen,100.0,3,0,East,Debit Card,0,5,300.0,79.9,3,Mar,1
ORD00969,2605,2023-03-12 11:37:40.532106,Home & Kitchen,151.4,5,15,East,COD,0,5,643.45,237.45,3,Mar,1
ORD00970,2526,2023-03-12 13:22:31.710342,Electronics,528.8,1,10,West,UPI,0,4,475.92,79.59,3,Mar,1
ORD00971,3671,2023-03-12 15:07:22.888577,Beauty,100.0,5,10,South,Debit Card,0,4,450.0,104.35,3,Mar,1
ORD00972,3563,2023-03-12 16:52:14.066813,Electronics,1361.85,4,0,North,Credit Card,1,4,5447.4,1706.62,3,Mar,1
ORD00973,3890,2023-03-12 18:37:05.245049,Clothing,136.3,3,20,West,Debit Card,0,4,327.12,78.31,3,Mar,1
ORD00974,3397,2023-03-12 20:21:56.423284,Home & Kitchen,1814.55,1,15,West,UPI,0,5,1542.37,258.66,3,Mar,1
ORD00975,2630,2023-03-12 22:06:47.601520,Electronics,100.0,3,0,North,Net Banking,0,5,300.0,69.9,3,Mar,1
ORD00976,3870,2023-03-12 23:51:38.779755,Electronics,100.0,3,5,North,COD,0,4,285.0,101.24,3,Mar,1
ORD00977,2160,2023-03-13 01:36:29.957991,Clothing,546.47,1,20,North,COD,0,4,437.18,171.38,3,Mar,1
ORD00978,1758,2023-03-13 03:21:21.136227,Sports,3403.31,3,10,South,UPI,0,5,9188.94,1469.72,3,Mar,1
ORD00979,3946,2023-03-13 05:06:12.314462,Clothing,1538.29,3,0,East,Debit Card,0,3,4614.87,1349.02,3,Mar,1
ORD00980,1242,2023-03-13 06:51:03.492698,Home & Kitchen,2205.37,2,5,West,Credit Card,0,3,4190.2,738.84,3,Mar,1
ORD00981,3590,2023-03-13 08:35:54.670934,Home & Kitchen,228.94,2,0,West,Debit Card,0,5,457.88,146.57,3,Mar,1
ORD00982,2063,2023-03-13 10:20:45.849169,Electronics,2694.79,1,10,East,Debit Card,0,3,2425.31,368.58,3,Mar,1
ORD00983,1228,2023-03-13 12:05:37.027405,Beauty,100.0,1,20,West,Credit Card,0,4,80.0,12.29,3,Mar,1
ORD00984,3595,2023-03-13 13:50:28.205641,Electronics,359.4,3,10,South,COD,0,3,970.38,334.02,3,Mar,1
ORD00985,1919,2023-03-13 15:35:19.383876,Beauty,1436.03,5,10,North,Debit Card,0,3,6462.14,1089.57,3,Mar,1
ORD00986,2246,2023-03-13 17:20:10.562112,Books,705.6,1,25,East,Net Banking,0,4,529.2,119.76,3,Mar,1
ORD00987,1005,2023-03-13 19:05:01.740348,Beauty,6220.99,3,10,South,Net Banking,0,4,16796.67,6542.47,3,Mar,1
ORD00988,1467,2023-03-13 20:49:52.918583,Electronics,100.0,5,10,North,UPI,0,4,450.0,178.34,3,Mar,1
ORD00989,2755,2023-03-13 22:34:44.096819,Books,9854.96,2,0,East,UPI,0,3,19709.92,3751.8,3,Mar,1
ORD00990,1074,2023-03-14 00:19:35.275055,Electronics,1465.77,1,15,South,Credit Card,0,5,1245.9,361.59,3,Mar,1
ORD00991,1003,2023-03-14 02:04:26.453290,Electronics,1227.07,3,10,East,Credit Card,0,4,3313.09,960.09,3,Mar,1
ORD00992,2870,2023-03-14 03:49:17.631526,Home & Kitchen,100.0,2,5,East,UPI,0,4,190.0,49.99,3,Mar,1
ORD00993,1645,2023-03-14 05:34:08.809761,Electronics,478.92,4,30,South,Debit Card,0,3,1340.98,511.15,3,Mar,1
ORD00994,1117,2023-03-14 07:18:59.987997,Home & Kitchen,3878.67,2,25,West,COD,1,4,5818.0,1969.44,3,Mar,1
ORD00995,3928,2023-03-14 09:03:51.166233,Electronics,656.0,3,15,South,Net Banking,0,4,1672.8,570.65,3,Mar,1
ORD00996,2629,2023-03-14 10:48:42.344468,Clothing,1625.53,5,10,East,Credit Card,0,4,7314.88,1590.2,3,Mar,1
ORD00997,3551,2023-03-14 12:33:33.522704,Sports,11390.44,4,10,East,UPI,0,5,41005.58,10603.22,3,Mar,1
ORD00998,3021,2023-03-14 14:18:24.700940,Clothing,457.89,4,0,South,Net Banking,0,5,1831.56,497.92,3,Mar,1
ORD00999,1946,2023-03-14 16:03:15.879175,Home & Kitchen,1287.32,4,5,North,Credit Card,0,4,4891.82,1099.33,3,Mar,1
ORD01000,3621,2023-03-14 17:48:07.057411,Home & Kitchen,1788.25,1,20,North,Credit Card,0,1,1430.6,248.5,3,Mar,1
ORD01001,2464,2023-03-14 19:32:58.235647,Sports,269.82,3,10,North,Debit Card,1,4,728.51,132.29,3,Mar,1
ORD01002,1193,2023-03-14 21:17:49.413882,Clothing,241.44,4,25,North,Credit Card,0,2,724.32,141.36,3,Mar,1
ORD01003,1846,2023-03-14 23:02:40.592118,Home & Kitchen,914.06,2,0,South,COD,0,5,1828.12,367.29,3,Mar,1
ORD01004,3762,2023-03-15 00:47:31.770354,Beauty,731.18,5,10,West,Credit Card,0,4,3290.31,692.83,3,Mar,1
ORD01005,2415,2023-03-15 02:32:22.948589,Home & Kitchen,1878.78,3,15,North,COD,0,5,4790.89,1024.6,3,Mar,1
ORD01006,2458,2023-03-15 04:17:14.126825,Books,108.06,2,10,East,Debit Card,0,5,194.51,51.34,3,Mar,1
ORD01007,3220,2023-03-15 06:02:05.305061,Home & Kitchen,5372.28,1,25,North,COD,0,4,4029.21,1117.68,3,Mar,1
ORD01008,2668,2023-03-15 07:46:56.483296,Home & Kitchen,100.0,4,30,West,Net Banking,0,4,280.0,63.62,3,Mar,1
ORD01009,3373,2023-03-15 09:31:47.661532,Home & Kitchen,1379.38,2,0,South,Credit Card,0,4,2758.76,1039.57,3,Mar,1
ORD01010,2433,2023-03-15 11:16:38.839767,Electronics,1240.47,3,0,West,UPI,1,3,3721.41,1072.83,3,Mar,1
ORD01011,2141,2023-03-15 13:01:30.018003,Electronics,217.05,2,0,West,UPI,1,5,434.1,150.58,3,Mar,1
ORD01012,3883,2023-03-15 14:46:21.196239,Sports,245.4,1,15,West,COD,0,4,208.59,79.49,3,Mar,1
ORD01013,2810,2023-03-15 16:31:12.374474,Clothing,2360.22,5,5,North,Debit Card,0,3,11211.04,2138.88,3,Mar,1
ORD01014,1723,2023-03-15 18:16:03.552710,Home & Kitchen,3278.04,4,15,North,COD,0,5,11145.34,2864.0,3,Mar,1
ORD01015,1224,2023-03-15 20:00:54.730946,Clothing,499.05,3,10,West,COD,0,3,1347.44,348.05,3,Mar,1
ORD01016,1531,2023-03-15 21:45:45.909181,Books,864.28,4,15,South,COD,0,3,2938.55,701.19,3,Mar,1
ORD01017,1112,2023-03-15 23:30:37.087417,Electronics,657.75,4,20,North,Net Banking,0,4,2104.8,320.41,3,Mar,1
ORD01018,3187,2023-03-16 01:15:28.265653,Electronics,112.97,4,10,South,Net Banking,0,4,406.69,143.97,3,Mar,1
ORD01019,1558,2023-03-16 03:00:19.443888,Beauty,1677.63,2,10,North,COD,1,4,3019.73,537.18,3,Mar,1
ORD01020,3048,2023-03-16 04:45:10.622124,Sports,2616.11,2,0,South,Debit Card,0,4,5232.22,2086.98,3,Mar,1
ORD01021,3137,2023-03-16 06:30:01.800360,Home & Kitchen,545.5,5,10,North,Credit Card,0,2,2454.75,842.57,3,Mar,1
ORD01022,1653,2023-03-16 08:14:52.978595,Books,6934.36,1,10,West,UPI,0,4,6240.92,1841.09,3,Mar,1
ORD01023,1319,2023-03-16 09:59:44.156831,Home & Kitchen,118.32,3,10,East,Net Banking,0,4,319.46,60.27,3,Mar,1
ORD01024,2573,2023-03-16 11:44:35.335067,Home & Kitchen,1626.14,2,25,East,Credit Card,0,5,2439.21,680.17,3,Mar,1
ORD01025,2828,2023-03-16 13:29:26.513302,Home & Kitchen,891.93,4,25,South,Net Banking,0,1,2675.79,576.04,3,Mar,1
ORD01026,2917,2023-03-16 15:14:17.691538,Electronics,887.52,1,20,South,Net Banking,0,3,710.02,151.29,3,Mar,1
ORD01027,1138,2023-03-16 16:59:08.869773,Home & Kitchen,917.75,3,5,West,Net Banking,0,5,2615.59,934.77,3,Mar,1
ORD01028,3892,2023-03-16 18:44:00.048009,Sports,448.99,3,15,West,COD,0,5,1144.92,280.69,3,Mar,1
ORD01029,3026,2023-03-16 20:28:51.226245,Beauty,1885.86,3,5,South,COD,0,5,5374.7,1411.83,3,Mar,1
ORD01030,3306,2023-03-16 22:13:42.404480,Electronics,1917.92,3,0,East,Net Banking,0,2,5753.76,2075.62,3,Mar,1
ORD01031,1901,2023-03-16 23:58:33.582716,Home & Kitchen,497.76,5,5,West,Net Banking,1,4,2364.36,406.55,3,Mar,1
ORD01032,1689,2023-03-17 01:43:24.760952,Home & Kitchen,2705.5,3,0,South,UPI,0,4,8116.5,2424.03,3,Mar,1
ORD01033,3039,2023-03-17 03:28:15.939187,Clothing,571.55,1,5,West,Credit Card,1,5,542.97,159.93,3,Mar,1
ORD01034,1009,2023-03-17 05:13:07.117423,Electronics,1936.98,2,10,West,Credit Card,0,2,3486.56,893.62,3,Mar,1
ORD01035,1260,2023-03-17 06:57:58.295659,Clothing,193.46,1,30,North,Debit Card,1,3,135.42,48.41,3,Mar,1
ORD01036,2942,2023-03-17 08:42:49.473894,Clothing,277.15,4,5,West,Debit Card,0,4,1053.17,406.23,3,Mar,1
ORD01037,2673,2023-03-17 10:27:40.652130,Clothing,569.25,5,25,South,Debit Card,0,3,2134.69,568.54,3,Mar,1
ORD01038,3219,2023-03-17 12:12:31.830366,Home & Kitchen,1351.64,5,0,West,COD,0,4,6758.2,1784.41,3,Mar,1
ORD01039,3945,2023-03-17 13:57:23.008601,Home & Kitchen,1555.62,4,0,South,COD,0,5,6222.48,1714.39,3,Mar,1
ORD01040,3060,2023-03-17 15:42:14.186837,Home & Kitchen,757.16,1,10,North,UPI,0,5,681.44,225.41,3,Mar,1
ORD01041,2191,2023-03-17 17:27:05.365073,Beauty,121.55,1,15,North,COD,0,4,103.32,32.75,3,Mar,1
ORD01042,2619,2023-03-17 19:11:56.543308,Clothing,701.73,4,0,East,Debit Card,0,5,2806.92,577.41,3,Mar,1
ORD01043,1320,2023-03-17 20:56:47.721544,Electronics,1750.82,3,0,North,Net Banking,0,3,5252.46,871.77,3,Mar,1
ORD01044,2342,2023-03-17 22:41:38.899779,Home & Kitchen,1667.53,3,10,North,Debit Card,0,3,4502.33,1743.81,3,Mar,1
ORD01045,2636,2023-03-18 00:26:30.078015,Electronics,261.88,2,5,South,UPI,0,4,497.57,107.11,3,Mar,1
ORD01046,3376,2023-03-18 02:11:21.256251,Clothing,100.0,1,15,East,Net Banking,0,2,85.0,26.32,3,Mar,1
ORD01047,3832,2023-03-18 03:56:12.434486,Electronics,2097.44,1,10,North,COD,0,2,1887.7,674.12,3,Mar,1
ORD01048,3824,2023-03-18 05:41:03.612722,Electronics,168.69,4,0,West,Net Banking,1,4,674.76,151.87,3,Mar,1
ORD01049,2994,2023-03-18 07:25:54.790958,Sports,128.91,4,25,East,UPI,0,5,386.73,119.44,3,Mar,1
ORD01050,3958,2023-03-18 09:10:45.969193,Clothing,100.0,3,0,North,COD,1,5,300.0,53.09,3,Mar,1
ORD01051,2943,2023-03-18 10:55:37.147429,Books,850.04,1,15,East,Credit Card,0,4,722.53,283.58,3,Mar,1
ORD01052,3038,2023-03-18 12:40:28.325665,Electronics,1049.54,1,20,North,Debit Card,1,3,839.63,138.15,3,Mar,1
ORD01053,2118,2023-03-18 14:25:19.503900,Home & Kitchen,1522.78,5,30,South,Debit Card,0,3,5329.73,1383.3,3,Mar,1
ORD01054,2604,2023-03-18 16:10:10.682136,Clothing,526.6,2,10,East,UPI,0,4,947.88,269.39,3,Mar,1
ORD01055,3365,2023-03-18 17:55:01.860372,Home & Kitchen,1859.01,2,15,East,UPI,0,3,3160.32,1098.59,3,Mar,1
ORD01056,1235,2023-03-18 19:39:53.038607,Clothing,278.29,3,5,North,Debit Card,0,2,793.13,142.99,3,Mar,1
ORD01057,2969,2023-03-18 21:24:44.216843,Electronics,2675.6,1,15,East,Net Banking,0,4,2274.26,591.77,3,Mar,1
ORD01058,1333,2023-03-18 23:09:35.395079,Books,1272.42,5,10,North,Credit Card,0,4,5725.89,1287.91,3,Mar,1
ORD01059,2908,2023-03-19 00:54:26.573314,Electronics,1315.21,1,10,West,Credit Card,0,3,1183.69,269.88,3,Mar,1
ORD01060,1375,2023-03-19 02:39:17.751550,Clothing,353.16,4,25,East,UPI,0,5,1059.48,365.2,3,Mar,1
ORD01061,2160,2023-03-19 04:24:08.929785,Clothing,115.5,3,0,East,UPI,0,5,346.5,52.45,3,Mar,1
ORD01062,3635,2023-03-19 06:09:00.108021,Beauty,937.46,2,25,South,Net Banking,0,4,1406.19,474.27,3,Mar,1
ORD01063,2570,2023-03-19 07:53:51.286257,Electronics,1434.15,1,25,South,UPI,0,2,1075.61,379.26,3,Mar,1
ORD01064,3560,2023-03-19 09:38:42.464492,Home & Kitchen,149.81,3,10,East,Credit Card,0,5,404.49,151.82,3,Mar,1
ORD01065,2319,2023-03-19 11:23:33.642728,Electronics,4509.72,2,10,South,Debit Card,0,4,8117.5,2489.8,3,Mar,1
ORD01066,3965,2023-03-19 13:08:24.820964,Clothing,5899.44,1,5,East,Credit Card,0,3,5604.47,1307.88,3,Mar,1
ORD01067,2855,2023-03-19 14:53:15.999199,Clothing,1182.69,5,30,North,Net Banking,0,4,4139.42,1063.04,3,Mar,1
ORD01068,2372,2023-03-19 16:38:07.177435,Beauty,4495.67,3,0,East,Debit Card,1,4,13487.01,5292.76,3,Mar,1
ORD01069,1872,2023-03-19 18:22:58.355671,Electronics,296.66,1,10,East,Debit Card,0,4,266.99,98.87,3,Mar,1
ORD01070,2252,2023-03-19 20:07:49.533906,Electronics,100.0,2,15,West,Credit Card,0,4,170.0,45.2,3,Mar,1
ORD01071,3317,2023-03-19 21:52:40.712142,Clothing,100.0,2,25,South,Debit Card,0,4,150.0,57.86,3,Mar,1
ORD01072,2851,2023-03-19 23:37:31.890378,Electronics,1328.32,5,20,South,Debit Card,0,5,5313.28,1890.14,3,Mar,1
ORD01073,3845,2023-03-20 01:22:23.068613,Electronics,100.0,3,15,West,UPI,0,4,255.0,95.69,3,Mar,1
ORD01074,2314,2023-03-20 03:07:14.246849,Home & Kitchen,4774.74,3,0,North,Debit Card,0,2,14324.22,4594.41,3,Mar,1
ORD01075,1724,2023-03-20 04:52:05.425085,Electronics,229.61,1,5,North,Net Banking,0,2,218.13,79.49,3,Mar,1
ORD01076,3052,2023-03-20 06:36:56.603320,Electronics,545.17,2,0,North,Debit Card,0,4,1090.34,406.63,3,Mar,1
ORD01077,3898,2023-03-20 08:21:47.781556,Home & Kitchen,2593.33,2,25,West,UPI,0,4,3890.0,672.99,3,Mar,1
ORD01078,1077,2023-03-20 10:06:38.959791,Clothing,370.27,5,15,East,COD,0,3,1573.65,615.78,3,Mar,1
ORD01079,3621,2023-03-20 11:51:30.138027,Electronics,417.53,5,20,North,COD,0,4,1670.12,389.81,3,Mar,1
ORD01080,1131,2023-03-20 13:36:21.316263,Clothing,1542.13,3,15,North,Net Banking,1,3,3932.43,1022.33,3,Mar,1
ORD01081,1600,2023-03-20 15:21:12.494498,Home & Kitchen,484.62,2,10,West,Net Banking,0,5,872.32,303.55,3,Mar,1
ORD01082,2772,2023-03-20 17:06:03.672734,Clothing,367.79,1,0,South,Debit Card,0,5,367.79,116.3,3,Mar,1
ORD01083,2065,2023-03-20 18:50:54.850970,Books,439.9,4,5,West,Debit Card,0,2,1671.62,623.96,3,Mar,1
ORD01084,3136,2023-03-20 20:35:46.029205,Electronics,1011.92,1,0,South,COD,0,4,1011.92,253.13,3,Mar,1
ORD01085,3449,2023-03-20 22:20:37.207441,Home & Kitchen,5076.5,5,15,North,COD,0,5,21575.12,5249.7,3,Mar,1
ORD01086,3343,2023-03-21 00:05:28.385677,Clothing,2677.81,1,0,North,Credit Card,0,3,2677.81,422.89,3,Mar,1
ORD01087,2863,2023-03-21 01:50:19.563912,Home & Kitchen,502.39,2,15,East,COD,1,5,854.06,226.91,3,Mar,1
ORD01088,2318,2023-03-21 03:35:10.742148,Sports,677.36,3,15,East,COD,0,4,1727.27,571.76,3,Mar,1
ORD01089,1615,2023-03-21 05:20:01.920384,Home & Kitchen,936.87,4,10,South,Net Banking,0,4,3372.73,759.86,3,Mar,1
ORD01090,3847,2023-03-21 07:04:53.098619,Clothing,5789.83,3,0,North,Credit Card,0,2,17369.49,4614.75,3,Mar,1
ORD01091,3469,2023-03-21 08:49:44.276855,Clothing,283.82,4,5,North,Credit Card,0,5,1078.52,220.93,3,Mar,1
ORD01092,2888,2023-03-21 10:34:35.455091,Clothing,663.54,4,5,West,Debit Card,0,4,2521.45,865.35,3,Mar,1
ORD01093,2046,2023-03-21 12:19:26.633326,Electronics,1960.81,2,15,North,Debit Card,1,5,3333.38,550.43,3,Mar,1
ORD01094,1574,2023-03-21 14:04:17.811562,Electronics,4984.01,2,0,North,Credit Card,1,5,9968.02,3253.02,3,Mar,1
ORD01095,3190,2023-03-21 15:49:08.989797,Sports,253.83,5,20,West,Credit Card,0,4,1015.32,248.48,3,Mar,1
ORD01096,1992,2023-03-21 17:34:00.168033,Clothing,386.95,5,20,West,Debit Card,0,3,1547.8,248.27,3,Mar,1
ORD01097,3712,2023-03-21 19:18:51.346269,Clothing,383.68,4,0,North,Net Banking,0,3,1534.72,557.67,3,Mar,1
ORD01098,3192,2023-03-21 21:03:42.524504,Home & Kitchen,100.0,5,15,East,Net Banking,0,3,425.0,115.57,3,Mar,1
ORD01099,2248,2023-03-21 22:48:33.702740,Home & Kitchen,1389.95,2,15,East,Net Banking,0,5,2362.92,708.47,3,Mar,1
ORD01100,1502,2023-03-22 00:33:24.880976,Electronics,1666.19,5,15,North,Net Banking,0,2,7081.31,2358.13,3,Mar,1
ORD01101,2997,2023-03-22 02:18:16.059211,Sports,1383.94,4,0,East,Debit Card,0,4,5535.76,1736.95,3,Mar,1
ORD01102,1820,2023-03-22 04:03:07.237447,Electronics,110.99,3,0,West,UPI,0,4,332.97,110.78,3,Mar,1
ORD01103,3151,2023-03-22 05:47:58.415683,Home & Kitchen,107.61,1,0,East,COD,0,5,107.61,36.65,3,Mar,1
ORD01104,2970,2023-03-22 07:32:49.593918,Sports,354.32,5,5,North,COD,0,4,1683.02,500.34,3,Mar,1
ORD01105,1197,2023-03-22 09:17:40.772154,Home & Kitchen,514.36,2,20,East,COD,0,5,822.98,198.68,3,Mar,1
ORD01106,2669,2023-03-22 11:02:31.950390,Home & Kitchen,2316.48,3,15,North,COD,0,5,5907.02,1245.11,3,Mar,1
ORD01107,3626,2023-03-22 12:47:23.128625,Electronics,260.44,2,25,East,Debit Card,0,5,390.66,146.78,3,Mar,1
ORD01108,3438,2023-03-22 14:32:14.306861,Clothing,100.0,5,0,North,UPI,0,2,500.0,196.24,3,Mar,1
ORD01109,2202,2023-03-22 16:17:05.485097,Home & Kitchen,751.28,4,0,North,Debit Card,0,3,3005.12,719.47,3,Mar,1
ORD01110,3601,2023-03-22 18:01:56.663332,Clothing,807.79,1,15,East,UPI,0,3,686.62,122.27,3,Mar,1
ORD01111,2471,2023-03-22 19:46:47.841568,Sports,899.23,1,0,East,Debit Card,0,4,899.23,184.91,3,Mar,1
ORD01112,2646,2023-03-22 21:31:39.019803,Clothing,2630.86,3,5,West,Credit Card,0,5,7497.95,2381.85,3,Mar,1
ORD01113,2692,2023-03-22 23:16:30.198039,Clothing,154.72,1,10,South,UPI,0,3,139.25,26.91,3,Mar,1
ORD01114,2312,2023-03-23 01:01:21.376275,Clothing,1825.8,4,0,North,COD,0,3,7303.2,2519.83,3,Mar,1
ORD01115,3035,2023-03-23 02:46:12.554510,Clothing,618.61,2,15,North,UPI,0,4,1051.64,400.42,3,Mar,1
ORD01116,1477,2023-03-23 04:31:03.732746,Home & Kitchen,556.55,4,5,North,Net Banking,0,3,2114.89,826.74,3,Mar,1
ORD01117,2254,2023-03-23 06:15:54.910982,Home & Kitchen,4044.4,3,15,North,UPI,0,4,10313.22,1571.03,3,Mar,1
ORD01118,1922,2023-03-23 08:00:46.089217,Home & Kitchen,428.46,3,20,East,Net Banking,0,2,1028.3,400.56,3,Mar,1
ORD01119,1419,2023-03-23 09:45:37.267453,Sports,1543.06,1,0,East,Net Banking,0,4,1543.06,517.0,3,Mar,1
ORD01120,3204,2023-03-23 11:30:28.445689,Sports,482.64,4,25,South,Credit Card,0,4,1447.92,247.61,3,Mar,1
ORD01121,3597,2023-03-23 13:15:19.623924,Sports,1061.31,2,10,North,UPI,0,4,1910.36,484.87,3,Mar,1
ORD01122,2120,2023-03-23 15:00:10.802160,Electronics,2314.72,4,25,South,Credit Card,0,3,6944.16,2256.93,3,Mar,1
ORD01123,1950,2023-03-23 16:45:01.980396,Home & Kitchen,3202.08,2,0,West,COD,0,3,6404.16,2492.32,3,Mar,1
ORD01124,3336,2023-03-23 18:29:53.158631,Electronics,2736.71,2,15,South,UPI,0,5,4652.41,888.77,3,Mar,1
ORD01125,2277,2023-03-23 20:14:44.336867,Electronics,1309.06,4,10,South,Debit Card,0,5,4712.62,857.38,3,Mar,1
ORD01126,3243,2023-03-23 21:59:35.515103,Home & Kitchen,429.16,5,20,West,Debit Card,0,4,1716.64,460.21,3,Mar,1
ORD01127,3645,2023-03-23 23:44:26.693338,Clothing,1623.67,4,15,West,Debit Card,0,4,5520.48,2164.16,3,Mar,1
ORD01128,2857,2023-03-24 01:29:17.871574,Electronics,1856.32,2,10,South,Net Banking,0,2,3341.38,1312.64,3,Mar,1
ORD01129,1516,2023-03-24 03:14:09.049809,Electronics,100.0,3,25,West,Debit Card,0,5,225.0,46.57,3,Mar,1
ORD01130,2658,2023-03-24 04:59:00.228045,Electronics,867.61,3,5,South,COD,0,5,2472.69,568.32,3,Mar,1
ORD01131,2865,2023-03-24 06:43:51.406281,Beauty,2779.77,1,0,East,UPI,1,4,2779.77,1048.0,3,Mar,1
ORD01132,3912,2023-03-24 08:28:42.584516,Electronics,1008.8,3,15,East,UPI,0,5,2572.44,858.45,3,Mar,1
ORD01133,2141,2023-03-24 10:13:33.762752,Electronics,559.59,5,15,South,Net Banking,1,3,2378.26,934.84,3,Mar,1
ORD01134,3853,2023-03-24 11:58:24.940988,Clothing,3081.22,2,10,West,Net Banking,0,4,5546.2,2070.32,3,Mar,1
ORD01135,2932,2023-03-24 13:43:16.119223,Clothing,254.19,4,10,West,Net Banking,1,5,915.08,186.47,3,Mar,1
ORD01136,1814,2023-03-24 15:28:07.297459,Beauty,346.85,4,30,East,COD,1,4,971.18,330.13,3,Mar,1
ORD01137,3275,2023-03-24 17:12:58.475695,Electronics,1744.11,5,15,East,UPI,1,1,7412.47,1201.87,3,Mar,1
ORD01138,2900,2023-03-24 18:57:49.653930,Books,651.81,3,0,West,Credit Card,0,5,1955.43,693.12,3,Mar,1
ORD01139,3263,2023-03-24 20:42:40.832166,Home & Kitchen,1872.5,2,0,West,Net Banking,0,1,3745.0,1124.96,3,Mar,1
ORD01140,3995,2023-03-24 22:27:32.010402,Beauty,257.43,3,30,West,Debit Card,1,5,540.6,210.31,3,Mar,1
ORD01141,3062,2023-03-25 00:12:23.188637,Home & Kitchen,436.07,1,15,West,Credit Card,0,2,370.66,144.56,3,Mar,1
ORD01142,3094,2023-03-25 01:57:14.366873,Sports,255.56,3,25,South,Credit Card,0,4,575.01,93.56,3,Mar,1
ORD01143,3371,2023-03-25 03:42:05.545109,Electronics,4583.55,1,5,West,Net Banking,0,4,4354.37,827.9,3,Mar,1
ORD01144,3891,2023-03-25 05:26:56.723344,Clothing,779.81,4,15,East,Debit Card,0,3,2651.35,718.65,3,Mar,1
ORD01145,1129,2023-03-25 07:11:47.901580,Clothing,616.97,2,15,East,Net Banking,0,5,1048.85,387.94,3,Mar,1
ORD01146,1094,2023-03-25 08:56:39.079815,Sports,100.0,1,0,North,Net Banking,0,5,100.0,35.36,3,Mar,1
ORD01147,3674,2023-03-25 10:41:30.258051,Electronics,249.82,3,10,West,Debit Card,0,4,674.51,263.8,3,Mar,1
ORD01148,3802,2023-03-25 12:26:21.436287,Electronics,820.03,3,15,South,Credit Card,0,3,2091.08,636.78,3,Mar,1
ORD01149,2955,2023-03-25 14:11:12.614522,Clothing,106.44,4,10,North,Credit Card,0,5,383.18,82.05,3,Mar,1
ORD01150,1793,2023-03-25 15:56:03.792758,Electronics,1072.29,5,20,North,Debit Card,0,5,4289.16,670.3,3,Mar,1
ORD01151,2834,2023-03-25 17:40:54.970994,Electronics,910.5,5,20,South,Credit Card,0,5,3642.0,749.27,3,Mar,1
ORD01152,3116,2023-03-25 19:25:46.149229,Beauty,2186.16,3,25,North,COD,0,4,4918.86,1568.22,3,Mar,1
ORD01153,2683,2023-03-25 21:10:37.327465,Clothing,1617.34,5,20,North,Net Banking,0,3,6469.36,2468.51,3,Mar,1
ORD01154,1010,2023-03-25 22:55:28.505701,Home & Kitchen,885.74,2,10,East,COD,0,5,1594.33,367.06,3,Mar,1
ORD01155,2865,2023-03-26 00:40:19.683936,Home & Kitchen,381.68,5,5,North,COD,0,5,1812.98,668.86,3,Mar,1
ORD01156,3919,2023-03-26 02:25:10.862172,Clothing,1946.68,2,20,South,COD,0,4,3114.69,774.7,3,Mar,1
ORD01157,3597,2023-03-26 04:10:02.040408,Electronics,1845.79,3,10,West,UPI,0,4,4983.63,1131.62,3,Mar,1
ORD01158,1711,2023-03-26 05:54:53.218643,Electronics,249.61,3,0,West,UPI,0,4,748.83,207.58,3,Mar,1
ORD01159,3070,2023-03-26 07:39:44.396879,Clothing,3693.28,3,10,West,COD,0,5,9971.86,2598.35,3,Mar,1
ORD01160,1814,2023-03-26 09:24:35.575115,Home & Kitchen,100.0,4,0,East,Net Banking,0,5,400.0,151.38,3,Mar,1
ORD01161,1345,2023-03-26 11:09:26.753350,Clothing,100.0,5,15,East,COD,1,5,425.0,113.5,3,Mar,1
ORD01162,3349,2023-03-26 12:54:17.931586,Electronics,311.18,1,5,East,COD,0,4,295.62,64.84,3,Mar,1
ORD01163,1362,2023-03-26 14:39:09.109821,Books,3602.96,1,0,South,UPI,0,4,3602.96,1299.38,3,Mar,1
ORD01164,3443,2023-03-26 16:24:00.288057,Beauty,1100.95,3,30,West,COD,1,5,2312.0,924.08,3,Mar,1
ORD01165,3265,2023-03-26 18:08:51.466293,Sports,2326.34,5,20,South,Net Banking,0,3,9305.36,2903.67,3,Mar,1
ORD01166,3188,2023-03-26 19:53:42.644528,Sports,387.85,2,20,South,Net Banking,0,4,620.56,131.94,3,Mar,1
ORD01167,1984,2023-03-26 21:38:33.822764,Sports,1010.67,1,15,North,COD,0,4,859.07,180.15,3,Mar,1
ORD01168,2639,2023-03-26 23:23:25.001000,Clothing,665.43,3,20,West,Net Banking,0,5,1597.03,262.59,3,Mar,1
ORD01169,1827,2023-03-27 01:08:16.179235,Sports,2638.9,1,20,North,COD,1,1,2111.12,357.46,3,Mar,1
ORD01170,3730,2023-03-27 02:53:07.357471,Electronics,100.0,1,10,East,UPI,1,3,90.0,34.09,3,Mar,1
ORD01171,1355,2023-03-27 04:37:58.535707,Home & Kitchen,419.26,1,30,East,COD,0,3,293.48,51.1,3,Mar,1
ORD01172,2347,2023-03-27 06:22:49.713942,Home & Kitchen,248.33,3,0,South,Credit Card,0,4,744.99,201.96,3,Mar,1
ORD01173,3935,2023-03-27 08:07:40.892178,Electronics,2940.51,3,25,South,UPI,0,3,6616.15,2147.14,3,Mar,1
ORD01174,2863,2023-03-27 09:52:32.070414,Sports,945.38,4,10,North,Net Banking,0,4,3403.37,1234.02,3,Mar,1
ORD01175,1126,2023-03-27 11:37:23.248649,Beauty,776.83,4,10,North,Net Banking,0,5,2796.59,539.23,3,Mar,1
ORD01176,1603,2023-03-27 13:22:14.426885,Clothing,895.35,4,0,South,UPI,0,4,3581.4,929.18,3,Mar,1
ORD01177,2928,2023-03-27 15:07:05.605121,Sports,5359.29,1,10,West,Credit Card,0,3,4823.36,1026.75,3,Mar,1
ORD01178,2013,2023-03-27 16:51:56.783356,Electronics,2848.36,5,15,South,UPI,0,5,12105.53,2590.05,3,Mar,1
ORD01179,1050,2023-03-27 18:36:47.961592,Home & Kitchen,1838.15,3,30,West,Debit Card,0,4,3860.12,872.23,3,Mar,1
ORD01180,3826,2023-03-27 20:21:39.139827,Books,514.75,4,30,North,Credit Card,0,3,1441.3,427.75,3,Mar,1
ORD01181,2430,2023-03-27 22:06:30.318063,Books,270.8,5,30,East,UPI,0,4,947.8,146.1,3,Mar,1
ORD01182,2792,2023-03-27 23:51:21.496299,Beauty,3815.72,4,5,East,Debit Card,0,5,14499.74,3656.71,3,Mar,1
ORD01183,3861,2023-03-28 01:36:12.674534,Sports,825.07,4,30,North,COD,0,5,2310.2,454.43,3,Mar,1
ORD01184,2636,2023-03-28 03:21:03.852770,Sports,490.17,5,10,North,Credit Card,0,4,2205.76,864.17,3,Mar,1
ORD01185,2645,2023-03-28 05:05:55.031006,Clothing,954.93,4,25,East,COD,0,3,2864.79,847.07,3,Mar,1
ORD01186,3467,2023-03-28 06:50:46.209241,Beauty,3748.77,1,0,West,Debit Card,0,5,3748.77,1375.89,3,Mar,1
ORD01187,2205,2023-03-28 08:35:37.387477,Electronics,734.25,1,10,North,Net Banking,0,4,660.82,131.45,3,Mar,1
ORD01188,3872,2023-03-28 10:20:28.565713,Sports,1240.5,1,30,West,Net Banking,0,5,868.35,306.1,3,Mar,1
ORD01189,2854,2023-03-28 12:05:19.743948,Clothing,2436.57,2,25,West,Net Banking,0,4,3654.86,927.22,3,Mar,1
ORD01190,1566,2023-03-28 13:50:10.922184,Electronics,835.65,4,15,East,COD,0,3,2841.21,552.4,3,Mar,1
ORD01191,3418,2023-03-28 15:35:02.100420,Home & Kitchen,398.96,2,20,West,Credit Card,0,3,638.34,217.23,3,Mar,1
ORD01192,1935,2023-03-28 17:19:53.278655,Electronics,7811.55,3,0,East,COD,1,3,23434.65,7979.56,3,Mar,1
ORD01193,2934,2023-03-28 19:04:44.456891,Electronics,4704.94,5,15,North,COD,0,3,19995.99,7977.84,3,Mar,1
ORD01194,3708,2023-03-28 20:49:35.635127,Clothing,2781.85,3,15,South,Net Banking,0,3,7093.72,2449.0,3,Mar,1
ORD01195,2332,2023-03-28 22:34:26.813362,Electronics,1748.93,2,0,South,COD,0,4,3497.86,651.71,3,Mar,1
ORD01196,1201,2023-03-29 00:19:17.991598,Electronics,524.05,1,0,South,Debit Card,0,4,524.05,120.86,3,Mar,1
ORD01197,3360,2023-03-29 02:04:09.169833,Electronics,3669.91,4,0,South,UPI,1,4,14679.64,3859.74,3,Mar,1
ORD01198,1116,2023-03-29 03:49:00.348069,Clothing,483.53,4,15,South,UPI,0,4,1644.0,298.65,3,Mar,1
ORD01199,1936,2023-03-29 05:33:51.526305,Electronics,2420.24,1,0,South,UPI,1,5,2420.24,839.85,3,Mar,1
ORD01200,1574,2023-03-29 07:18:42.704540,Home & Kitchen,3756.28,4,10,West,Net Banking,0,5,13522.61,3808.98,3,Mar,1
ORD01201,3291,2023-03-29 09:03:33.882776,Electronics,1385.74,5,5,West,Net Banking,1,3,6582.26,2541.49,3,Mar,1
ORD01202,1536,2023-03-29 10:48:25.061012,Beauty,2437.26,5,10,South,UPI,0,4,10967.67,3260.98,3,Mar,1
ORD01203,2625,2023-03-29 12:33:16.239247,Sports,2353.13,5,15,North,Credit Card,0,2,10000.8,2807.47,3,Mar,1
ORD01204,3122,2023-03-29 14:18:07.417483,Clothing,321.94,3,15,North,UPI,0,2,820.95,137.8,3,Mar,1
ORD01205,1385,2023-03-29 16:02:58.595719,Sports,1653.59,1,10,West,COD,0,4,1488.23,278.8,3,Mar,1
ORD01206,1474,2023-03-29 17:47:49.773954,Sports,147.19,5,10,West,UPI,0,4,662.36,240.03,3,Mar,1
ORD01207,1417,2023-03-29 19:32:40.952190,Beauty,1063.46,2,5,South,UPI,0,5,2020.57,803.52,3,Mar,1
ORD01208,3394,2023-03-29 21:17:32.130426,Home & Kitchen,265.53,5,25,North,Credit Card,0,4,995.74,252.71,3,Mar,1
ORD01209,3687,2023-03-29 23:02:23.308661,Electronics,807.68,3,5,East,Net Banking,0,2,2301.89,811.47,3,Mar,1
ORD01210,1938,2023-03-30 00:47:14.486897,Home & Kitchen,2684.48,2,0,South,Net Banking,0,5,5368.96,1647.71,3,Mar,1
ORD01211,1954,2023-03-30 02:32:05.665133,Home & Kitchen,6533.7,1,15,West,COD,0,2,5553.64,2164.61,3,Mar,1
ORD01212,1875,2023-03-30 04:16:56.843368,Home & Kitchen,574.0,1,5,West,UPI,0,3,545.3,114.26,3,Mar,1
ORD01213,1762,2023-03-30 06:01:48.021604,Clothing,1138.79,5,20,West,Debit Card,0,3,4555.16,1303.73,3,Mar,1
ORD01214,2202,2023-03-30 07:46:39.199839,Sports,1074.0,2,5,East,COD,0,5,2040.6,514.64,3,Mar,1
ORD01215,2205,2023-03-30 09:31:30.378075,Beauty,4631.82,2,15,North,Net Banking,0,4,7874.09,2247.49,3,Mar,1
ORD01216,1663,2023-03-30 11:16:21.556311,Electronics,976.81,5,0,West,Credit Card,0,4,4884.05,1060.89,3,Mar,1
ORD01217,1024,2023-03-30 13:01:12.734546,Electronics,1801.5,5,5,South,Net Banking,0,5,8557.12,2348.39,3,Mar,1
ORD01218,2990,2023-03-30 14:46:03.912782,Electronics,3822.52,4,5,East,Net Banking,0,4,14525.58,4447.75,3,Mar,1
ORD01219,2203,2023-03-30 16:30:55.091018,Sports,701.12,4,20,North,Credit Card,0,5,2243.58,382.09,3,Mar,1
ORD01220,1709,2023-03-30 18:15:46.269253,Home & Kitchen,3486.05,5,30,South,UPI,0,4,12201.18,4096.51,3,Mar,1
ORD01221,2879,2023-03-30 20:00:37.447489,Home & Kitchen,3741.64,3,10,South,UPI,0,5,10102.43,3299.76,3,Mar,1
ORD01222,2184,2023-03-30 21:45:28.625725,Clothing,4003.15,4,20,East,Net Banking,0,5,12810.08,4741.2,3,Mar,1
ORD01223,3224,2023-03-30 23:30:19.803960,Home & Kitchen,472.98,5,15,East,COD,0,4,2010.16,515.53,3,Mar,1
ORD01224,1284,2023-03-31 01:15:10.982196,Clothing,767.13,2,30,East,Debit Card,0,4,1073.98,177.65,3,Mar,1
ORD01225,1062,2023-03-31 03:00:02.160432,Books,3064.91,4,20,West,COD,0,5,9807.71,2602.63,3,Mar,1
ORD01226,2002,2023-03-31 04:44:53.338667,Sports,667.47,3,0,North,COD,0,4,2002.41,369.25,3,Mar,1
ORD01227,1661,2023-03-31 06:29:44.516903,Beauty,1375.39,1,15,West,Net Banking,0,4,1169.08,364.59,3,Mar,1
ORD01228,3713,2023-03-31 08:14:35.695139,Beauty,188.44,2,10,East,Net Banking,0,5,339.19,54.88,3,Mar,1
ORD01229,3203,2023-03-31 09:59:26.873374,Beauty,100.0,3,0,East,Debit Card,0,4,300.0,73.05,3,Mar,1
ORD01230,2492,2023-03-31 11:44:18.051610,Clothing,796.53,3,0,East,Debit Card,0,3,2389.59,407.93,3,Mar,1
ORD01231,1966,2023-03-31 13:29:09.229845,Books,1297.39,3,25,West,Debit Card,0,4,2919.13,440.33,3,Mar,1
ORD01232,1848,2023-03-31 15:14:00.408081,Home & Kitchen,748.1,2,25,South,Net Banking,0,4,1122.15,437.79,3,Mar,1
ORD01233,2107,2023-03-31 16:58:51.586317,Beauty,1293.19,3,20,East,Net Banking,0,1,3103.66,1238.46,3,Mar,1
ORD01234,1688,2023-03-31 18:43:42.764552,Electronics,1085.67,1,30,West,COD,0,4,759.97,219.54,3,Mar,1
ORD01235,1147,2023-03-31 20:28:33.942788,Clothing,1736.15,4,20,East,Net Banking,0,5,5555.68,1165.24,3,Mar,1
ORD01236,1341,2023-03-31 22:13:25.121024,Electronics,1572.73,2,0,West,UPI,0,3,3145.46,1188.28,3,Mar,1
ORD01237,3523,2023-03-31 23:58:16.299259,Home & Kitchen,828.11,3,0,North,UPI,0,2,2484.33,945.93,3,Mar,1
ORD01238,2086,2023-04-01 01:43:07.477495,Clothing,830.07,5,0,North,Debit Card,0,5,4150.35,1509.18,4,Apr,2
ORD01239,2724,2023-04-01 03:27:58.655731,Clothing,227.59,4,0,West,Net Banking,1,4,910.36,260.45,4,Apr,2
ORD01240,2383,2023-04-01 05:12:49.833966,Electronics,1079.97,2,0,East,UPI,0,3,2159.94,364.33,4,Apr,2
ORD01241,3608,2023-04-01 06:57:41.012202,Clothing,1327.11,5,10,West,COD,0,5,5972.0,1027.84,4,Apr,2
ORD01242,1326,2023-04-01 08:42:32.190438,Sports,970.8,5,20,North,Credit Card,1,4,3883.2,1452.92,4,Apr,2
ORD01243,2792,2023-04-01 10:27:23.368673,Electronics,591.14,3,25,West,COD,1,4,1330.06,490.73,4,Apr,2
ORD01244,2759,2023-04-01 12:12:14.546909,Home & Kitchen,1918.31,2,15,North,Credit Card,1,4,3261.13,843.33,4,Apr,2
ORD01245,1989,2023-04-01 13:57:05.725145,Home & Kitchen,116.39,3,25,North,COD,1,3,261.88,60.77,4,Apr,2
ORD01246,3262,2023-04-01 15:41:56.903380,Sports,3687.81,1,10,South,UPI,0,5,3319.03,1032.32,4,Apr,2
ORD01247,3482,2023-04-01 17:26:48.081616,Electronics,100.0,5,25,East,Net Banking,0,4,375.0,131.91,4,Apr,2
ORD01248,1951,2023-04-01 19:11:39.259851,Beauty,4919.14,1,10,West,Credit Card,0,4,4427.23,1473.92,4,Apr,2
ORD01249,1722,2023-04-01 20:56:30.438087,Home & Kitchen,930.84,3,0,East,Net Banking,0,5,2792.52,848.65,4,Apr,2
ORD01250,3079,2023-04-01 22:41:21.616323,Beauty,798.25,4,25,East,Net Banking,0,1,2394.75,497.82,4,Apr,2
ORD01251,3717,2023-04-02 00:26:12.794558,Beauty,444.47,5,5,North,UPI,0,2,2111.23,455.24,4,Apr,2
ORD01252,3332,2023-04-02 02:11:03.972794,Electronics,100.0,4,10,North,Debit Card,0,3,360.0,119.17,4,Apr,2
ORD01253,1428,2023-04-02 03:55:55.151030,Electronics,481.94,2,5,West,Debit Card,0,1,915.69,321.09,4,Apr,2
ORD01254,2500,2023-04-02 05:40:46.329265,Clothing,173.79,5,15,West,Credit Card,0,4,738.61,132.24,4,Apr,2
ORD01255,1285,2023-04-02 07:25:37.507501,Books,1617.42,1,30,West,UPI,0,4,1132.19,222.84,4,Apr,2
ORD01256,3065,2023-04-02 09:10:28.685737,Electronics,576.45,4,0,North,Net Banking,0,3,2305.8,738.13,4,Apr,2
ORD01257,1768,2023-04-02 10:55:19.863972,Electronics,2186.23,2,25,South,COD,0,3,3279.34,810.81,4,Apr,2
ORD01258,3637,2023-04-02 12:40:11.042208,Books,347.74,5,0,West,COD,1,3,1738.7,505.65,4,Apr,2
ORD01259,2394,2023-04-02 14:25:02.220444,Electronics,3457.4,2,5,North,Credit Card,0,5,6569.06,1995.05,4,Apr,2
ORD01260,1193,2023-04-02 16:09:53.398679,Electronics,1110.3,1,0,South,Credit Card,0,4,1110.3,382.0,4,Apr,2
ORD01261,3549,2023-04-02 17:54:44.576915,Clothing,182.41,5,20,East,Credit Card,0,4,729.64,256.42,4,Apr,2
ORD01262,1987,2023-04-02 19:39:35.755151,Electronics,768.35,2,0,North,UPI,0,4,1536.7,338.11,4,Apr,2
ORD01263,2136,2023-04-02 21:24:26.933386,Clothing,347.45,3,10,West,COD,0,4,938.11,267.67,4,Apr,2
ORD01264,3161,2023-04-02 23:09:18.111622,Books,334.13,5,0,West,UPI,0,2,1670.65,302.19,4,Apr,2
ORD01265,2701,2023-04-03 00:54:09.289857,Books,1058.95,5,0,South,UPI,0,5,5294.75,1908.78,4,Apr,2
ORD01266,1946,2023-04-03 02:39:00.468093,Sports,1671.62,5,20,South,Net Banking,0,5,6686.48,2416.24,4,Apr,2
ORD01267,1830,2023-04-03 04:23:51.646329,Books,3639.13,5,0,North,UPI,0,4,18195.65,4091.77,4,Apr,2
ORD01268,2920,2023-04-03 06:08:42.824564,Books,1046.22,3,0,South,UPI,0,4,3138.66,596.83,4,Apr,2
ORD01269,3972,2023-04-03 07:53:34.002800,Clothing,5065.0,1,0,North,Net Banking,0,4,5065.0,848.5,4,Apr,2
ORD01270,1054,2023-04-03 09:38:25.181036,Sports,4261.55,3,10,South,Debit Card,0,3,11506.19,3379.88,4,Apr,2
ORD01271,1799,2023-04-03 11:23:16.359271,Sports,3004.42,3,15,East,Net Banking,0,3,7661.27,1324.3,4,Apr,2
ORD01272,1777,2023-04-03 13:08:07.537507,Sports,1039.65,2,0,West,Credit Card,1,4,2079.3,665.69,4,Apr,2
ORD01273,2481,2023-04-03 14:52:58.715743,Home & Kitchen,227.81,4,0,West,Debit Card,0,2,911.24,291.17,4,Apr,2
ORD01274,2901,2023-04-03 16:37:49.893978,Electronics,368.67,4,10,East,COD,1,2,1327.21,402.8,4,Apr,2
ORD01275,3209,2023-04-03 18:22:41.072214,Clothing,1564.78,2,5,West,UPI,0,4,2973.08,1097.48,4,Apr,2
ORD01276,3134,2023-04-03 20:07:32.250450,Electronics,821.64,3,25,West,Debit Card,0,5,1848.69,452.13,4,Apr,2
ORD01277,1054,2023-04-03 21:52:23.428685,Beauty,238.14,2,20,West,COD,0,5,381.02,143.1,4,Apr,2
ORD01278,2823,2023-04-03 23:37:14.606921,Home & Kitchen,977.99,5,15,West,Net Banking,0,1,4156.46,661.84,4,Apr,2
ORD01279,2201,2023-04-04 01:22:05.785157,Home & Kitchen,100.0,2,5,East,Net Banking,0,2,190.0,33.86,4,Apr,2
ORD01280,1832,2023-04-04 03:06:56.963392,Clothing,1985.8,2,15,North,Credit Card,0,4,3375.86,854.27,4,Apr,2
ORD01281,1312,2023-04-04 04:51:48.141628,Sports,114.64,5,20,West,Credit Card,0,5,458.56,136.88,4,Apr,2
ORD01282,3806,2023-04-04 06:36:39.319863,Clothing,1487.79,4,10,East,Debit Card,0,5,5356.04,846.76,4,Apr,2
ORD01283,2858,2023-04-04 08:21:30.498099,Electronics,2362.63,5,20,West,UPI,0,5,9450.52,2758.22,4,Apr,2
ORD01284,3007,2023-04-04 10:06:21.676335,Clothing,213.46,1,15,East,Net Banking,0,4,181.44,41.16,4,Apr,2
ORD01285,3006,2023-04-04 11:51:12.854570,Home & Kitchen,1096.71,2,10,East,Debit Card,0,3,1974.08,733.94,4,Apr,2
ORD01286,3490,2023-04-04 13:36:04.032806,Books,2264.85,2,5,North,Debit Card,0,2,4303.21,1219.19,4,Apr,2
ORD01287,2790,2023-04-04 15:20:55.211042,Sports,452.94,4,15,South,Debit Card,0,1,1540.0,457.34,4,Apr,2
ORD01288,1327,2023-04-04 17:05:46.389277,Electronics,266.75,3,0,North,Credit Card,0,4,800.25,309.22,4,Apr,2
ORD01289,3808,2023-04-04 18:50:37.567513,Home & Kitchen,616.06,5,20,North,Net Banking,0,1,2464.24,840.41,4,Apr,2
ORD01290,3626,2023-04-04 20:35:28.745749,Books,1213.51,3,20,West,Credit Card,0,5,2912.42,755.97,4,Apr,2
ORD01291,2287,2023-04-04 22:20:19.923984,Clothing,1284.49,1,20,East,Credit Card,0,5,1027.59,276.65,4,Apr,2
ORD01292,3143,2023-04-05 00:05:11.102220,Sports,210.4,5,10,South,Debit Card,1,2,946.8,295.38,4,Apr,2
ORD01293,2111,2023-04-05 01:50:02.280456,Sports,917.54,1,0,East,COD,1,5,917.54,183.55,4,Apr,2
ORD01294,2311,2023-04-05 03:34:53.458691,Home & Kitchen,468.54,1,0,West,COD,1,4,468.54,80.67,4,Apr,2
ORD01295,3861,2023-04-05 05:19:44.636927,Sports,2767.97,1,15,East,COD,0,5,2352.77,535.98,4,Apr,2
ORD01296,3538,2023-04-05 07:04:35.815163,Home & Kitchen,564.39,5,25,West,Debit Card,0,5,2116.46,729.32,4,Apr,2
ORD01297,1451,2023-04-05 08:49:26.993398,Electronics,2736.78,5,15,North,UPI,0,3,11631.32,2492.95,4,Apr,2
ORD01298,2523,2023-04-05 10:34:18.171634,Home & Kitchen,839.41,4,0,North,Net Banking,0,4,3357.64,613.41,4,Apr,2
ORD01299,1164,2023-04-05 12:19:09.349869,Clothing,1945.15,2,25,West,Debit Card,0,3,2917.73,597.42,4,Apr,2
ORD01300,1181,2023-04-05 14:04:00.528105,Electronics,1070.21,3,30,North,Debit Card,0,5,2247.44,718.6,4,Apr,2
ORD01301,3516,2023-04-05 15:48:51.706341,Electronics,1459.14,3,10,East,Credit Card,0,4,3939.68,1195.64,4,Apr,2
ORD01302,1909,2023-04-05 17:33:42.884576,Home & Kitchen,754.67,1,10,South,COD,0,5,679.2,218.76,4,Apr,2
ORD01303,3782,2023-04-05 19:18:34.062812,Home & Kitchen,2192.86,5,20,South,Debit Card,0,3,8771.44,2021.73,4,Apr,2
ORD01304,1822,2023-04-05 21:03:25.241048,Electronics,830.57,5,15,East,UPI,0,4,3529.92,1324.48,4,Apr,2
ORD01305,1943,2023-04-05 22:48:16.419283,Home & Kitchen,917.24,1,30,South,Net Banking,0,5,642.07,168.83,4,Apr,2
ORD01306,3001,2023-04-06 00:33:07.597519,Beauty,1093.72,2,0,East,UPI,1,4,2187.44,609.05,4,Apr,2
ORD01307,3054,2023-04-06 02:17:58.775755,Electronics,2674.12,3,10,West,Debit Card,0,2,7220.12,2795.64,4,Apr,2
ORD01308,1329,2023-04-06 04:02:49.953990,Electronics,1615.48,4,15,South,Debit Card,0,4,5492.63,2168.6,4,Apr,2
ORD01309,1774,2023-04-06 05:47:41.132226,Sports,644.24,2,25,West,Credit Card,0,3,966.36,304.78,4,Apr,2
ORD01310,3198,2023-04-06 07:32:32.310462,Clothing,1664.45,5,25,West,UPI,0,1,6241.69,2410.56,4,Apr,2
ORD01311,1146,2023-04-06 09:17:23.488697,Home & Kitchen,1542.62,1,30,East,Credit Card,0,4,1079.83,308.16,4,Apr,2
ORD01312,1914,2023-04-06 11:02:14.666933,Electronics,4010.89,3,10,South,UPI,0,3,10829.4,2456.33,4,Apr,2
ORD01313,2571,2023-04-06 12:47:05.845169,Books,2762.21,1,20,North,COD,0,5,2209.77,505.54,4,Apr,2
ORD01314,2308,2023-04-06 14:31:57.023404,Home & Kitchen,1563.83,5,10,North,COD,0,4,7037.24,2038.94,4,Apr,2
ORD01315,3747,2023-04-06 16:16:48.201640,Home & Kitchen,626.7,1,10,North,UPI,0,5,564.03,169.92,4,Apr,2
ORD01316,1081,2023-04-06 18:01:39.379875,Sports,2268.31,3,0,North,Credit Card,0,1,6804.93,1768.63,4,Apr,2
ORD01317,1513,2023-04-06 19:46:30.558111,Sports,1284.23,1,20,East,COD,0,1,1027.38,381.1,4,Apr,2
ORD01318,2920,2023-04-06 21:31:21.736347,Sports,6326.8,3,30,West,Debit Card,1,1,13286.28,3410.24,4,Apr,2
ORD01319,3862,2023-04-06 23:16:12.914582,Home & Kitchen,426.54,1,0,South,Net Banking,0,3,426.54,93.14,4,Apr,2
ORD01320,3756,2023-04-07 01:01:04.092818,Electronics,124.51,1,0,East,Credit Card,1,4,124.51,18.92,4,Apr,2
ORD01321,2939,2023-04-07 02:45:55.271054,Books,108.68,3,20,North,UPI,0,4,260.83,102.41,4,Apr,2
ORD01322,1745,2023-04-07 04:30:46.449289,Electronics,1532.6,1,15,South,Net Banking,0,5,1302.71,463.87,4,Apr,2
ORD01323,2409,2023-04-07 06:15:37.627525,Sports,4201.73,2,30,East,Net Banking,0,4,5882.42,1787.61,4,Apr,2
ORD01324,1706,2023-04-07 08:00:28.805761,Clothing,100.0,4,0,West,Debit Card,1,2,400.0,143.05,4,Apr,2
ORD01325,1470,2023-04-07 09:45:19.983996,Home & Kitchen,1940.69,2,0,North,Credit Card,0,3,3881.38,1368.47,4,Apr,2
ORD01326,1395,2023-04-07 11:30:11.162232,Clothing,1605.32,4,10,South,Net Banking,1,5,5779.15,2213.2,4,Apr,2
ORD01327,2555,2023-04-07 13:15:02.340468,Sports,1976.86,2,0,South,Credit Card,0,4,3953.72,974.66,4,Apr,2
ORD01328,3308,2023-04-07 14:59:53.518703,Sports,658.7,4,0,North,Debit Card,0,5,2634.8,760.7,4,Apr,2
ORD01329,1804,2023-04-07 16:44:44.696939,Clothing,2576.34,1,0,West,UPI,0,2,2576.34,449.98,4,Apr,2
ORD01330,1933,2023-04-07 18:29:35.875175,Sports,100.0,3,0,North,Net Banking,0,3,300.0,117.4,4,Apr,2
ORD01331,2279,2023-04-07 20:14:27.053410,Clothing,2112.39,3,0,West,Net Banking,0,2,6337.17,2511.3,4,Apr,2
ORD01332,2757,2023-04-07 21:59:18.231646,Books,466.06,5,30,South,Net Banking,0,5,1631.21,566.47,4,Apr,2
ORD01333,1904,2023-04-07 23:44:09.409881,Sports,971.8,4,0,North,Credit Card,0,3,3887.2,1024.39,4,Apr,2
ORD01334,2076,2023-04-08 01:29:00.588117,Clothing,2594.33,5,10,West,Net Banking,0,4,11674.48,3200.46,4,Apr,2
ORD01335,3987,2023-04-08 03:13:51.766353,Beauty,474.86,5,25,West,Credit Card,0,4,1780.72,460.92,4,Apr,2
ORD01336,2890,2023-04-08 04:58:42.944588,Electronics,307.23,4,15,East,COD,0,4,1044.58,233.28,4,Apr,2
ORD01337,2523,2023-04-08 06:43:34.122824,Electronics,1715.32,3,15,West,COD,0,3,4374.07,1233.26,4,Apr,2
ORD01338,3901,2023-04-08 08:28:25.301060,Beauty,1143.41,4,15,North,Credit Card,0,4,3887.59,635.08,4,Apr,2
ORD01339,2387,2023-04-08 10:13:16.479295,Electronics,1083.57,1,20,North,COD,0,1,866.86,344.99,4,Apr,2
ORD01340,2303,2023-04-08 11:58:07.657531,Beauty,445.12,5,25,West,Debit Card,1,5,1669.2,427.34,4,Apr,2
ORD01341,1592,2023-04-08 13:42:58.835767,Beauty,100.0,5,15,North,Debit Card,0,1,425.0,162.28,4,Apr,2
ORD01342,3761,2023-04-08 15:27:50.014002,Electronics,792.13,4,25,South,COD,1,2,2376.39,786.75,4,Apr,2
ORD01343,3679,2023-04-08 17:12:41.192238,Books,169.01,5,10,South,UPI,0,4,760.54,169.21,4,Apr,2
ORD01344,3106,2023-04-08 18:57:32.370474,Electronics,3546.52,3,0,North,Credit Card,0,5,10639.56,2186.57,4,Apr,2
ORD01345,1127,2023-04-08 20:42:23.548709,Clothing,100.0,5,25,West,COD,0,3,375.0,149.59,4,Apr,2
ORD01346,1735,2023-04-08 22:27:14.726945,Electronics,847.53,4,10,South,Credit Card,0,4,3051.11,1046.63,4,Apr,2
ORD01347,3768,2023-04-09 00:12:05.905181,Electronics,100.0,3,25,West,COD,0,1,225.0,47.79,4,Apr,2
ORD01348,3573,2023-04-09 01:56:57.083416,Clothing,150.63,3,0,North,Debit Card,0,2,451.89,75.4,4,Apr,2
ORD01349,1520,2023-04-09 03:41:48.261652,Clothing,1613.22,5,5,East,UPI,0,4,7662.8,2484.5,4,Apr,2
ORD01350,3599,2023-04-09 05:26:39.439887,Beauty,1562.4,4,25,South,Credit Card,0,3,4687.2,1058.15,4,Apr,2
ORD01351,1236,2023-04-09 07:11:30.618123,Sports,100.0,5,0,North,UPI,0,4,500.0,102.67,4,Apr,2
ORD01352,2304,2023-04-09 08:56:21.796359,Home & Kitchen,100.0,1,25,South,Debit Card,0,5,75.0,25.03,4,Apr,2
ORD01353,2781,2023-04-09 10:41:12.974594,Books,123.15,1,30,West,Net Banking,0,5,86.2,27.57,4,Apr,2
ORD01354,2301,2023-04-09 12:26:04.152830,Sports,2159.54,3,25,East,Net Banking,1,3,4858.96,1313.64,4,Apr,2
ORD01355,3541,2023-04-09 14:10:55.331066,Clothing,1317.69,5,10,East,Credit Card,0,4,5929.6,2286.83,4,Apr,2
ORD01356,3051,2023-04-09 15:55:46.509301,Home & Kitchen,100.0,1,15,North,Debit Card,0,5,85.0,27.19,4,Apr,2
ORD01357,3713,2023-04-09 17:40:37.687537,Beauty,1004.43,2,25,South,Credit Card,0,5,1506.64,562.51,4,Apr,2
ORD01358,1441,2023-04-09 19:25:28.865773,Clothing,1867.35,1,20,East,Credit Card,0,2,1493.88,295.25,4,Apr,2
ORD01359,3076,2023-04-09 21:10:20.044008,Home & Kitchen,3048.28,5,15,South,Credit Card,0,4,12955.19,2904.05,4,Apr,2
ORD01360,3657,2023-04-09 22:55:11.222244,Sports,4077.98,5,30,West,UPI,0,5,14272.93,2513.89,4,Apr,2
ORD01361,1804,2023-04-10 00:40:02.400480,Beauty,595.0,1,15,West,COD,0,4,505.75,114.37,4,Apr,2
ORD01362,1074,2023-04-10 02:24:53.578715,Home & Kitchen,218.98,5,30,North,Debit Card,0,5,766.43,301.16,4,Apr,2
ORD01363,3885,2023-04-10 04:09:44.756951,Clothing,405.6,5,0,East,UPI,0,4,2028.0,792.37,4,Apr,2
ORD01364,3175,2023-04-10 05:54:35.935187,Clothing,2245.31,2,0,East,COD,0,2,4490.62,1527.24,4,Apr,2
ORD01365,3089,2023-04-10 07:39:27.113422,Electronics,5335.95,3,10,South,Credit Card,0,3,14407.06,4037.75,4,Apr,2
ORD01366,2379,2023-04-10 09:24:18.291658,Sports,942.15,5,5,West,Net Banking,0,1,4475.21,1544.82,4,Apr,2
ORD01367,1040,2023-04-10 11:09:09.469893,Electronics,546.53,4,20,East,UPI,0,3,1748.9,504.33,4,Apr,2
ORD01368,3981,2023-04-10 12:54:00.648129,Sports,841.05,3,0,North,Debit Card,0,5,2523.15,380.69,4,Apr,2
ORD01369,3081,2023-04-10 14:38:51.826365,Electronics,545.36,3,30,North,Debit Card,0,4,1145.26,315.39,4,Apr,2
ORD01370,2700,2023-04-10 16:23:43.004600,Electronics,444.55,4,5,East,COD,0,5,1689.29,506.33,4,Apr,2
ORD01371,2401,2023-04-10 18:08:34.182836,Books,1351.18,1,10,North,UPI,0,4,1216.06,263.2,4,Apr,2
ORD01372,1587,2023-04-10 19:53:25.361072,Home & Kitchen,100.0,2,0,East,Credit Card,0,4,200.0,40.16,4,Apr,2
ORD01373,2622,2023-04-10 21:38:16.539307,Electronics,450.75,5,10,East,COD,0,3,2028.38,443.1,4,Apr,2
ORD01374,1341,2023-04-10 23:23:07.717543,Clothing,1624.32,1,0,East,Debit Card,0,5,1624.32,496.89,4,Apr,2
ORD01375,3074,2023-04-11 01:07:58.895779,Books,100.0,4,0,East,UPI,0,4,400.0,74.61,4,Apr,2
ORD01376,1645,2023-04-11 02:52:50.074014,Electronics,130.3,2,15,South,Net Banking,0,4,221.51,73.12,4,Apr,2
ORD01377,1730,2023-04-11 04:37:41.252250,Electronics,520.93,2,0,East,Credit Card,0,5,1041.86,266.37,4,Apr,2
ORD01378,1167,2023-04-11 06:22:32.430486,Sports,3153.2,2,0,North,Debit Card,0,4,6306.4,1503.05,4,Apr,2
ORD01379,1609,2023-04-11 08:07:23.608721,Books,2171.53,4,20,West,UPI,0,5,6948.9,2444.68,4,Apr,2
ORD01380,3315,2023-04-11 09:52:14.786957,Electronics,100.0,1,0,South,Net Banking,0,5,100.0,27.65,4,Apr,2
ORD01381,2772,2023-04-11 11:37:05.965193,Sports,1044.87,5,10,West,Debit Card,1,3,4701.92,1150.09,4,Apr,2
ORD01382,3040,2023-04-11 13:21:57.143428,Beauty,481.73,2,0,West,Net Banking,1,2,963.46,356.04,4,Apr,2
ORD01383,3868,2023-04-11 15:06:48.321664,Home & Kitchen,1568.94,2,5,West,Debit Card,0,5,2980.99,721.59,4,Apr,2
ORD01384,1454,2023-04-11 16:51:39.499899,Books,1917.8,1,15,West,COD,0,4,1630.13,594.59,4,Apr,2
ORD01385,3953,2023-04-11 18:36:30.678135,Sports,2980.16,2,0,West,COD,0,1,5960.32,1645.34,4,Apr,2
ORD01386,2708,2023-04-11 20:21:21.856371,Beauty,967.73,2,25,North,COD,0,4,1451.6,293.23,4,Apr,2
ORD01387,3969,2023-04-11 22:06:13.034606,Sports,7790.96,4,25,East,UPI,0,4,23372.88,7086.76,4,Apr,2
ORD01388,1701,2023-04-11 23:51:04.212842,Clothing,5866.99,3,0,North,COD,1,5,17600.97,3895.64,4,Apr,2
ORD01389,3681,2023-04-12 01:35:55.391078,Home & Kitchen,3207.73,1,30,South,UPI,0,5,2245.41,419.42,4,Apr,2
ORD01390,2599,2023-04-12 03:20:46.569313,Home & Kitchen,1283.04,1,0,North,Credit Card,1,5,1283.04,220.21,4,Apr,2
ORD01391,1129,2023-04-12 05:05:37.747549,Electronics,761.26,1,0,South,COD,0,5,761.26,160.19,4,Apr,2
ORD01392,2845,2023-04-12 06:50:28.925785,Clothing,679.75,4,0,East,UPI,0,1,2719.0,908.52,4,Apr,2
ORD01393,2386,2023-04-12 08:35:20.104020,Sports,100.0,4,10,West,Debit Card,0,5,360.0,129.42,4,Apr,2
ORD01394,3866,2023-04-12 10:20:11.282256,Home & Kitchen,429.87,5,15,East,UPI,0,3,1826.95,667.62,4,Apr,2
ORD01395,1692,2023-04-12 12:05:02.460492,Clothing,1903.08,4,5,North,UPI,0,3,7231.7,1573.16,4,Apr,2
ORD01396,2394,2023-04-12 13:49:53.638727,Home & Kitchen,1388.12,1,20,North,Debit Card,0,5,1110.5,350.08,4,Apr,2
ORD01397,1793,2023-04-12 15:34:44.816963,Electronics,3722.97,5,15,East,UPI,0,4,15822.62,3284.59,4,Apr,2
ORD01398,1028,2023-04-12 17:19:35.995199,Clothing,100.0,3,5,East,Debit Card,1,5,285.0,87.12,4,Apr,2
ORD01399,1148,2023-04-12 19:04:27.173434,Sports,253.12,2,15,North,Net Banking,1,1,430.3,159.99,4,Apr,2
ORD01400,2319,2023-04-12 20:49:18.351670,Electronics,2335.58,2,25,East,COD,0,5,3503.37,561.32,4,Apr,2
ORD01401,3058,2023-04-12 22:34:09.529905,Electronics,665.94,5,0,South,Credit Card,0,3,3329.7,1319.58,4,Apr,2
ORD01402,3723,2023-04-13 00:19:00.708141,Beauty,188.93,3,5,South,UPI,0,3,538.45,192.1,4,Apr,2
ORD01403,2136,2023-04-13 02:03:51.886377,Electronics,8461.42,2,10,North,Debit Card,0,4,15230.56,5184.72,4,Apr,2
ORD01404,1186,2023-04-13 03:48:43.064612,Clothing,2321.46,5,10,North,COD,0,4,10446.57,3372.58,4,Apr,2
ORD01405,3854,2023-04-13 05:33:34.242848,Beauty,788.25,4,10,East,UPI,0,4,2837.7,972.11,4,Apr,2
ORD01406,3791,2023-04-13 07:18:25.421084,Home & Kitchen,2600.36,1,5,East,COD,0,5,2470.34,984.8,4,Apr,2
ORD01407,2250,2023-04-13 09:03:16.599319,Home & Kitchen,1711.98,3,15,West,Net Banking,0,4,4365.55,1495.41,4,Apr,2
ORD01408,2333,2023-04-13 10:48:07.777555,Sports,2340.79,2,15,South,UPI,0,3,3979.34,946.69,4,Apr,2
ORD01409,1097,2023-04-13 12:32:58.955791,Electronics,2532.77,1,10,North,Debit Card,0,3,2279.49,691.78,4,Apr,2
ORD01410,1054,2023-04-13 14:17:50.134026,Home & Kitchen,132.8,5,0,North,Net Banking,0,4,664.0,155.53,4,Apr,2
ORD01411,3670,2023-04-13 16:02:41.312262,Books,1463.16,2,10,North,UPI,0,4,2633.69,1033.77,4,Apr,2
ORD01412,3711,2023-04-13 17:47:32.490498,Sports,100.0,1,5,North,COD,1,4,95.0,35.63,4,Apr,2
ORD01413,1757,2023-04-13 19:32:23.668733,Books,100.0,4,10,West,Net Banking,0,3,360.0,105.09,4,Apr,2
ORD01414,1405,2023-04-13 21:17:14.846969,Home & Kitchen,3514.8,3,25,South,Debit Card,0,5,7908.3,2730.88,4,Apr,2
ORD01415,3116,2023-04-13 23:02:06.025205,Books,1124.78,5,10,West,UPI,0,2,5061.51,1910.32,4,Apr,2
ORD01416,2312,2023-04-14 00:46:57.203440,Books,1997.15,2,0,South,COD,0,4,3994.3,842.4,4,Apr,2
ORD01417,2785,2023-04-14 02:31:48.381676,Sports,2734.88,4,10,North,COD,0,4,9845.57,2903.17,4,Apr,2
ORD01418,1750,2023-04-14 04:16:39.559911,Home & Kitchen,4481.25,3,20,South,Net Banking,0,3,10755.0,2908.46,4,Apr,2
ORD01419,2762,2023-04-14 06:01:30.738147,Home & Kitchen,3052.88,3,20,North,UPI,1,5,7326.91,2512.38,4,Apr,2
ORD01420,1364,2023-04-14 07:46:21.916383,Books,990.47,4,10,West,COD,0,4,3565.69,872.78,4,Apr,2
ORD01421,3026,2023-04-14 09:31:13.094618,Books,614.14,2,0,South,Net Banking,0,4,1228.28,401.95,4,Apr,2
ORD01422,1481,2023-04-14 11:16:04.272854,Home & Kitchen,251.73,3,10,East,Credit Card,0,4,679.67,170.43,4,Apr,2
ORD01423,3248,2023-04-14 13:00:55.451090,Sports,767.04,5,10,South,COD,0,5,3451.68,613.6,4,Apr,2
ORD01424,1153,2023-04-14 14:45:46.629325,Home & Kitchen,684.73,1,30,North,Net Banking,0,4,479.31,84.73,4,Apr,2
ORD01425,2524,2023-04-14 16:30:37.807561,Beauty,1230.02,5,15,East,Credit Card,1,4,5227.58,939.73,4,Apr,2
ORD01426,3120,2023-04-14 18:15:28.985797,Sports,1642.72,3,15,North,Net Banking,0,3,4188.94,662.4,4,Apr,2
ORD01427,3760,2023-04-14 20:00:20.164032,Home & Kitchen,5747.43,1,10,East,COD,0,2,5172.69,1465.13,4,Apr,2
ORD01428,3343,2023-04-14 21:45:11.342268,Home & Kitchen,1955.06,4,5,East,Credit Card,0,3,7429.23,2362.31,4,Apr,2
ORD01429,2040,2023-04-14 23:30:02.520504,Beauty,1548.18,1,20,South,Net Banking,0,5,1238.54,225.02,4,Apr,2
ORD01430,2664,2023-04-15 01:14:53.698739,Home & Kitchen,612.16,1,10,South,UPI,0,4,550.94,166.92,4,Apr,2
ORD01431,2240,2023-04-15 02:59:44.876975,Sports,100.0,1,30,East,Credit Card,0,5,70.0,20.96,4,Apr,2
ORD01432,1060,2023-04-15 04:44:36.055211,Home & Kitchen,509.78,3,10,East,Net Banking,0,3,1376.41,257.08,4,Apr,2
ORD01433,1938,2023-04-15 06:29:27.233446,Home & Kitchen,2194.43,2,0,East,UPI,1,4,4388.86,1101.69,4,Apr,2
ORD01434,2639,2023-04-15 08:14:18.411682,Electronics,344.63,3,15,North,Credit Card,1,5,878.81,297.73,4,Apr,2
ORD01435,3089,2023-04-15 09:59:09.589917,Clothing,1868.17,2,0,South,Net Banking,0,2,3736.34,576.1,4,Apr,2
ORD01436,1024,2023-04-15 11:44:00.768153,Beauty,1300.46,4,0,North,COD,0,4,5201.84,971.38,4,Apr,2
ORD01437,2062,2023-04-15 13:28:51.946389,Home & Kitchen,282.85,4,5,South,Credit Card,0,5,1074.83,428.81,4,Apr,2
ORD01438,1130,2023-04-15 15:13:43.124624,Home & Kitchen,454.95,4,15,West,Credit Card,0,5,1546.83,515.69,4,Apr,2
ORD01439,2252,2023-04-15 16:58:34.302860,Beauty,1028.67,4,10,North,UPI,0,5,3703.21,985.17,4,Apr,2
ORD01440,1107,2023-04-15 18:43:25.481096,Home & Kitchen,812.89,4,0,South,Net Banking,0,5,3251.56,999.69,4,Apr,2
ORD01441,1171,2023-04-15 20:28:16.659331,Books,2261.43,5,15,East,COD,0,4,9611.08,3474.94,4,Apr,2
ORD01442,2458,2023-04-15 22:13:07.837567,Sports,1988.67,3,10,East,UPI,0,3,5369.41,1936.08,4,Apr,2
ORD01443,1101,2023-04-15 23:57:59.015803,Home & Kitchen,1282.0,2,25,South,Credit Card,0,5,1923.0,444.55,4,Apr,2
ORD01444,3913,2023-04-16 01:42:50.194038,Electronics,2591.27,4,10,East,UPI,1,5,9328.57,2545.05,4,Apr,2
ORD01445,3571,2023-04-16 03:27:41.372274,Books,1240.6,5,15,East,UPI,0,4,5272.55,1631.93,4,Apr,2
ORD01446,3322,2023-04-16 05:12:32.550510,Books,5002.66,5,0,West,UPI,0,3,25013.3,4201.59,4,Apr,2
ORD01447,2636,2023-04-16 06:57:23.728745,Clothing,367.36,5,20,West,Credit Card,0,4,1469.44,567.86,4,Apr,2
ORD01448,3864,2023-04-16 08:42:14.906981,Books,1878.34,3,15,West,Debit Card,0,4,4789.77,1236.65,4,Apr,2
ORD01449,2040,2023-04-16 10:27:06.085217,Clothing,692.92,4,25,North,UPI,0,3,2078.76,504.55,4,Apr,2
ORD01450,1329,2023-04-16 12:11:57.263452,Electronics,490.6,5,0,West,Debit Card,0,5,2453.0,924.23,4,Apr,2
ORD01451,2520,2023-04-16 13:56:48.441688,Clothing,298.39,5,10,West,COD,0,4,1342.76,241.12,4,Apr,2
ORD01452,1011,2023-04-16 15:41:39.619923,Electronics,1206.13,4,15,West,COD,1,4,4100.84,655.38,4,Apr,2
ORD01453,2341,2023-04-16 17:26:30.798159,Home & Kitchen,364.0,3,0,South,COD,0,4,1092.0,350.81,4,Apr,2
ORD01454,1215,2023-04-16 19:11:21.976395,Sports,335.37,5,10,East,Net Banking,0,3,1509.16,371.63,4,Apr,2
ORD01455,1338,2023-04-16 20:56:13.154630,Home & Kitchen,6989.74,2,25,South,Credit Card,0,4,10484.61,3576.5,4,Apr,2
ORD01456,2799,2023-04-16 22:41:04.332866,Clothing,2427.32,1,10,West,Debit Card,0,4,2184.59,365.12,4,Apr,2
ORD01457,3708,2023-04-17 00:25:55.511102,Electronics,2069.14,1,30,North,Net Banking,1,4,1448.4,356.22,4,Apr,2
ORD01458,2750,2023-04-17 02:10:46.689337,Electronics,2370.26,1,0,South,Debit Card,0,3,2370.26,494.98,4,Apr,2
ORD01459,2508,2023-04-17 03:55:37.867573,Books,5206.92,3,15,West,Credit Card,0,4,13277.65,4446.71,4,Apr,2
ORD01460,3421,2023-04-17 05:40:29.045809,Electronics,1277.43,5,10,North,UPI,0,4,5748.44,1188.73,4,Apr,2
ORD01461,1709,2023-04-17 07:25:20.224044,Books,373.16,1,10,North,Net Banking,0,5,335.84,88.83,4,Apr,2
ORD01462,2223,2023-04-17 09:10:11.402280,Electronics,2973.03,1,30,North,Credit Card,0,5,2081.12,738.21,4,Apr,2
ORD01463,3513,2023-04-17 10:55:02.580516,Sports,2036.45,4,0,East,Net Banking,0,5,8145.8,3086.02,4,Apr,2
ORD01464,2112,2023-04-17 12:39:53.758751,Clothing,802.44,5,25,North,COD,0,4,3009.15,994.98,4,Apr,2
ORD01465,2291,2023-04-17 14:24:44.936987,Electronics,962.45,5,15,West,Net Banking,0,4,4090.41,1052.49,4,Apr,2
ORD01466,1488,2023-04-17 16:09:36.115223,Sports,794.64,4,0,South,UPI,0,3,3178.56,931.31,4,Apr,2
ORD01467,2561,2023-04-17 17:54:27.293458,Clothing,3987.65,5,25,South,UPI,0,5,14953.69,4821.41,4,Apr,2
ORD01468,1046,2023-04-17 19:39:18.471694,Electronics,631.32,2,10,West,Debit Card,1,4,1136.38,419.02,4,Apr,2
ORD01469,1777,2023-04-17 21:24:09.649929,Home & Kitchen,4965.02,3,20,East,Net Banking,0,5,11916.05,4434.48,4,Apr,2
ORD01470,2039,2023-04-17 23:09:00.828165,Home & Kitchen,3616.45,4,5,East,COD,0,4,13742.51,5259.84,4,Apr,2
ORD01471,1710,2023-04-18 00:53:52.006401,Home & Kitchen,1493.49,1,25,North,UPI,0,2,1120.12,395.04,4,Apr,2
ORD01472,1400,2023-04-18 02:38:43.184636,Electronics,1300.61,5,15,West,Debit Card,0,3,5527.59,1032.0,4,Apr,2
ORD01473,2817,2023-04-18 04:23:34.362872,Clothing,693.27,2,0,North,COD,0,5,1386.54,467.14,4,Apr,2
ORD01474,1249,2023-04-18 06:08:25.541108,Clothing,100.0,2,15,North,COD,0,3,170.0,60.12,4,Apr,2
ORD01475,1390,2023-04-18 07:53:16.719343,Electronics,204.8,3,0,West,COD,1,3,614.4,227.0,4,Apr,2
ORD01476,1334,2023-04-18 09:38:07.897579,Sports,2105.05,2,10,East,Credit Card,0,5,3789.09,1444.42,4,Apr,2
ORD01477,1628,2023-04-18 11:22:59.075815,Home & Kitchen,956.68,5,0,East,UPI,0,4,4783.4,1326.39,4,Apr,2
ORD01478,1136,2023-04-18 13:07:50.254050,Clothing,243.49,5,0,South,Credit Card,0,2,1217.45,382.0,4,Apr,2
ORD01479,3930,2023-04-18 14:52:41.432286,Home & Kitchen,459.71,2,0,West,Credit Card,0,3,919.42,140.11,4,Apr,2
ORD01480,3735,2023-04-18 16:37:32.610522,Electronics,4430.07,5,10,North,UPI,0,3,19935.31,5844.95,4,Apr,2
ORD01481,2521,2023-04-18 18:22:23.788757,Sports,686.24,5,10,West,Net Banking,0,4,3088.08,828.53,4,Apr,2
ORD01482,1826,2023-04-18 20:07:14.966993,Electronics,3573.77,1,10,North,Debit Card,0,5,3216.39,1256.25,4,Apr,2
ORD01483,1726,2023-04-18 21:52:06.145229,Electronics,544.98,4,0,South,UPI,0,3,2179.92,818.4,4,Apr,2
ORD01484,2500,2023-04-18 23:36:57.323464,Books,1175.33,5,15,South,Debit Card,0,5,4995.15,1745.31,4,Apr,2
ORD01485,3641,2023-04-19 01:21:48.501700,Home & Kitchen,100.0,5,15,South,Net Banking,0,2,425.0,69.81,4,Apr,2
ORD01486,1989,2023-04-19 03:06:39.679935,Home & Kitchen,1106.82,3,5,South,UPI,0,3,3154.44,790.21,4,Apr,2
ORD01487,3419,2023-04-19 04:51:30.858171,Electronics,1519.79,4,25,North,COD,0,5,4559.37,1477.28,4,Apr,2
ORD01488,1934,2023-04-19 06:36:22.036407,Clothing,400.46,4,15,East,UPI,0,3,1361.56,214.33,4,Apr,2
ORD01489,1401,2023-04-19 08:21:13.214642,Books,1297.46,4,15,North,Net Banking,0,5,4411.36,921.77,4,Apr,2
ORD01490,2466,2023-04-19 10:06:04.392878,Electronics,1562.64,2,0,South,Credit Card,0,5,3125.28,1162.22,4,Apr,2
ORD01491,1614,2023-04-19 11:50:55.571114,Sports,1741.78,1,0,East,UPI,0,2,1741.78,317.78,4,Apr,2
ORD01492,2296,2023-04-19 13:35:46.749349,Electronics,2246.87,1,25,West,COD,0,4,1685.15,274.42,4,Apr,2
ORD01493,2182,2023-04-19 15:20:37.927585,Books,559.51,3,20,North,UPI,0,4,1342.82,396.33,4,Apr,2
ORD01494,3667,2023-04-19 17:05:29.105821,Home & Kitchen,1258.22,4,0,West,Credit Card,0,5,5032.88,1945.79,4,Apr,2
ORD01495,3235,2023-04-19 18:50:20.284056,Clothing,5991.4,4,5,South,UPI,0,4,22767.32,8165.64,4,Apr,2
ORD01496,2121,2023-04-19 20:35:11.462292,Home & Kitchen,3426.3,5,15,West,COD,0,4,14561.78,5732.87,4,Apr,2
ORD01497,1130,2023-04-19 22:20:02.640528,Sports,4575.77,2,15,East,Net Banking,0,2,7778.81,2632.2,4,Apr,2
ORD01498,3852,2023-04-20 00:04:53.818763,Electronics,731.97,2,25,East,COD,0,4,1097.96,284.75,4,Apr,2
ORD01499,2194,2023-04-20 01:49:44.996999,Beauty,2319.19,3,0,East,Net Banking,1,3,6957.57,2690.17,4,Apr,2
ORD01500,3983,2023-04-20 03:34:36.175235,Home & Kitchen,1450.97,1,10,North,COD,0,2,1305.87,335.16,4,Apr,2
ORD01501,1182,2023-04-20 05:19:27.353470,Clothing,129.54,4,0,West,Debit Card,0,5,518.16,123.08,4,Apr,2
ORD01502,1363,2023-04-20 07:04:18.531706,Clothing,2605.74,3,5,West,UPI,1,3,7426.36,1946.07,4,Apr,2
ORD01503,1038,2023-04-20 08:49:09.709941,Clothing,1695.62,2,0,West,UPI,0,3,3391.24,1198.78,4,Apr,2
ORD01504,3544,2023-04-20 10:34:00.888177,Home & Kitchen,332.69,2,25,South,Credit Card,0,4,499.04,189.35,4,Apr,2
ORD01505,2372,2023-04-20 12:18:52.066413,Sports,124.65,2,10,North,Debit Card,0,5,224.37,53.72,4,Apr,2
ORD01506,1920,2023-04-20 14:03:43.244648,Sports,2721.21,4,20,North,Credit Card,0,2,8707.87,2312.48,4,Apr,2
ORD01507,3769,2023-04-20 15:48:34.422884,Beauty,123.28,4,0,West,UPI,0,2,493.12,184.71,4,Apr,2
ORD01508,1015,2023-04-20 17:33:25.601120,Sports,143.7,4,0,North,Credit Card,0,2,574.8,92.98,4,Apr,2
ORD01509,1492,2023-04-20 19:18:16.779355,Home & Kitchen,836.37,5,0,West,Net Banking,0,1,4181.85,1446.78,4,Apr,2
ORD01510,2449,2023-04-20 21:03:07.957591,Clothing,217.19,1,5,West,Debit Card,0,4,206.33,54.38,4,Apr,2
ORD01511,2131,2023-04-20 22:47:59.135827,Books,3674.36,2,20,West,COD,0,4,5878.98,1435.23,4,Apr,2
ORD01512,3941,2023-04-21 00:32:50.314062,Electronics,953.12,2,5,East,Net Banking,0,4,1810.93,473.98,4,Apr,2
ORD01513,1310,2023-04-21 02:17:41.492298,Home & Kitchen,1263.0,5,0,South,COD,0,4,6315.0,1608.26,4,Apr,2
ORD01514,1738,2023-04-21 04:02:32.670534,Clothing,3948.85,2,0,North,Credit Card,0,5,7897.7,2678.54,4,Apr,2
ORD01515,1545,2023-04-21 05:47:23.848769,Electronics,1133.37,2,0,South,UPI,0,4,2266.74,865.86,4,Apr,2
ORD01516,3461,2023-04-21 07:32:15.027005,Electronics,654.48,4,20,East,Net Banking,1,5,2094.34,571.47,4,Apr,2
ORD01517,1250,2023-04-21 09:17:06.205241,Clothing,2392.97,4,10,North,Debit Card,0,4,8614.69,3085.64,4,Apr,2
ORD01518,1758,2023-04-21 11:01:57.383476,Home & Kitchen,877.38,1,15,West,COD,0,5,745.77,248.33,4,Apr,2
ORD01519,2804,2023-04-21 12:46:48.561712,Books,575.12,2,15,South,Net Banking,0,4,977.7,227.48,4,Apr,2
ORD01520,2297,2023-04-21 14:31:39.739947,Home & Kitchen,1926.85,3,0,East,UPI,0,4,5780.55,1715.83,4,Apr,2
ORD01521,2631,2023-04-21 16:16:30.918183,Books,2426.25,2,0,North,Debit Card,0,5,4852.5,1536.81,4,Apr,2
ORD01522,2914,2023-04-21 18:01:22.096419,Home & Kitchen,2353.28,2,20,North,Debit Card,0,2,3765.25,586.91,4,Apr,2
ORD01523,1813,2023-04-21 19:46:13.274654,Electronics,5703.03,1,15,South,COD,0,4,4847.58,1206.99,4,Apr,2
ORD01524,1028,2023-04-21 21:31:04.452890,Electronics,2317.35,3,5,South,Net Banking,0,5,6604.45,2629.62,4,Apr,2
ORD01525,1957,2023-04-21 23:15:55.631126,Home & Kitchen,2204.08,2,0,North,Net Banking,0,5,4408.16,1363.51,4,Apr,2
ORD01526,3032,2023-04-22 01:00:46.809361,Books,2922.46,3,0,North,Debit Card,0,4,8767.38,2047.72,4,Apr,2
ORD01527,1476,2023-04-22 02:45:37.987597,Electronics,100.0,4,0,East,Credit Card,0,4,400.0,85.0,4,Apr,2
ORD01528,1317,2023-04-22 04:30:29.165833,Clothing,675.14,4,0,West,Debit Card,0,3,2700.56,546.51,4,Apr,2
ORD01529,1244,2023-04-22 06:15:20.344068,Electronics,2006.85,3,0,West,UPI,0,5,6020.55,1507.61,4,Apr,2
ORD01530,1747,2023-04-22 08:00:11.522304,Books,1373.38,2,10,East,Net Banking,0,4,2472.08,490.25,4,Apr,2
ORD01531,1696,2023-04-22 09:45:02.700540,Clothing,293.24,3,0,North,COD,0,5,879.72,161.69,4,Apr,2
ORD01532,1271,2023-04-22 11:29:53.878775,Home & Kitchen,543.03,3,0,South,Net Banking,0,1,1629.09,392.64,4,Apr,2
ORD01533,2771,2023-04-22 13:14:45.057011,Sports,616.0,4,25,South,Debit Card,1,3,1848.0,557.63,4,Apr,2
ORD01534,2262,2023-04-22 14:59:36.235247,Clothing,1258.4,3,10,North,UPI,0,4,3397.68,634.01,4,Apr,2
ORD01535,3424,2023-04-22 16:44:27.413482,Beauty,2672.1,5,25,East,Credit Card,0,4,10020.38,1614.14,4,Apr,2
ORD01536,1265,2023-04-22 18:29:18.591718,Books,4043.26,5,5,North,Net Banking,0,4,19205.48,3047.11,4,Apr,2
ORD01537,3973,2023-04-22 20:14:09.769953,Home & Kitchen,2080.0,4,15,South,Debit Card,0,1,7072.0,1533.54,4,Apr,2
ORD01538,1920,2023-04-22 21:59:00.948189,Home & Kitchen,2776.79,2,0,North,Debit Card,0,3,5553.58,1097.02,4,Apr,2
ORD01539,1339,2023-04-22 23:43:52.126425,Home & Kitchen,952.59,2,15,North,Debit Card,1,3,1619.4,461.23,4,Apr,2
ORD01540,1388,2023-04-23 01:28:43.304660,Books,740.89,4,0,East,UPI,0,3,2963.56,782.17,4,Apr,2
ORD01541,3624,2023-04-23 03:13:34.482896,Clothing,748.12,2,0,West,Debit Card,0,3,1496.24,345.92,4,Apr,2
ORD01542,3050,2023-04-23 04:58:25.661132,Electronics,1435.82,1,25,South,Debit Card,0,5,1076.86,385.93,4,Apr,2
ORD01543,2165,2023-04-23 06:43:16.839367,Electronics,198.99,5,10,South,Debit Card,0,4,895.46,247.36,4,Apr,2
ORD01544,1375,2023-04-23 08:28:08.017603,Clothing,1299.45,1,25,North,Net Banking,0,4,974.59,168.49,4,Apr,2
ORD01545,3033,2023-04-23 10:12:59.195839,Clothing,1641.03,1,5,South,Debit Card,0,5,1558.98,349.12,4,Apr,2
ORD01546,3371,2023-04-23 11:57:50.374074,Clothing,866.81,1,5,South,UPI,1,4,823.47,323.9,4,Apr,2
ORD01547,1145,2023-04-23 13:42:41.552310,Electronics,4591.76,4,10,West,Net Banking,0,5,16530.34,6516.99,4,Apr,2
ORD01548,2981,2023-04-23 15:27:32.730546,Home & Kitchen,1405.56,1,15,South,Debit Card,1,3,1194.73,255.28,4,Apr,2
ORD01549,1292,2023-04-23 17:12:23.908781,Sports,372.69,3,10,South,Credit Card,0,4,1006.26,193.01,4,Apr,2
ORD01550,1431,2023-04-23 18:57:15.087017,Beauty,978.63,2,25,East,UPI,1,4,1467.94,402.1,4,Apr,2
ORD01551,1704,2023-04-23 20:42:06.265253,Books,1687.76,4,0,East,Credit Card,0,4,6751.04,1825.25,4,Apr,2
ORD01552,3996,2023-04-23 22:26:57.443488,Home & Kitchen,586.52,3,15,East,UPI,0,4,1495.63,377.7,4,Apr,2
ORD01553,2998,2023-04-24 00:11:48.621724,Sports,124.49,3,5,East,Credit Card,0,3,354.8,100.17,4,Apr,2
ORD01554,3632,2023-04-24 01:56:39.799959,Clothing,1313.57,5,0,East,Debit Card,0,5,6567.85,1366.43,4,Apr,2
ORD01555,1398,2023-04-24 03:41:30.978195,Clothing,4431.03,5,10,West,Credit Card,0,4,19939.63,3563.86,4,Apr,2
ORD01556,3864,2023-04-24 05:26:22.156431,Beauty,995.59,3,10,South,Credit Card,0,1,2688.09,786.58,4,Apr,2
ORD01557,1963,2023-04-24 07:11:13.334666,Books,3548.43,5,0,North,UPI,0,4,17742.15,6797.9,4,Apr,2
ORD01558,3234,2023-04-24 08:56:04.512902,Books,2702.93,2,0,West,Debit Card,0,5,5405.86,997.04,4,Apr,2
ORD01559,3041,2023-04-24 10:40:55.691138,Electronics,239.22,2,10,North,UPI,0,3,430.6,140.46,4,Apr,2
ORD01560,2828,2023-04-24 12:25:46.869373,Electronics,1847.38,5,10,East,Debit Card,0,1,8313.21,2157.06,4,Apr,2
ORD01561,3108,2023-04-24 14:10:38.047609,Sports,857.63,1,5,South,COD,0,5,814.75,182.09,4,Apr,2
ORD01562,1938,2023-04-24 15:55:29.225845,Home & Kitchen,432.02,3,0,East,Net Banking,0,5,1296.06,470.83,4,Apr,2
ORD01563,1709,2023-04-24 17:40:20.404080,Clothing,1742.03,2,0,West,Net Banking,0,2,3484.06,920.22,4,Apr,2
ORD01564,1806,2023-04-24 19:25:11.582316,Electronics,2036.04,5,30,North,UPI,0,5,7126.14,2108.11,4,Apr,2
ORD01565,2463,2023-04-24 21:10:02.760552,Home & Kitchen,297.49,5,25,South,Debit Card,1,4,1115.59,290.91,4,Apr,2
ORD01566,2325,2023-04-24 22:54:53.938787,Home & Kitchen,3687.89,2,10,West,Credit Card,0,5,6638.2,1130.57,4,Apr,2
ORD01567,1010,2023-04-25 00:39:45.117023,Electronics,2086.34,2,30,West,Net Banking,0,4,2920.88,872.54,4,Apr,2
ORD01568,2085,2023-04-25 02:24:36.295259,Sports,4063.02,1,15,South,UPI,0,5,3453.57,879.66,4,Apr,2
ORD01569,2868,2023-04-25 04:09:27.473494,Electronics,572.05,5,0,South,UPI,0,5,2860.25,491.07,4,Apr,2
ORD01570,3273,2023-04-25 05:54:18.651730,Clothing,4203.58,5,0,West,UPI,0,1,21017.9,6283.36,4,Apr,2
ORD01571,3611,2023-04-25 07:39:09.829965,Home & Kitchen,689.53,4,25,North,Debit Card,0,2,2068.59,315.39,4,Apr,2
ORD01572,1771,2023-04-25 09:24:01.008201,Clothing,100.0,1,15,North,UPI,0,4,85.0,17.18,4,Apr,2
ORD01573,2594,2023-04-25 11:08:52.186437,Sports,2159.35,2,20,West,COD,0,2,3454.96,1192.89,4,Apr,2
ORD01574,2607,2023-04-25 12:53:43.364672,Home & Kitchen,1823.6,2,25,West,Credit Card,0,4,2735.4,436.25,4,Apr,2
ORD01575,2333,2023-04-25 14:38:34.542908,Sports,1366.62,3,10,East,UPI,0,5,3689.87,1150.02,4,Apr,2
ORD01576,1884,2023-04-25 16:23:25.721144,Electronics,1009.7,2,0,East,Debit Card,0,3,2019.4,782.37,4,Apr,2
ORD01577,2389,2023-04-25 18:08:16.899379,Electronics,100.0,5,0,North,Credit Card,0,4,500.0,96.4,4,Apr,2
ORD01578,1225,2023-04-25 19:53:08.077615,Clothing,1469.63,2,0,East,Credit Card,0,4,2939.26,747.39,4,Apr,2
ORD01579,1824,2023-04-25 21:37:59.255851,Books,808.93,5,0,North,Net Banking,0,4,4044.65,1188.62,4,Apr,2
ORD01580,3265,2023-04-25 23:22:50.434086,Home & Kitchen,1232.18,5,10,South,UPI,1,3,5544.81,1456.09,4,Apr,2
ORD01581,1936,2023-04-26 01:07:41.612322,Sports,841.39,1,0,East,UPI,0,3,841.39,256.7,4,Apr,2
ORD01582,3800,2023-04-26 02:52:32.790558,Home & Kitchen,5074.57,2,0,North,Debit Card,1,5,10149.14,2547.68,4,Apr,2
ORD01583,3553,2023-04-26 04:37:23.968793,Beauty,1389.92,1,10,North,COD,1,5,1250.93,234.08,4,Apr,2
ORD01584,3306,2023-04-26 06:22:15.147029,Home & Kitchen,2074.87,5,5,West,COD,0,5,9855.63,1697.74,4,Apr,2
ORD01585,2911,2023-04-26 08:07:06.325265,Clothing,4131.46,2,10,North,Net Banking,0,5,7436.63,2499.53,4,Apr,2
ORD01586,2796,2023-04-26 09:51:57.503500,Clothing,1343.26,2,10,East,COD,0,4,2417.87,506.92,4,Apr,2
ORD01587,1053,2023-04-26 11:36:48.681736,Home & Kitchen,100.0,1,15,West,Debit Card,0,5,85.0,30.76,4,Apr,2
ORD01588,1726,2023-04-26 13:21:39.859971,Electronics,100.0,1,25,West,Net Banking,0,4,75.0,25.18,4,Apr,2
ORD01589,3736,2023-04-26 15:06:31.038207,Electronics,1817.7,5,0,East,UPI,0,2,9088.5,1475.64,4,Apr,2
ORD01590,2544,2023-04-26 16:51:22.216443,Books,490.85,5,0,South,COD,0,4,2454.25,491.59,4,Apr,2
ORD01591,2043,2023-04-26 18:36:13.394678,Sports,1299.04,2,25,East,Debit Card,0,3,1948.56,434.53,4,Apr,2
ORD01592,2913,2023-04-26 20:21:04.572914,Electronics,338.99,2,10,East,Debit Card,0,4,610.18,182.21,4,Apr,2
ORD01593,2776,2023-04-26 22:05:55.751150,Sports,472.58,4,20,West,UPI,0,3,1512.26,533.01,4,Apr,2
ORD01594,2596,2023-04-26 23:50:46.929385,Sports,1053.71,4,0,East,Debit Card,0,4,4214.84,695.8,4,Apr,2
ORD01595,2914,2023-04-27 01:35:38.107621,Books,5567.88,3,20,South,Net Banking,0,4,13362.91,2838.31,4,Apr,2
ORD01596,3466,2023-04-27 03:20:29.285857,Electronics,1436.73,5,25,South,Net Banking,0,5,5387.74,1314.89,4,Apr,2
ORD01597,3737,2023-04-27 05:05:20.464092,Electronics,4126.78,3,15,South,Credit Card,0,4,10523.29,2060.93,4,Apr,2
ORD01598,1849,2023-04-27 06:50:11.642328,Home & Kitchen,4805.24,3,0,West,UPI,0,5,14415.72,4127.55,4,Apr,2
ORD01599,3109,2023-04-27 08:35:02.820564,Home & Kitchen,350.0,1,25,East,Debit Card,0,2,262.5,70.74,4,Apr,2
ORD01600,3263,2023-04-27 10:19:53.998799,Sports,559.19,1,20,North,COD,1,4,447.35,102.5,4,Apr,2
ORD01601,1002,2023-04-27 12:04:45.177035,Home & Kitchen,2204.46,4,20,East,Net Banking,0,4,7054.27,1969.71,4,Apr,2
ORD01602,1159,2023-04-27 13:49:36.355271,Electronics,3023.45,3,0,South,UPI,0,5,9070.35,2167.41,4,Apr,2
ORD01603,1780,2023-04-27 15:34:27.533506,Electronics,1098.54,4,20,East,UPI,0,4,3515.33,828.91,4,Apr,2
ORD01604,1892,2023-04-27 17:19:18.711742,Home & Kitchen,7492.01,5,0,West,Net Banking,0,4,37460.05,8104.44,4,Apr,2
ORD01605,3030,2023-04-27 19:04:09.889977,Electronics,100.0,2,0,East,Credit Card,0,3,200.0,57.02,4,Apr,2
ORD01606,3376,2023-04-27 20:49:01.068213,Clothing,534.14,1,10,West,UPI,0,3,480.73,125.48,4,Apr,2
ORD01607,1579,2023-04-27 22:33:52.246449,Books,1463.91,5,0,North,Debit Card,0,4,7319.55,1457.18,4,Apr,2
ORD01608,2933,2023-04-28 00:18:43.424684,Electronics,950.31,5,15,North,COD,0,5,4038.82,618.92,4,Apr,2
ORD01609,2380,2023-04-28 02:03:34.602920,Electronics,185.97,1,15,West,COD,1,3,158.07,29.67,4,Apr,2
ORD01610,2290,2023-04-28 03:48:25.781156,Clothing,687.79,1,0,East,Net Banking,0,3,687.79,110.53,4,Apr,2
ORD01611,2640,2023-04-28 05:33:16.959391,Clothing,100.0,3,15,South,UPI,0,3,255.0,65.76,4,Apr,2
ORD01612,1951,2023-04-28 07:18:08.137627,Electronics,1543.96,4,25,West,COD,0,2,4631.88,955.44,4,Apr,2
ORD01613,3682,2023-04-28 09:02:59.315863,Home & Kitchen,3348.78,5,0,East,UPI,1,5,16743.9,4271.6,4,Apr,2
ORD01614,1987,2023-04-28 10:47:50.494098,Sports,3242.59,3,10,East,Net Banking,0,5,8754.99,2034.33,4,Apr,2
ORD01615,2218,2023-04-28 12:32:41.672334,Clothing,1803.68,3,5,East,Credit Card,0,4,5140.49,1462.49,4,Apr,2
ORD01616,1920,2023-04-28 14:17:32.850570,Sports,940.39,5,10,South,COD,0,3,4231.76,1400.57,4,Apr,2
ORD01617,3785,2023-04-28 16:02:24.028805,Clothing,1076.26,5,0,South,Debit Card,0,5,5381.3,1452.03,4,Apr,2
ORD01618,2355,2023-04-28 17:47:15.207041,Books,220.87,2,5,South,Net Banking,0,1,419.65,69.45,4,Apr,2
ORD01619,1169,2023-04-28 19:32:06.385277,Sports,625.59,4,0,West,Credit Card,0,4,2502.36,386.31,4,Apr,2
ORD01620,1520,2023-04-28 21:16:57.563512,Home & Kitchen,311.88,5,30,West,Debit Card,0,5,1091.58,221.93,4,Apr,2
ORD01621,2486,2023-04-28 23:01:48.741748,Sports,2582.23,1,15,South,Debit Card,1,4,2194.9,562.43,4,Apr,2
ORD01622,1039,2023-04-29 00:46:39.919983,Electronics,3693.32,2,10,West,COD,0,1,6647.98,1071.83,4,Apr,2
ORD01623,2560,2023-04-29 02:31:31.098219,Electronics,1154.79,4,5,South,UPI,0,3,4388.2,1017.77,4,Apr,2
ORD01624,2418,2023-04-29 04:16:22.276455,Sports,1951.63,1,10,West,Net Banking,0,5,1756.47,652.98,4,Apr,2
ORD01625,1954,2023-04-29 06:01:13.454690,Clothing,194.25,1,5,East,Debit Card,0,1,184.54,31.83,4,Apr,2
ORD01626,1983,2023-04-29 07:46:04.632926,Clothing,1406.79,4,5,South,COD,0,4,5345.8,2069.51,4,Apr,2
ORD01627,1974,2023-04-29 09:30:55.811162,Home & Kitchen,1819.98,2,10,West,Credit Card,0,5,3275.96,1193.0,4,Apr,2
ORD01628,1037,2023-04-29 11:15:46.989397,Sports,904.32,1,0,East,Debit Card,0,5,904.32,323.7,4,Apr,2
ORD01629,3375,2023-04-29 13:00:38.167633,Sports,418.13,3,0,East,Credit Card,0,4,1254.39,459.0,4,Apr,2
ORD01630,2274,2023-04-29 14:45:29.345869,Clothing,3147.93,4,10,West,Net Banking,0,3,11332.55,1926.68,4,Apr,2
ORD01631,2199,2023-04-29 16:30:20.524104,Sports,2037.49,4,20,East,COD,0,4,6519.97,1224.4,4,Apr,2
ORD01632,2625,2023-04-29 18:15:11.702340,Electronics,3451.74,5,0,North,Credit Card,0,3,17258.7,3168.58,4,Apr,2
ORD01633,1913,2023-04-29 20:00:02.880576,Electronics,2558.95,2,0,South,UPI,0,3,5117.9,910.02,4,Apr,2
ORD01634,1453,2023-04-29 21:44:54.058811,Home & Kitchen,6965.0,3,0,South,Credit Card,1,5,20895.0,4846.13,4,Apr,2
ORD01635,1036,2023-04-29 23:29:45.237047,Electronics,320.11,3,30,East,Credit Card,1,3,672.23,240.36,4,Apr,2
ORD01636,2711,2023-04-30 01:14:36.415283,Clothing,136.11,5,20,West,COD,0,1,544.44,115.96,4,Apr,2
ORD01637,1795,2023-04-30 02:59:27.593518,Home & Kitchen,616.48,1,10,North,COD,0,4,554.83,117.1,4,Apr,2
ORD01638,1972,2023-04-30 04:44:18.771754,Clothing,207.18,1,25,West,Debit Card,0,4,155.38,49.56,4,Apr,2
ORD01639,1592,2023-04-30 06:29:09.949989,Electronics,1110.77,3,10,South,Credit Card,1,5,2999.08,522.53,4,Apr,2
ORD01640,2137,2023-04-30 08:14:01.128225,Clothing,1503.71,2,30,East,Credit Card,0,5,2105.19,505.39,4,Apr,2
ORD01641,2324,2023-04-30 09:58:52.306461,Books,1295.15,1,0,North,COD,0,4,1295.15,289.93,4,Apr,2
ORD01642,3271,2023-04-30 11:43:43.484696,Books,450.12,4,0,East,UPI,0,4,1800.48,651.46,4,Apr,2
ORD01643,1317,2023-04-30 13:28:34.662932,Sports,3592.45,5,15,North,COD,0,4,15267.91,4254.03,4,Apr,2
ORD01644,3396,2023-04-30 15:13:25.841168,Sports,100.0,2,5,East,UPI,0,3,190.0,59.21,4,Apr,2
ORD01645,3162,2023-04-30 16:58:17.019403,Books,641.6,1,15,West,COD,0,4,545.36,99.4,4,Apr,2
ORD01646,3745,2023-04-30 18:43:08.197639,Sports,1904.06,3,5,South,Net Banking,0,4,5426.57,2074.2,4,Apr,2
ORD01647,2346,2023-04-30 20:27:59.375875,Electronics,2184.62,5,15,East,Credit Card,0,2,9284.63,2141.16,4,Apr,2
ORD01648,2591,2023-04-30 22:12:50.554110,Clothing,807.09,1,0,East,UPI,0,3,807.09,263.68,4,Apr,2
ORD01649,2889,2023-04-30 23:57:41.732346,Sports,100.0,3,0,North,Net Banking,0,4,300.0,116.6,4,Apr,2
ORD01650,3087,2023-05-01 01:42:32.910582,Clothing,1443.67,1,25,West,UPI,0,4,1082.75,300.1,5,May,2
ORD01651,2996,2023-05-01 03:27:24.088817,Beauty,100.0,5,25,West,Debit Card,0,4,375.0,103.83,5,May,2
ORD01652,2772,2023-05-01 05:12:15.267053,Books,171.19,4,30,North,Debit Card,0,5,479.33,85.95,5,May,2
ORD01653,2312,2023-05-01 06:57:06.445289,Sports,1575.81,4,15,West,Credit Card,0,4,5357.75,1326.41,5,May,2
ORD01654,2285,2023-05-01 08:41:57.623524,Clothing,562.01,3,15,South,Net Banking,0,5,1433.13,520.39,5,May,2
ORD01655,1215,2023-05-01 10:26:48.801760,Clothing,641.64,4,10,East,Net Banking,0,4,2309.9,424.51,5,May,2
ORD01656,3383,2023-05-01 12:11:39.979995,Clothing,1000.66,5,0,North,Debit Card,0,4,5003.3,1898.13,5,May,2
ORD01657,3139,2023-05-01 13:56:31.158231,Home & Kitchen,5765.03,3,0,West,Credit Card,0,1,17295.09,5479.56,5,May,2
ORD01658,3400,2023-05-01 15:41:22.336467,Books,5047.68,1,0,South,Debit Card,0,4,5047.68,1288.37,5,May,2
ORD01659,3618,2023-05-01 17:26:13.514702,Beauty,807.45,2,25,South,Net Banking,1,5,1211.18,347.15,5,May,2
ORD01660,3863,2023-05-01 19:11:04.692938,Clothing,462.85,1,0,West,UPI,0,4,462.85,86.84,5,May,2
ORD01661,2704,2023-05-01 20:55:55.871174,Electronics,540.58,5,25,West,Net Banking,1,3,2027.18,414.3,5,May,2
ORD01662,3828,2023-05-01 22:40:47.049409,Clothing,469.56,3,10,North,Credit Card,0,4,1267.81,280.95,5,May,2
ORD01663,1362,2023-05-02 00:25:38.227645,Home & Kitchen,1139.72,1,15,West,Net Banking,0,2,968.76,238.52,5,May,2
ORD01664,3604,2023-05-02 02:10:29.405881,Sports,1400.38,3,0,North,COD,1,4,4201.14,1591.73,5,May,2
ORD01665,2716,2023-05-02 03:55:20.584116,Clothing,1006.43,4,0,East,Net Banking,0,4,4025.72,973.79,5,May,2
ORD01666,2193,2023-05-02 05:40:11.762352,Home & Kitchen,786.36,2,30,South,COD,0,4,1100.9,309.31,5,May,2
ORD01667,1355,2023-05-02 07:25:02.940588,Clothing,356.03,5,0,North,Debit Card,0,5,1780.15,339.13,5,May,2
ORD01668,1190,2023-05-02 09:09:54.118823,Home & Kitchen,988.13,1,0,South,COD,0,4,988.13,330.03,5,May,2
ORD01669,3469,2023-05-02 10:54:45.297059,Sports,625.78,2,0,East,Net Banking,0,4,1251.56,363.04,5,May,2
ORD01670,1699,2023-05-02 12:39:36.475295,Electronics,1170.0,5,0,West,Net Banking,0,4,5850.0,1520.86,5,May,2
ORD01671,3054,2023-05-02 14:24:27.653530,Clothing,1686.77,5,0,North,Net Banking,0,5,8433.85,3262.18,5,May,2
ORD01672,3180,2023-05-02 16:09:18.831766,Beauty,1504.87,4,15,West,Credit Card,0,5,5116.56,1906.75,5,May,2
ORD01673,1556,2023-05-02 17:54:10.010002,Sports,931.21,3,10,South,Debit Card,0,3,2514.27,791.69,5,May,2
ORD01674,1825,2023-05-02 19:39:01.188237,Home & Kitchen,1218.07,3,10,North,COD,0,4,3288.79,1251.23,5,May,2
ORD01675,3808,2023-05-02 21:23:52.366473,Books,502.91,2,0,East,UPI,1,4,1005.82,292.89,5,May,2
ORD01676,2054,2023-05-02 23:08:43.544708,Clothing,100.0,4,20,East,COD,0,3,320.0,114.15,5,May,2
ORD01677,3582,2023-05-03 00:53:34.722944,Books,1471.32,5,20,West,Net Banking,0,1,5885.28,1485.24,5,May,2
ORD01678,1425,2023-05-03 02:38:25.901180,Sports,436.67,4,0,East,UPI,0,3,1746.68,299.88,5,May,2
ORD01679,3719,2023-05-03 04:23:17.079415,Home & Kitchen,1658.25,4,5,East,UPI,0,5,6301.35,2511.32,5,May,2
ORD01680,3410,2023-05-03 06:08:08.257651,Clothing,2061.6,2,0,West,COD,0,4,4123.2,789.21,5,May,2
ORD01681,2574,2023-05-03 07:52:59.435887,Electronics,3714.12,3,20,West,COD,1,4,8913.89,1897.57,5,May,2
ORD01682,3129,2023-05-03 09:37:50.614122,Clothing,4759.52,4,15,North,COD,0,4,16182.37,3087.21,5,May,2
ORD01683,3403,2023-05-03 11:22:41.792358,Electronics,100.0,4,25,North,COD,0,5,300.0,70.31,5,May,2
ORD01684,1588,2023-05-03 13:07:32.970594,Electronics,6964.96,4,0,West,Debit Card,1,4,27859.84,6193.8,5,May,2
ORD01685,3012,2023-05-03 14:52:24.148829,Clothing,1723.37,1,10,South,Credit Card,1,4,1551.03,465.74,5,May,2
ORD01686,2547,2023-05-03 16:37:15.327065,Electronics,1547.23,4,0,South,Credit Card,0,2,6188.92,2470.09,5,May,2
ORD01687,1294,2023-05-03 18:22:06.505301,Electronics,100.0,4,5,North,COD,0,4,380.0,61.99,5,May,2
ORD01688,2985,2023-05-03 20:06:57.683536,Books,2962.44,5,10,North,Credit Card,0,4,13330.98,4594.0,5,May,2
ORD01689,2247,2023-05-03 21:51:48.861772,Electronics,235.84,1,0,West,COD,0,4,235.84,42.92,5,May,2
ORD01690,2548,2023-05-03 23:36:40.040008,Electronics,2724.05,4,15,South,COD,0,4,9261.77,1435.19,5,May,2
ORD01691,2690,2023-05-04 01:21:31.218243,Clothing,100.0,4,10,West,COD,0,4,360.0,111.47,5,May,2
ORD01692,2136,2023-05-04 03:06:22.396479,Electronics,1557.54,2,20,North,Debit Card,0,4,2492.06,917.9,5,May,2
ORD01693,2256,2023-05-04 04:51:13.574714,Books,855.87,2,0,East,Net Banking,0,4,1711.74,332.21,5,May,2
ORD01694,3064,2023-05-04 06:36:04.752950,Electronics,336.15,1,25,East,Credit Card,0,1,252.11,59.35,5,May,2
ORD01695,1359,2023-05-04 08:20:55.931186,Sports,170.7,5,30,East,Credit Card,1,4,597.45,114.82,5,May,2
ORD01696,3913,2023-05-04 10:05:47.109421,Beauty,870.07,1,25,West,Debit Card,0,5,652.55,245.77,5,May,2
ORD01697,1699,2023-05-04 11:50:38.287657,Home & Kitchen,197.4,1,20,South,Debit Card,0,5,157.92,34.36,5,May,2
ORD01698,1447,2023-05-04 13:35:29.465893,Books,999.6,2,20,North,COD,0,5,1599.36,417.72,5,May,2
ORD01699,3903,2023-05-04 15:20:20.644128,Sports,1472.11,2,10,South,COD,0,3,2649.8,990.19,5,May,2
ORD01700,3412,2023-05-04 17:05:11.822364,Home & Kitchen,2635.03,5,0,South,Net Banking,1,3,13175.15,3797.31,5,May,2
ORD01701,1674,2023-05-04 18:50:03.000600,Electronics,1702.83,4,15,North,Credit Card,0,4,5789.62,2218.65,5,May,2
ORD01702,2007,2023-05-04 20:34:54.178835,Clothing,101.13,5,15,South,Debit Card,0,3,429.8,164.02,5,May,2
ORD01703,2349,2023-05-04 22:19:45.357071,Sports,551.02,4,30,East,Net Banking,1,1,1542.86,409.48,5,May,2
ORD01704,3514,2023-05-05 00:04:36.535307,Clothing,509.47,3,10,North,Credit Card,1,4,1375.57,406.61,5,May,2
ORD01705,3461,2023-05-05 01:49:27.713542,Electronics,3698.23,2,0,East,Net Banking,0,3,7396.46,1535.35,5,May,2
ORD01706,1585,2023-05-05 03:34:18.891778,Home & Kitchen,3034.96,3,15,West,Net Banking,0,3,7739.15,3077.35,5,May,2
ORD01707,2256,2023-05-05 05:19:10.070014,Sports,693.41,3,30,East,COD,0,5,1456.16,319.74,5,May,2
ORD01708,2247,2023-05-05 07:04:01.248249,Electronics,110.72,2,0,West,Net Banking,0,3,221.44,76.58,5,May,2
ORD01709,1993,2023-05-05 08:48:52.426485,Books,3367.99,3,5,West,COD,1,2,9598.77,2190.85,5,May,2
ORD01710,2435,2023-05-05 10:33:43.604720,Electronics,3286.43,1,10,North,Credit Card,0,2,2957.79,675.15,5,May,2
ORD01711,1571,2023-05-05 12:18:34.782956,Home & Kitchen,2893.91,4,0,East,Credit Card,0,5,11575.64,2036.92,5,May,2
ORD01712,3382,2023-05-05 14:03:25.961192,Clothing,2797.29,5,0,East,COD,0,5,13986.45,4055.71,5,May,2
ORD01713,2245,2023-05-05 15:48:17.139427,Clothing,981.62,2,5,East,UPI,0,2,1865.08,393.92,5,May,2
ORD01714,3084,2023-05-05 17:33:08.317663,Sports,292.99,1,25,North,Net Banking,0,3,219.74,41.11,5,May,2
ORD01715,1988,2023-05-05 19:17:59.495899,Books,973.66,5,0,West,Credit Card,0,5,4868.3,1006.12,5,May,2
ORD01716,1277,2023-05-05 21:02:50.674134,Home & Kitchen,1023.6,5,10,West,Net Banking,0,3,4606.2,980.08,5,May,2
ORD01717,2219,2023-05-05 22:47:41.852370,Clothing,1009.82,5,20,West,UPI,1,5,4039.28,1114.93,5,May,2
ORD01718,3963,2023-05-06 00:32:33.030606,Clothing,1160.8,3,30,North,Net Banking,0,4,2437.68,600.84,5,May,2
ORD01719,2887,2023-05-06 02:17:24.208841,Home & Kitchen,446.92,3,30,North,UPI,0,3,938.53,158.49,5,May,2
ORD01720,1483,2023-05-06 04:02:15.387077,Electronics,684.13,3,10,South,Debit Card,0,5,1847.15,524.6,5,May,2
ORD01721,2265,2023-05-06 05:47:06.565313,Clothing,854.24,3,30,East,UPI,0,4,1793.9,622.37,5,May,2
ORD01722,1730,2023-05-06 07:31:57.743548,Electronics,210.83,1,0,West,Credit Card,0,3,210.83,61.89,5,May,2
ORD01723,3239,2023-05-06 09:16:48.921784,Home & Kitchen,911.46,3,15,South,COD,0,4,2324.22,914.89,5,May,2
ORD01724,2040,2023-05-06 11:01:40.100020,Beauty,2494.81,2,15,South,COD,0,5,4241.18,741.31,5,May,2
ORD01725,3571,2023-05-06 12:46:31.278255,Beauty,2640.91,5,0,East,Net Banking,0,3,13204.55,4691.42,5,May,2
ORD01726,1917,2023-05-06 14:31:22.456491,Books,795.43,1,10,North,Debit Card,0,4,715.89,197.89,5,May,2
ORD01727,3448,2023-05-06 16:16:13.634726,Clothing,1097.23,3,0,South,Net Banking,0,1,3291.69,922.99,5,May,2
ORD01728,1885,2023-05-06 18:01:04.812962,Clothing,100.0,5,25,North,UPI,0,5,375.0,104.92,5,May,2
ORD01729,3752,2023-05-06 19:45:55.991198,Sports,1683.28,1,5,North,COD,0,4,1599.12,369.92,5,May,2
ORD01730,1021,2023-05-06 21:30:47.169433,Electronics,777.8,5,15,East,UPI,0,3,3305.65,764.06,5,May,2
ORD01731,1473,2023-05-06 23:15:38.347669,Beauty,884.47,1,0,South,COD,0,4,884.47,272.38,5,May,2
ORD01732,3257,2023-05-07 01:00:29.525905,Clothing,3103.32,4,0,West,COD,0,5,12413.28,2000.91,5,May,2
ORD01733,3353,2023-05-07 02:45:20.704140,Beauty,929.38,1,30,South,COD,0,5,650.57,193.35,5,May,2
ORD01734,1703,2023-05-07 04:30:11.882376,Sports,100.0,3,20,West,Credit Card,0,4,240.0,79.48,5,May,2
ORD01735,1686,2023-05-07 06:15:03.060612,Sports,387.17,5,30,West,UPI,0,5,1355.1,323.98,5,May,2
ORD01736,1284,2023-05-07 07:59:54.238847,Clothing,968.31,5,0,North,Net Banking,0,4,4841.55,989.32,5,May,2
ORD01737,1715,2023-05-07 09:44:45.417083,Electronics,828.5,5,0,West,Debit Card,0,2,4142.5,842.36,5,May,2
ORD01738,1762,2023-05-07 11:29:36.595319,Clothing,2953.14,2,10,East,Net Banking,0,5,5315.65,906.11,5,May,2
ORD01739,2250,2023-05-07 13:14:27.773554,Clothing,1171.78,2,10,South,UPI,0,4,2109.2,363.69,5,May,2
ORD01740,1947,2023-05-07 14:59:18.951790,Electronics,1755.01,3,0,North,Debit Card,0,4,5265.03,1009.16,5,May,2
ORD01741,3428,2023-05-07 16:44:10.130026,Books,950.4,4,15,North,Net Banking,0,5,3231.36,500.19,5,May,2
ORD01742,3507,2023-05-07 18:29:01.308261,Clothing,868.81,2,5,West,Debit Card,0,4,1650.74,357.48,5,May,2
ORD01743,2030,2023-05-07 20:13:52.486497,Home & Kitchen,886.66,1,0,North,UPI,0,1,886.66,200.92,5,May,2
ORD01744,1028,2023-05-07 21:58:43.664732,Home & Kitchen,793.79,3,5,East,COD,1,5,2262.3,902.22,5,May,2
ORD01745,1906,2023-05-07 23:43:34.842968,Electronics,1160.18,4,10,East,UPI,0,3,4176.65,1661.98,5,May,2
ORD01746,3926,2023-05-08 01:28:26.021204,Beauty,432.41,1,15,North,Credit Card,0,4,367.55,72.32,5,May,2
ORD01747,3126,2023-05-08 03:13:17.199439,Electronics,3325.37,5,10,North,Debit Card,0,3,14964.16,3041.59,5,May,2
ORD01748,3994,2023-05-08 04:58:08.377675,Clothing,607.64,2,10,East,UPI,0,3,1093.75,298.57,5,May,2
ORD01749,3506,2023-05-08 06:42:59.555911,Books,239.42,1,0,West,COD,0,4,239.42,44.82,5,May,2
ORD01750,1569,2023-05-08 08:27:50.734146,Sports,152.3,4,25,North,COD,0,4,456.9,126.11,5,May,2
ORD01751,3006,2023-05-08 10:12:41.912382,Electronics,100.0,3,25,West,UPI,0,4,225.0,56.22,5,May,2
ORD01752,2453,2023-05-08 11:57:33.090618,Clothing,824.5,1,15,North,Net Banking,0,5,700.82,162.0,5,May,2
ORD01753,1737,2023-05-08 13:42:24.268853,Home & Kitchen,311.66,3,0,East,UPI,0,4,934.98,332.53,5,May,2
ORD01754,1515,2023-05-08 15:27:15.447089,Electronics,100.0,5,10,North,COD,1,4,450.0,160.66,5,May,2
ORD01755,3000,2023-05-08 17:12:06.625325,Home & Kitchen,1101.01,4,15,North,UPI,0,5,3743.43,1486.04,5,May,2
ORD01756,3444,2023-05-08 18:56:57.803560,Beauty,1709.05,4,30,North,Credit Card,1,5,4785.34,984.69,5,May,2
ORD01757,1038,2023-05-08 20:41:48.981796,Beauty,134.48,2,30,East,Net Banking,0,4,188.27,70.05,5,May,2
ORD01758,1886,2023-05-08 22:26:40.160032,Electronics,926.84,4,25,East,UPI,0,4,2780.52,790.95,5,May,2
ORD01759,3844,2023-05-09 00:11:31.338267,Electronics,2041.69,1,0,East,COD,1,4,2041.69,608.15,5,May,2
ORD01760,3204,2023-05-09 01:56:22.516503,Clothing,6382.49,1,30,South,UPI,0,4,4467.74,1671.26,5,May,2
ORD01761,2098,2023-05-09 03:41:13.694738,Clothing,1650.28,1,15,South,UPI,0,4,1402.74,540.98,5,May,2
ORD01762,3931,2023-05-09 05:26:04.872974,Electronics,421.24,5,20,South,Debit Card,0,4,1684.96,558.91,5,May,2
ORD01763,2823,2023-05-09 07:10:56.051210,Electronics,1891.1,4,10,South,UPI,0,2,6807.96,1613.22,5,May,2
ORD01764,2710,2023-05-09 08:55:47.229445,Beauty,1366.69,4,5,East,Credit Card,1,5,5193.42,1414.78,5,May,2
ORD01765,1973,2023-05-09 10:40:38.407681,Beauty,357.0,1,10,North,COD,0,5,321.3,97.6,5,May,2
ORD01766,2562,2023-05-09 12:25:29.585917,Electronics,2856.83,2,0,East,Debit Card,0,3,5713.66,2040.69,5,May,2
ORD01767,3896,2023-05-09 14:10:20.764152,Clothing,836.36,2,5,South,UPI,0,1,1589.08,499.74,5,May,2
ORD01768,3795,2023-05-09 15:55:11.942388,Clothing,4904.37,4,25,West,Net Banking,0,5,14713.11,3551.18,5,May,2
ORD01769,1988,2023-05-09 17:40:03.120624,Electronics,1925.07,4,0,West,Credit Card,0,5,7700.28,1959.49,5,May,2
ORD01770,1020,2023-05-09 19:24:54.298859,Home & Kitchen,1551.61,3,0,East,Credit Card,0,5,4654.83,756.92,5,May,2
ORD01771,3350,2023-05-09 21:09:45.477095,Home & Kitchen,1954.88,4,0,North,Credit Card,0,3,7819.52,2979.76,5,May,2
ORD01772,1868,2023-05-09 22:54:36.655331,Sports,975.41,1,10,South,Debit Card,0,2,877.87,151.02,5,May,2
ORD01773,1083,2023-05-10 00:39:27.833566,Home & Kitchen,1055.48,5,30,North,UPI,0,5,3694.18,1089.72,5,May,2
ORD01774,2682,2023-05-10 02:24:19.011802,Books,2857.8,4,0,North,Credit Card,0,3,11431.2,4205.69,5,May,2
ORD01775,2976,2023-05-10 04:09:10.190038,Home & Kitchen,1713.51,4,0,North,UPI,0,5,6854.04,1749.26,5,May,2
ORD01776,2410,2023-05-10 05:54:01.368273,Clothing,3413.09,1,25,South,Net Banking,0,2,2559.82,896.02,5,May,2
ORD01777,2530,2023-05-10 07:38:52.546509,Home & Kitchen,3322.23,3,25,East,UPI,1,5,7475.02,2623.39,5,May,2
ORD01778,1569,2023-05-10 09:23:43.724744,Books,5625.5,4,0,South,UPI,0,2,22502.0,3711.96,5,May,2
ORD01779,1933,2023-05-10 11:08:34.902980,Electronics,1807.03,2,20,South,UPI,0,4,2891.25,731.59,5,May,2
ORD01780,2980,2023-05-10 12:53:26.081216,Electronics,1046.64,2,15,East,COD,0,4,1779.29,574.28,5,May,2
ORD01781,2855,2023-05-10 14:38:17.259451,Clothing,272.84,2,20,East,Debit Card,0,5,436.54,111.57,5,May,2
ORD01782,1792,2023-05-10 16:23:08.437687,Beauty,1833.11,5,10,East,UPI,0,1,8248.99,2361.62,5,May,2
ORD01783,1791,2023-05-10 18:07:59.615923,Electronics,517.07,5,30,West,Credit Card,0,3,1809.74,540.41,5,May,2
ORD01784,2809,2023-05-10 19:52:50.794158,Clothing,498.91,4,0,West,COD,0,2,1995.64,374.8,5,May,2
ORD01785,2294,2023-05-10 21:37:41.972394,Clothing,408.28,4,0,East,UPI,0,5,1633.12,413.17,5,May,2
ORD01786,3539,2023-05-10 23:22:33.150630,Home & Kitchen,3120.63,4,5,North,COD,1,4,11858.39,1863.14,5,May,2
ORD01787,3255,2023-05-11 01:07:24.328865,Electronics,3037.03,5,10,West,Debit Card,0,4,13666.64,2561.22,5,May,2
ORD01788,2607,2023-05-11 02:52:15.507101,Beauty,1495.32,4,25,South,COD,1,3,4485.96,1247.38,5,May,2
ORD01789,2083,2023-05-11 04:37:06.685337,Sports,960.78,1,10,South,Credit Card,0,4,864.7,253.7,5,May,2
ORD01790,3477,2023-05-11 06:21:57.863572,Home & Kitchen,1672.64,3,0,West,UPI,0,4,5017.92,936.14,5,May,2
ORD01791,1984,2023-05-11 08:06:49.041808,Home & Kitchen,1401.79,2,10,South,Credit Card,0,4,2523.22,855.13,5,May,2
ORD01792,2680,2023-05-11 09:51:40.220044,Electronics,806.1,2,10,East,Net Banking,0,5,1450.98,352.95,5,May,2
ORD01793,1519,2023-05-11 11:36:31.398279,Clothing,716.16,1,30,South,COD,0,2,501.31,190.58,5,May,2
ORD01794,1590,2023-05-11 13:21:22.576515,Sports,723.83,4,10,West,COD,1,4,2605.79,643.41,5,May,2
ORD01795,2050,2023-05-11 15:06:13.754750,Electronics,1334.23,5,15,North,COD,0,5,5670.48,1062.95,5,May,2
ORD01796,2709,2023-05-11 16:51:04.932986,Clothing,1564.78,4,15,South,Debit Card,0,5,5320.25,1806.19,5,May,2
ORD01797,3035,2023-05-11 18:35:56.111222,Home & Kitchen,901.51,4,20,South,Credit Card,0,5,2884.83,842.23,5,May,2
ORD01798,3246,2023-05-11 20:20:47.289457,Clothing,5195.8,2,15,North,Net Banking,0,3,8832.86,2178.82,5,May,2
ORD01799,3434,2023-05-11 22:05:38.467693,Beauty,131.36,2,0,West,Debit Card,0,4,262.72,62.79,5,May,2
ORD01800,1348,2023-05-11 23:50:29.645929,Electronics,639.38,5,25,North,Debit Card,0,3,2397.68,450.03,5,May,2
ORD01801,1959,2023-05-12 01:35:20.824164,Sports,814.7,2,15,South,UPI,0,2,1384.99,325.76,5,May,2
ORD01802,2963,2023-05-12 03:20:12.002400,Books,100.0,4,15,West,Net Banking,0,4,340.0,53.49,5,May,2
ORD01803,1692,2023-05-12 05:05:03.180636,Sports,681.09,1,30,East,COD,1,5,476.76,131.4,5,May,2
ORD01804,2559,2023-05-12 06:49:54.358871,Clothing,479.71,5,20,West,COD,0,2,1918.84,717.99,5,May,2
ORD01805,1377,2023-05-12 08:34:45.537107,Books,1057.94,1,20,West,UPI,0,2,846.35,295.23,5,May,2
ORD01806,3946,2023-05-12 10:19:36.715343,Sports,615.14,4,30,East,COD,0,4,1722.39,270.64,5,May,2
ORD01807,3963,2023-05-12 12:04:27.893578,Books,1942.94,5,0,West,Credit Card,0,3,9714.7,3597.5,5,May,2
ORD01808,1526,2023-05-12 13:49:19.071814,Clothing,1069.82,1,10,South,COD,0,4,962.84,253.31,5,May,2
ORD01809,3781,2023-05-12 15:34:10.250050,Books,208.48,5,10,South,Credit Card,0,3,938.16,185.5,5,May,2
ORD01810,3253,2023-05-12 17:19:01.428285,Home & Kitchen,2079.81,4,5,South,UPI,1,2,7903.28,2672.12,5,May,2
ORD01811,3502,2023-05-12 19:03:52.606521,Clothing,156.76,5,20,South,UPI,0,4,627.04,144.67,5,May,2
ORD01812,2259,2023-05-12 20:48:43.784756,Beauty,2739.98,4,20,East,Credit Card,0,5,8767.94,1870.46,5,May,2
ORD01813,2875,2023-05-12 22:33:34.962992,Clothing,4019.68,5,15,South,COD,1,4,17083.64,3251.52,5,May,2
ORD01814,2763,2023-05-13 00:18:26.141228,Books,583.9,5,30,West,UPI,0,5,2043.65,555.17,5,May,2
ORD01815,1520,2023-05-13 02:03:17.319463,Sports,3908.43,2,0,North,UPI,0,3,7816.86,1355.04,5,May,2
ORD01816,2701,2023-05-13 03:48:08.497699,Home & Kitchen,2362.61,4,15,East,Credit Card,0,5,8032.87,2782.61,5,May,2
ORD01817,2016,2023-05-13 05:32:59.675935,Sports,3834.97,3,10,East,UPI,0,4,10354.42,2771.55,5,May,2
ORD01818,3773,2023-05-13 07:17:50.854170,Beauty,1646.14,5,5,North,COD,0,5,7819.16,2046.62,5,May,2
ORD01819,2013,2023-05-13 09:02:42.032406,Clothing,403.08,1,0,South,UPI,0,4,403.08,60.65,5,May,2
ORD01820,3548,2023-05-13 10:47:33.210642,Electronics,3373.9,2,25,South,Credit Card,0,3,5060.85,1793.9,5,May,2
ORD01821,1116,2023-05-13 12:32:24.388877,Electronics,305.5,2,10,West,COD,0,3,549.9,150.24,5,May,2
ORD01822,3433,2023-05-13 14:17:15.567113,Home & Kitchen,359.41,5,20,South,Net Banking,0,4,1437.64,373.75,5,May,2
ORD01823,2367,2023-05-13 16:02:06.745349,Sports,474.25,3,10,South,Credit Card,0,2,1280.48,435.81,5,May,2
ORD01824,1583,2023-05-13 17:46:57.923584,Electronics,544.14,2,0,West,Net Banking,0,5,1088.28,180.35,5,May,2
ORD01825,1394,2023-05-13 19:31:49.101820,Electronics,1083.8,4,5,South,UPI,0,3,4118.44,995.3,5,May,2
ORD01826,2087,2023-05-13 21:16:40.280056,Electronics,1874.8,5,5,North,COD,1,4,8905.3,2617.57,5,May,2
ORD01827,3768,2023-05-13 23:01:31.458291,Sports,3909.76,5,30,South,UPI,0,3,13684.16,3628.28,5,May,2
ORD01828,1071,2023-05-14 00:46:22.636527,Clothing,138.89,3,0,North,COD,0,1,416.67,81.42,5,May,2
ORD01829,1273,2023-05-14 02:31:13.814762,Clothing,4630.76,4,30,North,Debit Card,1,4,12966.13,2915.03,5,May,2
ORD01830,3013,2023-05-14 04:16:04.992998,Books,3813.61,4,30,North,UPI,0,4,10678.11,2403.11,5,May,2
ORD01831,2343,2023-05-14 06:00:56.171234,Sports,100.0,3,30,South,UPI,1,5,210.0,83.58,5,May,2
ORD01832,1337,2023-05-14 07:45:47.349469,Home & Kitchen,670.18,1,10,South,UPI,0,1,603.16,139.66,5,May,2
ORD01833,2389,2023-05-14 09:30:38.527705,Home & Kitchen,2516.12,4,30,East,Credit Card,0,5,7045.14,1418.16,5,May,2
ORD01834,1606,2023-05-14 11:15:29.705941,Electronics,1418.49,1,5,West,COD,0,4,1347.57,479.28,5,May,2
ORD01835,1165,2023-05-14 13:00:20.884176,Books,2265.03,1,0,West,COD,0,5,2265.03,578.25,5,May,2
ORD01836,2567,2023-05-14 14:45:12.062412,Home & Kitchen,1904.28,5,0,East,COD,0,2,9521.4,2484.76,5,May,2
ORD01837,3058,2023-05-14 16:30:03.240648,Beauty,1030.06,5,25,North,Credit Card,0,5,3862.72,1109.46,5,May,2
ORD01838,2324,2023-05-14 18:14:54.418883,Electronics,100.0,2,0,West,COD,0,4,200.0,59.78,5,May,2
ORD01839,1728,2023-05-14 19:59:45.597119,Electronics,1316.57,5,10,East,UPI,0,4,5924.56,1763.38,5,May,2
ORD01840,3848,2023-05-14 21:44:36.775355,Electronics,100.0,4,0,North,Net Banking,0,2,400.0,63.45,5,May,2
ORD01841,3043,2023-05-14 23:29:27.953590,Clothing,1388.48,4,0,East,Debit Card,0,4,5553.92,1970.03,5,May,2
ORD01842,1101,2023-05-15 01:14:19.131826,Sports,2417.24,1,0,South,COD,0,1,2417.24,480.34,5,May,2
ORD01843,2415,2023-05-15 02:59:10.310062,Electronics,1319.19,4,25,South,Credit Card,1,4,3957.57,882.88,5,May,2
ORD01844,1778,2023-05-15 04:44:01.488297,Books,8724.66,5,10,North,Credit Card,0,4,39260.97,7591.4,5,May,2
ORD01845,1213,2023-05-15 06:28:52.666533,Clothing,912.84,5,25,North,COD,0,5,3423.15,1169.93,5,May,2
ORD01846,2111,2023-05-15 08:13:43.844768,Electronics,2072.42,5,15,South,Net Banking,0,5,8807.78,2606.35,5,May,2
ORD01847,2576,2023-05-15 09:58:35.023004,Books,1650.38,3,30,West,COD,0,3,3465.8,1174.3,5,May,2
ORD01848,3448,2023-05-15 11:43:26.201240,Clothing,7139.53,4,10,West,Credit Card,0,4,25702.31,8053.81,5,May,2
ORD01849,3635,2023-05-15 13:28:17.379475,Clothing,1873.55,2,15,South,Debit Card,0,4,3185.04,560.69,5,May,2
ORD01850,3936,2023-05-15 15:13:08.557711,Home & Kitchen,268.75,4,10,West,Net Banking,0,5,967.5,218.05,5,May,2
ORD01851,2695,2023-05-15 16:57:59.735947,Books,4669.0,4,10,South,COD,1,5,16808.4,4652.84,5,May,2
ORD01852,1591,2023-05-15 18:42:50.914182,Electronics,1652.92,3,20,East,Debit Card,0,5,3967.01,897.48,5,May,2
ORD01853,2333,2023-05-15 20:27:42.092418,Beauty,100.0,4,15,East,COD,0,5,340.0,68.62,5,May,2
ORD01854,2109,2023-05-15 22:12:33.270654,Home & Kitchen,1607.52,1,20,East,Net Banking,0,5,1286.02,472.55,5,May,2
ORD01855,3139,2023-05-15 23:57:24.448889,Sports,3219.9,5,20,West,Credit Card,0,5,12879.6,4339.73,5,May,2
ORD01856,3720,2023-05-16 01:42:15.627125,Electronics,1290.72,5,0,East,Net Banking,0,4,6453.6,1525.02,5,May,2
ORD01857,1713,2023-05-16 03:27:06.805361,Electronics,655.48,3,15,North,UPI,0,5,1671.47,570.39,5,May,2
ORD01858,1935,2023-05-16 05:11:57.983596,Electronics,2579.8,5,0,North,COD,0,5,12899.0,3958.51,5,May,2
ORD01859,2951,2023-05-16 06:56:49.161832,Electronics,2288.42,1,10,East,Debit Card,0,3,2059.58,310.89,5,May,2
ORD01860,1241,2023-05-16 08:41:40.340068,Clothing,1178.49,3,15,North,Debit Card,0,1,3005.15,736.46,5,May,2
ORD01861,3043,2023-05-16 10:26:31.518303,Beauty,251.5,2,30,East,Net Banking,0,3,352.1,78.39,5,May,2
ORD01862,1001,2023-05-16 12:11:22.696539,Books,433.5,5,0,East,Net Banking,0,5,2167.5,443.2,5,May,2
ORD01863,3272,2023-05-16 13:56:13.874774,Clothing,2011.89,4,0,South,Net Banking,0,4,8047.56,1713.3,5,May,2
ORD01864,3848,2023-05-16 15:41:05.053010,Home & Kitchen,2460.48,1,0,East,Debit Card,0,3,2460.48,948.74,5,May,2
ORD01865,2768,2023-05-16 17:25:56.231246,Electronics,491.23,1,5,North,Credit Card,0,5,466.67,126.74,5,May,2
ORD01866,2949,2023-05-16 19:10:47.409481,Home & Kitchen,688.26,5,20,West,Debit Card,0,3,2753.04,996.4,5,May,2
ORD01867,3636,2023-05-16 20:55:38.587717,Home & Kitchen,121.22,2,20,East,Credit Card,0,5,193.95,39.48,5,May,2
ORD01868,3163,2023-05-16 22:40:29.765953,Sports,1874.83,4,15,South,Net Banking,0,5,6374.42,1234.09,5,May,2
ORD01869,1917,2023-05-17 00:25:20.944188,Beauty,100.0,2,25,North,UPI,0,5,150.0,55.83,5,May,2
ORD01870,3241,2023-05-17 02:10:12.122424,Clothing,100.0,2,5,South,Debit Card,0,3,190.0,52.05,5,May,2
ORD01871,3918,2023-05-17 03:55:03.300660,Books,100.0,5,0,East,Net Banking,0,5,500.0,186.89,5,May,2
ORD01872,1089,2023-05-17 05:39:54.478895,Beauty,1554.81,4,0,East,Debit Card,0,4,6219.24,1030.88,5,May,2
ORD01873,2709,2023-05-17 07:24:45.657131,Sports,810.35,5,25,East,Net Banking,0,4,3038.81,1152.04,5,May,2
ORD01874,3169,2023-05-17 09:09:36.835367,Books,529.76,5,15,East,Debit Card,0,4,2251.48,571.56,5,May,2
ORD01875,1142,2023-05-17 10:54:28.013602,Beauty,3657.62,1,15,North,COD,0,4,3108.98,587.11,5,May,2
ORD01876,1105,2023-05-17 12:39:19.191838,Electronics,321.28,5,5,West,Debit Card,0,5,1526.08,489.64,5,May,2
ORD01877,1886,2023-05-17 14:24:10.370074,Beauty,739.89,3,5,East,COD,1,4,2108.69,736.41,5,May,2
ORD01878,1427,2023-05-17 16:09:01.548309,Electronics,4227.93,4,30,South,Credit Card,0,5,11838.2,1915.94,5,May,2
ORD01879,2328,2023-05-17 17:53:52.726545,Books,835.58,1,0,North,Debit Card,0,3,835.58,331.56,5,May,2
ORD01880,2895,2023-05-17 19:38:43.904780,Sports,1213.49,4,20,North,Credit Card,1,4,3883.17,1259.14,5,May,2
ORD01881,2994,2023-05-17 21:23:35.083016,Clothing,125.62,1,5,North,UPI,0,4,119.34,27.49,5,May,2
ORD01882,1316,2023-05-17 23:08:26.261252,Books,2342.16,3,0,South,COD,0,4,7026.48,1319.74,5,May,2
ORD01883,2986,2023-05-18 00:53:17.439487,Clothing,824.24,5,15,West,Debit Card,0,5,3503.02,869.21,5,May,2
ORD01884,1634,2023-05-18 02:38:08.617723,Beauty,2418.03,1,5,South,Credit Card,0,5,2297.13,471.24,5,May,2
ORD01885,2925,2023-05-18 04:22:59.795959,Sports,439.14,1,15,South,Net Banking,0,4,373.27,102.1,5,May,2
ORD01886,3056,2023-05-18 06:07:50.974194,Home & Kitchen,823.52,1,15,South,Credit Card,0,5,699.99,241.83,5,May,2
ORD01887,3821,2023-05-18 07:52:42.152430,Home & Kitchen,2316.52,3,10,East,Debit Card,0,4,6254.6,1970.4,5,May,2
ORD01888,3270,2023-05-18 09:37:33.330666,Sports,5467.45,4,20,East,UPI,0,1,17495.84,4531.14,5,May,2
ORD01889,2439,2023-05-18 11:22:24.508901,Clothing,100.0,3,10,South,COD,0,4,270.0,48.53,5,May,2
ORD01890,1552,2023-05-18 13:07:15.687137,Clothing,2510.61,1,0,South,Net Banking,0,4,2510.61,977.35,5,May,2
ORD01891,1715,2023-05-18 14:52:06.865373,Home & Kitchen,536.49,1,15,East,Credit Card,0,5,456.02,99.23,5,May,2
ORD01892,2287,2023-05-18 16:36:58.043608,Clothing,1200.24,5,10,East,Debit Card,0,1,5401.08,1185.31,5,May,2
ORD01893,2713,2023-05-18 18:21:49.221844,Electronics,513.93,3,0,West,Debit Card,0,4,1541.79,480.08,5,May,2
ORD01894,2883,2023-05-18 20:06:40.400080,Electronics,1425.72,3,25,South,COD,0,2,3207.87,1099.1,5,May,2
ORD01895,2107,2023-05-18 21:51:31.578315,Electronics,654.98,2,10,North,Net Banking,0,3,1178.96,466.91,5,May,2
ORD01896,2341,2023-05-18 23:36:22.756551,Sports,608.83,4,25,West,Credit Card,0,4,1826.49,716.52,5,May,2
ORD01897,1110,2023-05-19 01:21:13.934786,Books,100.0,2,25,North,Credit Card,0,3,150.0,56.77,5,May,2
ORD01898,1250,2023-05-19 03:06:05.113022,Home & Kitchen,238.42,2,10,West,Credit Card,0,5,429.16,111.08,5,May,2
ORD01899,3430,2023-05-19 04:50:56.291258,Clothing,3734.79,4,10,South,COD,0,4,13445.24,2577.01,5,May,2
ORD01900,3054,2023-05-19 06:35:47.469493,Clothing,9545.91,5,10,North,COD,0,3,42956.6,12720.21,5,May,2
ORD01901,1458,2023-05-19 08:20:38.647729,Clothing,2274.75,5,10,East,Net Banking,0,4,10236.38,1579.62,5,May,2
ORD01902,2107,2023-05-19 10:05:29.825965,Sports,507.02,4,25,West,Credit Card,1,1,1521.06,302.79,5,May,2
ORD01903,1207,2023-05-19 11:50:21.004200,Home & Kitchen,772.36,4,20,North,Credit Card,1,5,2471.55,372.3,5,May,2
ORD01904,1899,2023-05-19 13:35:12.182436,Beauty,2017.75,3,0,West,Net Banking,0,1,6053.25,1181.19,5,May,2
ORD01905,1021,2023-05-19 15:20:03.360672,Home & Kitchen,5187.3,3,15,South,Net Banking,0,1,13227.62,3554.12,5,May,2
ORD01906,1409,2023-05-19 17:04:54.538907,Home & Kitchen,911.75,3,30,North,Net Banking,0,4,1914.68,475.47,5,May,2
ORD01907,1894,2023-05-19 18:49:45.717143,Home & Kitchen,2653.73,3,10,North,Debit Card,0,5,7165.07,1736.27,5,May,2
ORD01908,1514,2023-05-19 20:34:36.895379,Beauty,5537.46,1,20,North,Net Banking,1,5,4429.97,1584.77,5,May,2
ORD01909,1808,2023-05-19 22:19:28.073614,Sports,3100.95,1,20,West,UPI,0,3,2480.76,790.74,5,May,2
ORD01910,1873,2023-05-20 00:04:19.251850,Electronics,386.5,5,5,East,COD,0,3,1835.88,705.18,5,May,2
ORD01911,1013,2023-05-20 01:49:10.430086,Books,100.0,1,5,East,Net Banking,0,4,95.0,24.83,5,May,2
ORD01912,1970,2023-05-20 03:34:01.608321,Home & Kitchen,1016.15,1,15,East,Debit Card,0,5,863.73,188.34,5,May,2
ORD01913,3134,2023-05-20 05:18:52.786557,Home & Kitchen,1136.88,3,10,South,UPI,0,4,3069.58,554.58,5,May,2
ORD01914,3956,2023-05-20 07:03:43.964792,Electronics,337.06,3,10,North,Debit Card,0,4,910.06,289.41,5,May,2
ORD01915,2560,2023-05-20 08:48:35.143028,Sports,502.53,4,15,East,Debit Card,0,2,1708.6,615.84,5,May,2
ORD01916,2324,2023-05-20 10:33:26.321264,Beauty,2173.23,3,20,East,Debit Card,0,3,5215.75,1021.95,5,May,2
ORD01917,2266,2023-05-20 12:18:17.499499,Electronics,953.3,4,0,North,Debit Card,0,4,3813.2,1409.69,5,May,2
ORD01918,3169,2023-05-20 14:03:08.677735,Sports,572.67,4,0,South,Credit Card,1,2,2290.68,644.98,5,May,2
ORD01919,1749,2023-05-20 15:47:59.855971,Electronics,1461.78,1,0,West,COD,0,3,1461.78,271.92,5,May,2
ORD01920,1684,2023-05-20 17:32:51.034206,Electronics,1586.61,3,10,West,Credit Card,0,3,4283.85,1331.06,5,May,2
ORD01921,2927,2023-05-20 19:17:42.212442,Electronics,2200.58,1,5,West,UPI,0,4,2090.55,585.38,5,May,2
ORD01922,3356,2023-05-20 21:02:33.390678,Electronics,255.67,3,10,North,Credit Card,0,1,690.31,108.41,5,May,2
ORD01923,1694,2023-05-20 22:47:24.568913,Sports,2029.39,1,0,South,UPI,0,4,2029.39,506.96,5,May,2
ORD01924,3335,2023-05-21 00:32:15.747149,Electronics,1372.29,1,10,North,Net Banking,0,5,1235.06,427.57,5,May,2
ORD01925,1306,2023-05-21 02:17:06.925385,Clothing,100.0,1,5,West,UPI,1,1,95.0,27.44,5,May,2
ORD01926,2989,2023-05-21 04:01:58.103620,Electronics,2253.88,5,10,East,Credit Card,0,4,10142.46,2236.52,5,May,2
ORD01927,3961,2023-05-21 05:46:49.281856,Clothing,724.52,1,10,East,Credit Card,0,5,652.07,249.2,5,May,2
ORD01928,1661,2023-05-21 07:31:40.460092,Electronics,601.57,2,0,East,UPI,0,4,1203.14,251.99,5,May,2
ORD01929,1548,2023-05-21 09:16:31.638327,Home & Kitchen,891.52,2,25,West,Credit Card,0,3,1337.28,285.09,5,May,2
ORD01930,1311,2023-05-21 11:01:22.816563,Electronics,637.37,2,0,South,UPI,0,1,1274.74,304.23,5,May,2
ORD01931,3920,2023-05-21 12:46:13.994798,Sports,619.38,4,15,West,Debit Card,1,4,2105.89,786.83,5,May,2
ORD01932,2082,2023-05-21 14:31:05.173034,Sports,2476.0,1,25,North,COD,0,4,1857.0,514.22,5,May,2
ORD01933,3971,2023-05-21 16:15:56.351270,Electronics,199.45,2,10,South,UPI,0,3,359.01,115.08,5,May,2
ORD01934,2737,2023-05-21 18:00:47.529505,Sports,5290.14,4,25,East,Debit Card,0,5,15870.42,6253.99,5,May,2
ORD01935,1754,2023-05-21 19:45:38.707741,Electronics,1214.29,2,0,South,Debit Card,0,5,2428.58,839.86,5,May,2
ORD01936,1034,2023-05-21 21:30:29.885977,Electronics,303.03,3,10,South,Debit Card,1,3,818.18,158.03,5,May,2
ORD01937,1444,2023-05-21 23:15:21.064212,Electronics,210.99,5,10,West,Debit Card,0,5,949.46,329.55,5,May,2
ORD01938,3140,2023-05-22 01:00:12.242448,Clothing,1342.93,1,0,South,UPI,0,3,1342.93,452.68,5,May,2
ORD01939,2982,2023-05-22 02:45:03.420684,Books,1503.59,5,10,West,Credit Card,0,4,6766.16,1408.4,5,May,2
ORD01940,2230,2023-05-22 04:29:54.598919,Sports,100.0,5,5,North,Debit Card,0,2,475.0,109.89,5,May,2
ORD01941,1352,2023-05-22 06:14:45.777155,Clothing,417.59,3,15,South,Net Banking,0,4,1064.85,348.77,5,May,2
ORD01942,1902,2023-05-22 07:59:36.955391,Home & Kitchen,2380.5,3,25,South,Debit Card,0,3,5356.12,1122.63,5,May,2
ORD01943,2355,2023-05-22 09:44:28.133626,Electronics,100.0,3,0,South,Credit Card,0,4,300.0,60.61,5,May,2
ORD01944,3909,2023-05-22 11:29:19.311862,Sports,2897.45,4,5,East,Credit Card,0,3,11010.31,3587.91,5,May,2
ORD01945,2748,2023-05-22 13:14:10.490098,Electronics,1610.13,2,10,West,COD,0,5,2898.23,1072.78,5,May,2
ORD01946,1158,2023-05-22 14:59:01.668333,Electronics,854.86,1,10,West,COD,0,2,769.37,129.83,5,May,2
ORD01947,2977,2023-05-22 16:43:52.846569,Electronics,637.96,3,20,East,Debit Card,0,3,1531.1,400.35,5,May,2
ORD01948,1956,2023-05-22 18:28:44.024804,Electronics,100.0,1,10,West,Debit Card,0,3,90.0,27.16,5,May,2
ORD01949,3071,2023-05-22 20:13:35.203040,Books,2616.3,1,0,North,COD,0,1,2616.3,834.78,5,May,2
ORD01950,1403,2023-05-22 21:58:26.381276,Sports,230.99,1,15,East,Debit Card,0,5,196.34,78.35,5,May,2
ORD01951,3852,2023-05-22 23:43:17.559511,Electronics,555.6,3,25,West,Net Banking,0,5,1250.1,400.87,5,May,2
ORD01952,1515,2023-05-23 01:28:08.737747,Home & Kitchen,1262.84,3,10,North,UPI,0,5,3409.67,1040.08,5,May,2
ORD01953,3779,2023-05-23 03:12:59.915983,Home & Kitchen,423.53,2,10,West,COD,0,5,762.35,302.98,5,May,2
ORD01954,2387,2023-05-23 04:57:51.094218,Sports,1031.17,3,0,East,COD,0,1,3093.51,510.95,5,May,2
ORD01955,3579,2023-05-23 06:42:42.272454,Electronics,2485.92,3,0,West,Credit Card,0,2,7457.76,1257.45,5,May,2
ORD01956,1955,2023-05-23 08:27:33.450690,Books,953.84,1,0,North,Debit Card,0,4,953.84,276.78,5,May,2
ORD01957,3199,2023-05-23 10:12:24.628925,Beauty,4463.23,2,10,North,COD,0,5,8033.81,1925.43,5,May,2
ORD01958,2712,2023-05-23 11:57:15.807161,Home & Kitchen,2820.89,5,25,North,COD,0,4,10578.34,1842.48,5,May,2
ORD01959,3994,2023-05-23 13:42:06.985397,Clothing,607.54,3,10,West,Net Banking,0,4,1640.36,371.73,5,May,2
ORD01960,1607,2023-05-23 15:26:58.163632,Electronics,766.14,3,0,East,Debit Card,0,3,2298.42,732.25,5,May,2
ORD01961,3467,2023-05-23 17:11:49.341868,Clothing,825.72,5,0,West,UPI,0,3,4128.6,1528.22,5,May,2
ORD01962,2273,2023-05-23 18:56:40.520104,Home & Kitchen,1475.97,1,5,South,Net Banking,0,4,1402.17,243.39,5,May,2
ORD01963,3913,2023-05-23 20:41:31.698339,Home & Kitchen,506.98,2,15,East,UPI,0,5,861.87,245.66,5,May,2
ORD01964,2535,2023-05-23 22:26:22.876575,Electronics,5222.76,1,10,South,Credit Card,0,1,4700.48,1053.04,5,May,2
ORD01965,3625,2023-05-24 00:11:14.054810,Home & Kitchen,1407.36,4,5,West,COD,0,5,5347.97,1694.41,5,May,2
ORD01966,3382,2023-05-24 01:56:05.233046,Home & Kitchen,764.74,3,10,East,Net Banking,0,5,2064.8,593.35,5,May,2
ORD01967,2441,2023-05-24 03:40:56.411282,Books,1553.5,4,0,South,UPI,0,5,6214.0,2371.75,5,May,2
ORD01968,3979,2023-05-24 05:25:47.589517,Home & Kitchen,754.79,3,0,West,Debit Card,0,5,2264.37,360.99,5,May,2
ORD01969,2797,2023-05-24 07:10:38.767753,Sports,2553.94,4,0,East,Credit Card,0,1,10215.76,2732.81,5,May,2
ORD01970,1294,2023-05-24 08:55:29.945989,Clothing,1258.44,5,0,North,Credit Card,0,5,6292.2,1247.05,5,May,2
ORD01971,1754,2023-05-24 10:40:21.124224,Sports,100.0,3,0,North,COD,0,4,300.0,85.26,5,May,2
ORD01972,2394,2023-05-24 12:25:12.302460,Electronics,291.76,3,5,North,COD,0,5,831.52,302.17,5,May,2
ORD01973,1185,2023-05-24 14:10:03.480696,Electronics,3003.65,4,20,South,UPI,0,3,9611.68,3631.57,5,May,2
ORD01974,2269,2023-05-24 15:54:54.658931,Clothing,1241.39,2,15,South,UPI,0,4,2110.36,526.66,5,May,2
ORD01975,1636,2023-05-24 17:39:45.837167,Electronics,4503.94,4,15,West,Credit Card,0,1,15313.4,5404.79,5,May,2
ORD01976,2291,2023-05-24 19:24:37.015403,Electronics,112.77,3,25,North,UPI,0,1,253.73,55.85,5,May,2
ORD01977,1529,2023-05-24 21:09:28.193638,Electronics,524.89,3,0,South,COD,0,5,1574.67,238.68,5,May,2
ORD01978,3068,2023-05-24 22:54:19.371874,Sports,322.66,2,25,North,Credit Card,0,5,483.99,176.08,5,May,2
ORD01979,3958,2023-05-25 00:39:10.550110,Electronics,1210.62,1,5,West,Credit Card,0,4,1150.09,206.85,5,May,2
ORD01980,3914,2023-05-25 02:24:01.728345,Home & Kitchen,723.83,2,10,East,Debit Card,1,4,1302.89,201.17,5,May,2
ORD01981,1793,2023-05-25 04:08:52.906581,Electronics,256.67,1,10,South,Debit Card,0,5,231.0,55.08,5,May,2
ORD01982,3147,2023-05-25 05:53:44.084816,Beauty,1543.99,3,0,South,UPI,0,4,4631.97,1134.11,5,May,2
ORD01983,3799,2023-05-25 07:38:35.263052,Home & Kitchen,1152.77,5,30,East,UPI,0,5,4034.7,683.1,5,May,2
ORD01984,1477,2023-05-25 09:23:26.441288,Electronics,481.83,5,0,South,COD,0,4,2409.15,851.74,5,May,2
ORD01985,2622,2023-05-25 11:08:17.619523,Sports,980.23,4,5,West,COD,0,4,3724.87,936.43,5,May,2
ORD01986,1939,2023-05-25 12:53:08.797759,Books,2054.09,2,5,South,Debit Card,0,5,3902.77,1063.43,5,May,2
ORD01987,1525,2023-05-25 14:37:59.975995,Sports,344.63,2,0,South,Credit Card,0,4,689.26,148.99,5,May,2
ORD01988,3381,2023-05-25 16:22:51.154230,Books,519.89,5,0,East,Net Banking,1,4,2599.45,722.33,5,May,2
ORD01989,1001,2023-05-25 18:07:42.332466,Home & Kitchen,637.23,1,0,West,Net Banking,0,5,637.23,217.73,5,May,2
ORD01990,1374,2023-05-25 19:52:33.510702,Sports,2059.93,2,0,North,UPI,1,5,4119.86,1551.32,5,May,2
ORD01991,3340,2023-05-25 21:37:24.688937,Clothing,2815.22,1,25,North,Net Banking,0,5,2111.42,829.01,5,May,2
ORD01992,3884,2023-05-25 23:22:15.867173,Electronics,708.34,1,5,East,Net Banking,1,4,672.92,172.73,5,May,2
ORD01993,1552,2023-05-26 01:07:07.045409,Sports,527.79,1,0,West,Debit Card,1,4,527.79,209.8,5,May,2
ORD01994,3365,2023-05-26 02:51:58.223644,Clothing,3303.39,1,15,East,Credit Card,0,3,2807.88,628.23,5,May,2
ORD01995,2525,2023-05-26 04:36:49.401880,Books,11042.67,4,30,East,COD,0,1,30919.48,4691.85,5,May,2
ORD01996,2851,2023-05-26 06:21:40.580116,Electronics,1664.6,4,0,North,Debit Card,0,5,6658.4,2276.54,5,May,2
ORD01997,1380,2023-05-26 08:06:31.758351,Books,6904.85,5,0,West,COD,0,3,34524.25,6718.73,5,May,2
ORD01998,2646,2023-05-26 09:51:22.936587,Beauty,1618.07,4,30,West,Debit Card,1,4,4530.6,739.0,5,May,2
ORD01999,1013,2023-05-26 11:36:14.114822,Clothing,1983.35,2,0,East,Debit Card,0,5,3966.7,1511.32,5,May,2
ORD02000,1503,2023-05-26 13:21:05.293058,Clothing,738.14,4,10,North,Net Banking,0,5,2657.3,924.61,5,May,2
ORD02001,3278,2023-05-26 15:05:56.471294,Home & Kitchen,851.01,2,0,West,COD,0,1,1702.02,298.99,5,May,2
ORD02002,3008,2023-05-26 16:50:47.649529,Sports,233.47,2,25,East,Debit Card,0,4,350.2,120.55,5,May,2
ORD02003,1129,2023-05-26 18:35:38.827765,Clothing,2595.29,1,30,South,Net Banking,0,5,1816.7,655.83,5,May,2
ORD02004,1837,2023-05-26 20:20:30.006001,Clothing,4011.76,5,20,North,UPI,0,4,16047.04,6038.91,5,May,2
ORD02005,3938,2023-05-26 22:05:21.184236,Beauty,1465.01,1,5,West,COD,0,5,1391.76,397.94,5,May,2
ORD02006,3040,2023-05-26 23:50:12.362472,Home & Kitchen,631.59,1,10,West,Debit Card,0,5,568.43,185.22,5,May,2
ORD02007,1027,2023-05-27 01:35:03.540708,Electronics,250.88,4,0,West,UPI,1,4,1003.52,341.76,5,May,2
ORD02008,3113,2023-05-27 03:19:54.718943,Electronics,462.15,4,25,North,Net Banking,0,4,1386.45,446.66,5,May,2
ORD02009,2252,2023-05-27 05:04:45.897179,Books,442.38,2,25,East,Debit Card,0,4,663.57,206.84,5,May,2
ORD02010,1260,2023-05-27 06:49:37.075415,Electronics,1426.04,4,10,South,Net Banking,0,4,5133.74,1472.82,5,May,2
ORD02011,3046,2023-05-27 08:34:28.253650,Clothing,4351.66,4,15,West,Net Banking,0,4,14795.64,3991.85,5,May,2
ORD02012,2472,2023-05-27 10:19:19.431886,Sports,100.0,3,0,North,Net Banking,0,5,300.0,119.71,5,May,2
ORD02013,2447,2023-05-27 12:04:10.610122,Electronics,100.0,2,10,West,COD,0,5,180.0,42.19,5,May,2
ORD02014,1459,2023-05-27 13:49:01.788357,Home & Kitchen,1375.12,2,15,East,UPI,0,3,2337.7,402.24,5,May,2
ORD02015,1300,2023-05-27 15:33:52.966593,Clothing,501.24,3,5,South,UPI,0,5,1428.53,487.5,5,May,2
ORD02016,3966,2023-05-27 17:18:44.144828,Sports,3187.27,2,5,West,Credit Card,0,4,6055.81,1232.09,5,May,2
ORD02017,3334,2023-05-27 19:03:35.323064,Home & Kitchen,594.57,5,0,North,Debit Card,0,5,2972.85,841.83,5,May,2
ORD02018,1629,2023-05-27 20:48:26.501300,Electronics,513.18,5,20,East,Net Banking,0,2,2052.72,357.07,5,May,2
ORD02019,1269,2023-05-27 22:33:17.679535,Books,471.06,3,25,South,Debit Card,0,3,1059.88,323.07,5,May,2
ORD02020,3639,2023-05-28 00:18:08.857771,Electronics,234.72,4,30,North,UPI,0,4,657.22,253.69,5,May,2
ORD02021,2993,2023-05-28 02:03:00.036007,Sports,1306.73,5,15,West,UPI,0,4,5553.6,1836.44,5,May,2
ORD02022,2628,2023-05-28 03:47:51.214242,Sports,276.27,3,10,North,Net Banking,1,3,745.93,151.9,5,May,2
ORD02023,2801,2023-05-28 05:32:42.392478,Clothing,829.12,5,0,South,COD,0,5,4145.6,1628.33,5,May,2
ORD02024,3891,2023-05-28 07:17:33.570714,Clothing,926.98,1,30,East,Net Banking,1,4,648.89,147.15,5,May,2
ORD02025,1861,2023-05-28 09:02:24.748949,Clothing,100.0,3,10,East,Net Banking,0,5,270.0,69.97,5,May,2
ORD02026,2280,2023-05-28 10:47:15.927185,Home & Kitchen,100.0,2,15,West,Credit Card,0,4,170.0,46.67,5,May,2
ORD02027,3180,2023-05-28 12:32:07.105421,Clothing,1101.62,5,15,West,COD,0,3,4681.88,1861.89,5,May,2
ORD02028,2799,2023-05-28 14:16:58.283656,Clothing,1786.26,2,20,West,Debit Card,1,4,2858.02,477.93,5,May,2
ORD02029,2706,2023-05-28 16:01:49.461892,Clothing,4274.66,3,0,West,COD,0,5,12823.98,4157.3,5,May,2
ORD02030,3560,2023-05-28 17:46:40.640128,Electronics,296.07,5,0,South,Net Banking,1,4,1480.35,356.0,5,May,2
ORD02031,3360,2023-05-28 19:31:31.818363,Home & Kitchen,163.48,2,15,West,Net Banking,0,1,277.92,47.13,5,May,2
ORD02032,1575,2023-05-28 21:16:22.996599,Electronics,100.0,4,25,North,Net Banking,0,5,300.0,115.13,5,May,2
ORD02033,3933,2023-05-28 23:01:14.174834,Home & Kitchen,859.16,4,15,South,Net Banking,0,3,2921.14,868.94,5,May,2
ORD02034,3003,2023-05-29 00:46:05.353070,Electronics,1463.85,1,10,South,Net Banking,0,4,1317.46,445.8,5,May,2
ORD02035,2307,2023-05-29 02:30:56.531306,Electronics,2754.07,3,5,West,COD,0,4,7849.1,1649.07,5,May,2
ORD02036,2956,2023-05-29 04:15:47.709541,Home & Kitchen,1721.6,2,15,South,Net Banking,0,4,2926.72,996.21,5,May,2
ORD02037,3734,2023-05-29 06:00:38.887777,Beauty,350.47,1,15,North,UPI,0,3,297.9,106.39,5,May,2
ORD02038,3020,2023-05-29 07:45:30.066013,Sports,929.2,3,15,South,UPI,0,5,2369.46,610.63,5,May,2
ORD02039,3212,2023-05-29 09:30:21.244248,Electronics,3617.7,4,0,South,Credit Card,0,5,14470.8,4239.79,5,May,2
ORD02040,3352,2023-05-29 11:15:12.422484,Electronics,593.44,2,25,North,Debit Card,0,4,890.16,349.8,5,May,2
ORD02041,2655,2023-05-29 13:00:03.600720,Sports,1035.92,5,10,North,UPI,1,3,4661.64,1686.03,5,May,2
ORD02042,2579,2023-05-29 14:44:54.778955,Clothing,4775.46,4,20,South,Credit Card,0,2,15281.47,3991.71,5,May,2
ORD02043,2847,2023-05-29 16:29:45.957191,Electronics,1990.39,5,0,East,COD,0,3,9951.95,3146.24,5,May,2
ORD02044,3203,2023-05-29 18:14:37.135427,Sports,2065.94,5,5,South,Debit Card,0,4,9813.22,3395.94,5,May,2
ORD02045,2390,2023-05-29 19:59:28.313662,Sports,436.2,2,25,North,Net Banking,0,4,654.3,102.12,5,May,2
ORD02046,2742,2023-05-29 21:44:19.491898,Beauty,803.44,2,0,North,Net Banking,0,1,1606.88,477.39,5,May,2
ORD02047,2925,2023-05-29 23:29:10.670134,Beauty,128.9,5,10,North,COD,0,4,580.05,229.78,5,May,2
ORD02048,1619,2023-05-30 01:14:01.848369,Sports,1399.11,1,10,East,Debit Card,0,5,1259.2,487.05,5,May,2
ORD02049,2274,2023-05-30 02:58:53.026605,Electronics,164.27,5,20,North,UPI,0,5,657.08,235.31,5,May,2
ORD02050,1956,2023-05-30 04:43:44.204840,Electronics,2711.01,5,0,West,Debit Card,0,4,13555.05,2393.19,5,May,2
ORD02051,2939,2023-05-30 06:28:35.383076,Home & Kitchen,2527.49,2,0,West,Credit Card,1,5,5054.98,2014.46,5,May,2
ORD02052,3381,2023-05-30 08:13:26.561312,Books,1144.08,3,25,East,COD,0,4,2574.18,778.39,5,May,2
ORD02053,1968,2023-05-30 09:58:17.739547,Books,228.27,4,10,North,UPI,0,4,821.77,169.06,5,May,2
ORD02054,3558,2023-05-30 11:43:08.917783,Clothing,100.0,2,0,North,Debit Card,1,5,200.0,63.71,5,May,2
ORD02055,2316,2023-05-30 13:28:00.096019,Clothing,2389.67,1,0,West,Debit Card,0,5,2389.67,870.15,5,May,2
ORD02056,2043,2023-05-30 15:12:51.274254,Home & Kitchen,1374.96,4,30,West,UPI,0,4,3849.89,685.6,5,May,2
ORD02057,1281,2023-05-30 16:57:42.452490,Electronics,1861.63,2,0,South,Credit Card,0,4,3723.26,1411.52,5,May,2
ORD02058,3844,2023-05-30 18:42:33.630726,Clothing,543.19,2,15,East,Credit Card,0,5,923.42,350.95,5,May,2
ORD02059,3166,2023-05-30 20:27:24.808961,Books,1068.44,3,10,South,Debit Card,0,4,2884.79,442.43,5,May,2
ORD02060,2058,2023-05-30 22:12:15.987197,Home & Kitchen,2062.58,1,25,East,Net Banking,1,4,1546.94,580.23,5,May,2
ORD02061,1197,2023-05-30 23:57:07.165433,Electronics,931.42,1,20,North,UPI,0,5,745.14,288.15,5,May,2
ORD02062,3532,2023-05-31 01:41:58.343668,Books,1379.64,2,10,North,Credit Card,0,2,2483.35,395.9,5,May,2
ORD02063,2082,2023-05-31 03:26:49.521904,Home & Kitchen,2339.03,3,0,East,Credit Card,1,4,7017.09,1568.61,5,May,2
ORD02064,3884,2023-05-31 05:11:40.700140,Clothing,363.53,2,25,South,Credit Card,1,5,545.29,132.66,5,May,2
ORD02065,2184,2023-05-31 06:56:31.878375,Electronics,102.3,5,10,West,COD,0,4,460.35,109.21,5,May,2
ORD02066,2008,2023-05-31 08:41:23.056611,Clothing,1138.36,5,25,East,Net Banking,0,3,4268.85,1450.35,5,May,2
ORD02067,3738,2023-05-31 10:26:14.234846,Clothing,100.0,3,10,East,Credit Card,0,4,270.0,64.67,5,May,2
ORD02068,2229,2023-05-31 12:11:05.413082,Beauty,2182.23,2,15,East,Net Banking,0,3,3709.79,1443.65,5,May,2
ORD02069,2035,2023-05-31 13:55:56.591318,Electronics,1905.23,3,0,North,Debit Card,0,4,5715.69,2279.12,5,May,2
ORD02070,1489,2023-05-31 15:40:47.769553,Home & Kitchen,3201.96,2,15,East,Debit Card,0,3,5443.33,1247.64,5,May,2
ORD02071,1275,2023-05-31 17:25:38.947789,Electronics,1530.65,2,5,North,COD,0,4,2908.24,806.16,5,May,2
ORD02072,3740,2023-05-31 19:10:30.126025,Clothing,104.34,5,5,West,Net Banking,0,4,495.62,143.45,5,May,2
ORD02073,3289,2023-05-31 20:55:21.304260,Home & Kitchen,437.84,4,0,West,UPI,0,4,1751.36,516.39,5,May,2
ORD02074,2239,2023-05-31 22:40:12.482496,Clothing,2474.86,1,0,South,COD,0,4,2474.86,602.76,5,May,2
ORD02075,2274,2023-06-01 00:25:03.660732,Books,274.32,1,0,North,Credit Card,0,3,274.32,52.53,6,Jun,2
ORD02076,1125,2023-06-01 02:09:54.838967,Electronics,1798.38,3,5,West,Debit Card,1,4,5125.38,838.72,6,Jun,2
ORD02077,1216,2023-06-01 03:54:46.017203,Clothing,2272.96,1,25,West,Debit Card,0,4,1704.72,301.03,6,Jun,2
ORD02078,2208,2023-06-01 05:39:37.195439,Home & Kitchen,600.97,5,5,South,UPI,0,3,2854.61,1071.4,6,Jun,2
ORD02079,2246,2023-06-01 07:24:28.373674,Clothing,583.57,4,15,South,COD,1,5,1984.14,436.7,6,Jun,2
ORD02080,3542,2023-06-01 09:09:19.551910,Sports,1224.0,2,0,South,Net Banking,0,5,2448.0,414.22,6,Jun,2
ORD02081,3474,2023-06-01 10:54:10.730146,Home & Kitchen,2963.02,2,10,North,Debit Card,0,3,5333.44,1631.41,6,Jun,2
ORD02082,1918,2023-06-01 12:39:01.908381,Clothing,380.22,5,10,East,Credit Card,0,2,1710.99,288.86,6,Jun,2
ORD02083,2317,2023-06-01 14:23:53.086617,Electronics,4251.91,1,30,North,UPI,0,1,2976.34,498.58,6,Jun,2
ORD02084,3198,2023-06-01 16:08:44.264852,Books,1371.13,2,20,South,UPI,0,4,2193.81,669.97,6,Jun,2
ORD02085,3431,2023-06-01 17:53:35.443088,Sports,7266.37,1,10,East,UPI,1,3,6539.73,1947.85,6,Jun,2
ORD02086,2661,2023-06-01 19:38:26.621324,Clothing,140.83,5,20,West,Credit Card,0,1,563.32,90.34,6,Jun,2
ORD02087,1307,2023-06-01 21:23:17.799559,Sports,202.98,2,0,North,UPI,0,4,405.96,107.63,6,Jun,2
ORD02088,2359,2023-06-01 23:08:08.977795,Clothing,2628.59,3,10,South,Net Banking,0,5,7097.19,1837.76,6,Jun,2
ORD02089,2969,2023-06-02 00:53:00.156031,Sports,3001.01,4,0,South,Net Banking,0,4,12004.04,3441.23,6,Jun,2
ORD02090,3793,2023-06-02 02:37:51.334266,Electronics,884.42,1,5,East,COD,0,5,840.2,281.01,6,Jun,2
ORD02091,1891,2023-06-02 04:22:42.512502,Sports,1878.02,1,0,North,COD,0,3,1878.02,414.48,6,Jun,2
ORD02092,1374,2023-06-02 06:07:33.690738,Books,3032.41,1,15,West,Net Banking,0,2,2577.55,665.51,6,Jun,2
ORD02093,3033,2023-06-02 07:52:24.868973,Clothing,100.0,1,10,West,Credit Card,0,1,90.0,31.34,6,Jun,2
ORD02094,2364,2023-06-02 09:37:16.047209,Clothing,1279.8,5,20,East,COD,0,5,5119.2,1948.57,6,Jun,2
ORD02095,1128,2023-06-02 11:22:07.225445,Clothing,2880.9,5,10,East,UPI,1,4,12964.05,4833.4,6,Jun,2
ORD02096,2014,2023-06-02 13:06:58.403680,Beauty,761.63,5,0,West,Net Banking,0,4,3808.15,1025.95,6,Jun,2
ORD02097,2799,2023-06-02 14:51:49.581916,Electronics,540.13,5,15,East,Debit Card,0,4,2295.55,643.25,6,Jun,2
ORD02098,3716,2023-06-02 16:36:40.760152,Electronics,2382.3,2,20,East,Credit Card,0,5,3811.68,1075.95,6,Jun,2
ORD02099,2381,2023-06-02 18:21:31.938387,Home & Kitchen,613.73,5,25,North,Credit Card,0,4,2301.49,845.06,6,Jun,2
ORD02100,1516,2023-06-02 20:06:23.116623,Books,100.0,2,10,East,Net Banking,0,4,180.0,64.8,6,Jun,2
ORD02101,2518,2023-06-02 21:51:14.294858,Books,4812.37,3,20,South,Debit Card,0,5,11549.69,2631.98,6,Jun,2
ORD02102,1085,2023-06-02 23:36:05.473094,Home & Kitchen,1345.19,5,20,South,Credit Card,1,4,5380.76,1026.18,6,Jun,2
ORD02103,2198,2023-06-03 01:20:56.651330,Clothing,2568.19,3,0,South,COD,0,4,7704.57,1885.64,6,Jun,2
ORD02104,3358,2023-06-03 03:05:47.829565,Beauty,2617.04,5,0,East,Debit Card,1,4,13085.2,2906.24,6,Jun,2
ORD02105,2142,2023-06-03 04:50:39.007801,Clothing,103.08,3,0,West,UPI,1,5,309.24,119.89,6,Jun,2
ORD02106,3474,2023-06-03 06:35:30.186037,Electronics,281.05,4,5,South,COD,0,3,1067.99,231.2,6,Jun,2
ORD02107,2993,2023-06-03 08:20:21.364272,Home & Kitchen,559.03,3,10,North,Debit Card,0,3,1509.38,294.78,6,Jun,2
ORD02108,3161,2023-06-03 10:05:12.542508,Home & Kitchen,580.04,2,30,East,Net Banking,0,5,812.06,304.42,6,Jun,2
ORD02109,1302,2023-06-03 11:50:03.720744,Clothing,1612.87,1,10,West,Credit Card,0,4,1451.58,249.12,6,Jun,2
ORD02110,3791,2023-06-03 13:34:54.898979,Home & Kitchen,1463.79,3,15,West,COD,0,5,3732.66,802.77,6,Jun,2
ORD02111,1587,2023-06-03 15:19:46.077215,Electronics,1023.58,1,15,East,Net Banking,0,4,870.04,226.02,6,Jun,2
ORD02112,1986,2023-06-03 17:04:37.255451,Clothing,355.98,4,0,East,Debit Card,0,4,1423.92,425.43,6,Jun,2
ORD02113,2863,2023-06-03 18:49:28.433686,Sports,721.86,4,0,North,UPI,0,2,2887.44,669.65,6,Jun,2
ORD02114,1344,2023-06-03 20:34:19.611922,Electronics,1176.56,2,10,East,Credit Card,0,5,2117.81,580.4,6,Jun,2
ORD02115,1813,2023-06-03 22:19:10.790158,Clothing,946.63,2,15,East,Credit Card,0,4,1609.27,321.38,6,Jun,2
ORD02116,2987,2023-06-04 00:04:01.968393,Sports,204.23,3,30,West,COD,0,4,428.88,125.91,6,Jun,2
ORD02117,3848,2023-06-04 01:48:53.146629,Beauty,1572.64,5,5,South,Net Banking,0,3,7470.04,1882.11,6,Jun,2
ORD02118,2310,2023-06-04 03:33:44.324864,Books,113.79,4,25,South,Debit Card,0,5,341.37,123.68,6,Jun,2
ORD02119,2999,2023-06-04 05:18:35.503100,Books,712.69,1,5,West,Debit Card,1,4,677.06,171.93,6,Jun,2
ORD02120,2677,2023-06-04 07:03:26.681336,Home & Kitchen,1856.96,5,15,East,Net Banking,0,3,7892.08,2059.47,6,Jun,2
ORD02121,2327,2023-06-04 08:48:17.859571,Beauty,100.0,4,10,North,Credit Card,1,5,360.0,107.3,6,Jun,2
ORD02122,2092,2023-06-04 10:33:09.037807,Sports,1265.9,3,0,South,Net Banking,0,5,3797.7,686.6,6,Jun,2
ORD02123,3408,2023-06-04 12:18:00.216043,Electronics,610.87,4,0,East,Debit Card,0,4,2443.48,462.3,6,Jun,2
ORD02124,2009,2023-06-04 14:02:51.394278,Clothing,100.0,2,0,South,Net Banking,0,5,200.0,69.51,6,Jun,2
ORD02125,1703,2023-06-04 15:47:42.572514,Books,316.79,1,5,West,Credit Card,0,2,300.95,65.71,6,Jun,2
ORD02126,1574,2023-06-04 17:32:33.750750,Sports,4243.96,1,15,South,COD,0,2,3607.37,1158.59,6,Jun,2
ORD02127,2608,2023-06-04 19:17:24.928985,Home & Kitchen,1104.55,2,0,West,Credit Card,0,4,2209.1,385.17,6,Jun,2
ORD02128,2112,2023-06-04 21:02:16.107221,Home & Kitchen,8831.85,5,15,West,UPI,1,3,37535.36,13342.38,6,Jun,2
ORD02129,1687,2023-06-04 22:47:07.285457,Beauty,1116.08,2,0,West,UPI,0,5,2232.16,886.29,6,Jun,2
ORD02130,3828,2023-06-05 00:31:58.463692,Electronics,1177.68,1,20,North,Net Banking,1,5,942.14,229.34,6,Jun,2
ORD02131,3632,2023-06-05 02:16:49.641928,Electronics,745.98,3,20,East,Credit Card,0,4,1790.35,494.82,6,Jun,2
ORD02132,3636,2023-06-05 04:01:40.820164,Clothing,556.68,5,20,West,Credit Card,1,5,2226.72,580.46,6,Jun,2
ORD02133,1488,2023-06-05 05:46:31.998399,Clothing,434.62,4,10,West,Debit Card,0,1,1564.63,584.46,6,Jun,2
ORD02134,2347,2023-06-05 07:31:23.176635,Electronics,631.07,3,0,South,COD,0,4,1893.21,288.68,6,Jun,2
ORD02135,1493,2023-06-05 09:16:14.354870,Electronics,923.87,5,20,East,Credit Card,0,5,3695.48,1158.03,6,Jun,2
ORD02136,2667,2023-06-05 11:01:05.533106,Home & Kitchen,319.77,1,0,North,Net Banking,1,5,319.77,100.12,6,Jun,2
ORD02137,2637,2023-06-05 12:45:56.711342,Sports,382.1,1,0,North,Debit Card,0,4,382.1,93.84,6,Jun,2
ORD02138,1018,2023-06-05 14:30:47.889577,Books,475.24,3,0,South,Debit Card,0,3,1425.72,292.04,6,Jun,2
ORD02139,3444,2023-06-05 16:15:39.067813,Books,894.74,5,15,North,Net Banking,0,3,3802.64,798.25,6,Jun,2
ORD02140,2000,2023-06-05 18:00:30.246049,Clothing,1586.84,4,15,South,Net Banking,0,4,5395.26,1888.97,6,Jun,2
ORD02141,1850,2023-06-05 19:45:21.424284,Sports,2908.44,4,15,East,Credit Card,0,4,9888.7,1646.72,6,Jun,2
ORD02142,2388,2023-06-05 21:30:12.602520,Sports,507.69,2,10,South,Credit Card,0,1,913.84,265.89,6,Jun,2
ORD02143,2354,2023-06-05 23:15:03.780756,Home & Kitchen,304.51,3,0,South,Debit Card,0,4,913.53,207.11,6,Jun,2
ORD02144,2367,2023-06-06 00:59:54.958991,Electronics,714.27,5,25,West,Debit Card,0,5,2678.51,579.39,6,Jun,2
ORD02145,1821,2023-06-06 02:44:46.137227,Electronics,3371.9,3,10,North,COD,1,4,9104.13,2516.69,6,Jun,2
ORD02146,1454,2023-06-06 04:29:37.315463,Electronics,100.0,4,10,East,Debit Card,1,3,360.0,134.81,6,Jun,2
ORD02147,2624,2023-06-06 06:14:28.493698,Home & Kitchen,1699.19,5,10,East,Net Banking,0,5,7646.36,2328.49,6,Jun,2
ORD02148,3772,2023-06-06 07:59:19.671934,Sports,972.72,1,0,West,Net Banking,0,3,972.72,337.68,6,Jun,2
ORD02149,1710,2023-06-06 09:44:10.850170,Sports,263.4,1,0,South,COD,0,5,263.4,79.07,6,Jun,2
ORD02150,3190,2023-06-06 11:29:02.028405,Books,580.75,5,10,East,UPI,0,3,2613.38,847.86,6,Jun,2
ORD02151,1916,2023-06-06 13:13:53.206641,Sports,382.24,3,0,East,UPI,0,4,1146.72,295.97,6,Jun,2
ORD02152,3875,2023-06-06 14:58:44.384876,Beauty,3153.54,3,0,South,Net Banking,0,4,9460.62,3609.18,6,Jun,2
ORD02153,3652,2023-06-06 16:43:35.563112,Clothing,986.3,1,25,South,UPI,0,4,739.72,203.78,6,Jun,2
ORD02154,2496,2023-06-06 18:28:26.741348,Clothing,1242.06,1,10,East,UPI,0,4,1117.85,321.88,6,Jun,2
ORD02155,2440,2023-06-06 20:13:17.919583,Beauty,1350.95,4,10,South,COD,0,3,4863.42,1367.79,6,Jun,2
ORD02156,1304,2023-06-06 21:58:09.097819,Clothing,1530.88,5,15,North,Debit Card,0,4,6506.24,1490.24,6,Jun,2
ORD02157,1735,2023-06-06 23:43:00.276055,Beauty,1026.45,3,30,East,Debit Card,0,4,2155.54,447.94,6,Jun,2
ORD02158,3338,2023-06-07 01:27:51.454290,Beauty,100.0,4,0,South,UPI,0,3,400.0,67.38,6,Jun,2
ORD02159,2963,2023-06-07 03:12:42.632526,Home & Kitchen,611.33,3,20,East,Credit Card,0,5,1467.19,483.5,6,Jun,2
ORD02160,3149,2023-06-07 04:57:33.810762,Sports,304.78,1,10,East,COD,0,5,274.3,60.98,6,Jun,2
ORD02161,3009,2023-06-07 06:42:24.988997,Home & Kitchen,1709.82,5,0,West,UPI,1,5,8549.1,2114.19,6,Jun,2
ORD02162,3914,2023-06-07 08:27:16.167233,Home & Kitchen,100.0,2,0,North,Credit Card,0,4,200.0,76.0,6,Jun,2
ORD02163,3889,2023-06-07 10:12:07.345469,Clothing,1244.49,5,10,North,Credit Card,0,3,5600.2,1633.08,6,Jun,2
ORD02164,1961,2023-06-07 11:56:58.523704,Electronics,354.78,2,15,West,COD,0,4,603.13,105.11,6,Jun,2
ORD02165,3989,2023-06-07 13:41:49.701940,Clothing,4459.37,4,0,West,Debit Card,0,5,17837.48,6241.39,6,Jun,2
ORD02166,2026,2023-06-07 15:26:40.880176,Home & Kitchen,613.17,2,10,East,Net Banking,0,1,1103.71,236.23,6,Jun,2
ORD02167,3132,2023-06-07 17:11:32.058411,Electronics,590.06,2,15,North,Credit Card,0,4,1003.1,289.07,6,Jun,2
ORD02168,3375,2023-06-07 18:56:23.236647,Electronics,3853.44,4,10,West,Net Banking,0,4,13872.38,3849.52,6,Jun,2
ORD02169,3863,2023-06-07 20:41:14.414882,Electronics,810.25,5,25,South,Net Banking,0,3,3038.44,636.61,6,Jun,2
ORD02170,2473,2023-06-07 22:26:05.593118,Home & Kitchen,4939.69,4,25,East,COD,1,4,14819.07,2651.77,6,Jun,2
ORD02171,3501,2023-06-08 00:10:56.771354,Beauty,100.0,1,10,North,Debit Card,0,5,90.0,18.25,6,Jun,2
ORD02172,2947,2023-06-08 01:55:47.949589,Beauty,548.67,1,30,East,COD,0,5,384.07,66.96,6,Jun,2
ORD02173,3676,2023-06-08 03:40:39.127825,Books,1645.79,2,0,East,Credit Card,0,3,3291.58,720.55,6,Jun,2
ORD02174,2177,2023-06-08 05:25:30.306061,Sports,3322.64,4,0,South,Debit Card,0,4,13290.56,5307.24,6,Jun,2
ORD02175,1664,2023-06-08 07:10:21.484296,Home & Kitchen,444.39,4,5,South,UPI,0,3,1688.68,423.05,6,Jun,2
ORD02176,1011,2023-06-08 08:55:12.662532,Books,3999.16,4,15,West,Debit Card,0,4,13597.14,4976.17,6,Jun,2
ORD02177,2156,2023-06-08 10:40:03.840768,Home & Kitchen,1352.55,5,15,South,COD,0,5,5748.34,1651.47,6,Jun,2
ORD02178,1303,2023-06-08 12:24:55.019003,Electronics,2421.74,3,10,North,COD,0,4,6538.7,2070.45,6,Jun,2
ORD02179,2763,2023-06-08 14:09:46.197239,Beauty,759.27,3,0,West,Net Banking,0,5,2277.81,430.7,6,Jun,2
ORD02180,3830,2023-06-08 15:54:37.375475,Clothing,357.73,3,0,North,UPI,0,4,1073.19,234.71,6,Jun,2
ORD02181,1042,2023-06-08 17:39:28.553710,Clothing,3632.65,5,25,North,Debit Card,0,4,13622.44,3781.74,6,Jun,2
ORD02182,1943,2023-06-08 19:24:19.731946,Home & Kitchen,4057.64,4,25,West,UPI,0,4,12172.92,4507.46,6,Jun,2
ORD02183,3390,2023-06-08 21:09:10.910182,Clothing,1032.46,3,15,South,Net Banking,0,5,2632.77,423.14,6,Jun,2
ORD02184,2349,2023-06-08 22:54:02.088417,Clothing,100.0,4,15,East,UPI,0,4,340.0,94.09,6,Jun,2
ORD02185,3545,2023-06-09 00:38:53.266653,Home & Kitchen,174.43,2,10,South,UPI,0,5,313.97,51.1,6,Jun,2
ORD02186,3411,2023-06-09 02:23:44.444888,Electronics,1276.56,3,0,North,Debit Card,1,5,3829.68,1011.82,6,Jun,2
ORD02187,1890,2023-06-09 04:08:35.623124,Home & Kitchen,100.0,2,10,North,UPI,0,5,180.0,55.3,6,Jun,2
ORD02188,3474,2023-06-09 05:53:26.801360,Books,758.54,5,15,West,Net Banking,0,5,3223.79,1083.78,6,Jun,2
ORD02189,2004,2023-06-09 07:38:17.979595,Home & Kitchen,542.25,1,10,North,Credit Card,0,3,488.02,90.1,6,Jun,2
ORD02190,1020,2023-06-09 09:23:09.157831,Home & Kitchen,1879.47,5,0,West,Credit Card,0,4,9397.35,1800.94,6,Jun,2
ORD02191,1406,2023-06-09 11:08:00.336067,Books,100.0,5,30,West,COD,0,4,350.0,93.63,6,Jun,2
ORD02192,3666,2023-06-09 12:52:51.514302,Home & Kitchen,1006.29,5,20,South,Credit Card,0,4,4025.16,1608.09,6,Jun,2
ORD02193,2014,2023-06-09 14:37:42.692538,Home & Kitchen,1298.09,3,0,North,Debit Card,0,5,3894.27,930.78,6,Jun,2
ORD02194,1335,2023-06-09 16:22:33.870774,Sports,1440.72,2,15,South,COD,0,1,2449.22,629.16,6,Jun,2
ORD02195,2838,2023-06-09 18:07:25.049009,Home & Kitchen,779.19,3,25,East,Credit Card,0,3,1753.18,452.52,6,Jun,2
ORD02196,2147,2023-06-09 19:52:16.227245,Sports,544.4,1,0,South,Credit Card,0,5,544.4,92.64,6,Jun,2
ORD02197,3446,2023-06-09 21:37:07.405481,Electronics,1720.88,5,10,North,COD,0,2,7743.96,2660.38,6,Jun,2
ORD02198,3840,2023-06-09 23:21:58.583716,Clothing,2821.57,4,10,East,Debit Card,0,3,10157.65,2166.38,6,Jun,2
ORD02199,2827,2023-06-10 01:06:49.761952,Beauty,1774.38,1,10,North,COD,0,4,1596.94,520.47,6,Jun,2
ORD02200,1714,2023-06-10 02:51:40.940188,Clothing,4034.63,2,20,East,Debit Card,0,5,6455.41,1735.04,6,Jun,2
ORD02201,1050,2023-06-10 04:36:32.118423,Electronics,1894.86,1,5,North,Debit Card,1,4,1800.12,545.34,6,Jun,2
ORD02202,1323,2023-06-10 06:21:23.296659,Books,2169.82,3,0,South,Net Banking,1,5,6509.46,1064.25,6,Jun,2
ORD02203,1788,2023-06-10 08:06:14.474894,Electronics,275.71,4,0,North,Credit Card,0,3,1102.84,410.8,6,Jun,2
ORD02204,1140,2023-06-10 09:51:05.653130,Electronics,815.9,3,0,West,Credit Card,0,5,2447.7,516.38,6,Jun,2
ORD02205,1469,2023-06-10 11:35:56.831366,Beauty,995.54,5,10,West,UPI,0,3,4479.93,1422.48,6,Jun,2
ORD02206,1786,2023-06-10 13:20:48.009601,Books,444.16,5,15,South,COD,0,3,1887.68,659.75,6,Jun,2
ORD02207,2825,2023-06-10 15:05:39.187837,Clothing,1127.88,1,0,South,Net Banking,0,4,1127.88,321.46,6,Jun,2
ORD02208,2357,2023-06-10 16:50:30.366073,Beauty,515.41,5,15,East,Credit Card,0,2,2190.49,513.31,6,Jun,2
ORD02209,2916,2023-06-10 18:35:21.544308,Beauty,1744.74,5,15,South,UPI,0,4,7415.14,2925.09,6,Jun,2
ORD02210,1963,2023-06-10 20:20:12.722544,Clothing,953.13,2,0,West,Net Banking,0,4,1906.26,418.63,6,Jun,2
ORD02211,1372,2023-06-10 22:05:03.900780,Clothing,920.97,2,15,South,Debit Card,0,3,1565.65,606.17,6,Jun,2
ORD02212,3541,2023-06-10 23:49:55.079015,Sports,6169.61,3,15,West,Credit Card,0,5,15732.51,2974.33,6,Jun,2
ORD02213,2692,2023-06-11 01:34:46.257251,Home & Kitchen,747.47,3,10,South,COD,0,4,2018.17,499.1,6,Jun,2
ORD02214,3798,2023-06-11 03:19:37.435487,Home & Kitchen,674.82,2,5,West,Net Banking,0,5,1282.16,236.72,6,Jun,2
ORD02215,2179,2023-06-11 05:04:28.613722,Sports,575.42,1,15,East,UPI,0,5,489.11,73.64,6,Jun,2
ORD02216,3338,2023-06-11 06:49:19.791958,Home & Kitchen,3377.11,2,30,North,COD,0,3,4727.95,1016.81,6,Jun,2
ORD02217,2671,2023-06-11 08:34:10.970194,Clothing,1029.92,3,10,North,Debit Card,0,4,2780.78,477.75,6,Jun,2
ORD02218,1105,2023-06-11 10:19:02.148429,Home & Kitchen,1374.49,4,5,West,COD,0,4,5223.06,2071.39,6,Jun,2
ORD02219,2443,2023-06-11 12:03:53.326665,Clothing,299.17,5,10,South,UPI,0,5,1346.26,458.28,6,Jun,2
ORD02220,3717,2023-06-11 13:48:44.504900,Sports,1167.87,4,0,South,Debit Card,0,5,4671.48,705.05,6,Jun,2
ORD02221,2681,2023-06-11 15:33:35.683136,Home & Kitchen,481.65,4,10,North,UPI,1,4,1733.94,357.04,6,Jun,2
ORD02222,1001,2023-06-11 17:18:26.861372,Electronics,1967.54,5,5,West,Credit Card,0,1,9345.82,2967.59,6,Jun,2
ORD02223,3636,2023-06-11 19:03:18.039607,Books,2680.41,2,0,South,UPI,0,4,5360.82,1338.26,6,Jun,2
ORD02224,3691,2023-06-11 20:48:09.217843,Clothing,1881.9,1,10,North,COD,0,5,1693.71,606.28,6,Jun,2
ORD02225,3137,2023-06-11 22:33:00.396079,Clothing,1965.36,4,0,West,Credit Card,0,5,7861.44,2171.45,6,Jun,2
ORD02226,1349,2023-06-12 00:17:51.574314,Home & Kitchen,1077.62,1,10,East,Credit Card,0,5,969.86,303.97,6,Jun,2
ORD02227,2286,2023-06-12 02:02:42.752550,Clothing,1867.81,3,0,South,Net Banking,1,4,5603.43,1676.88,6,Jun,2
ORD02228,2062,2023-06-12 03:47:33.930786,Sports,824.06,4,0,South,COD,0,1,3296.24,1020.33,6,Jun,2
ORD02229,3956,2023-06-12 05:32:25.109021,Electronics,1581.13,3,20,West,COD,0,5,3794.71,787.5,6,Jun,2
ORD02230,3206,2023-06-12 07:17:16.287257,Home & Kitchen,449.71,2,25,North,Debit Card,0,5,674.56,164.14,6,Jun,2
ORD02231,3359,2023-06-12 09:02:07.465493,Sports,108.46,4,0,West,UPI,0,2,433.84,70.57,6,Jun,2
ORD02232,1444,2023-06-12 10:46:58.643728,Home & Kitchen,800.31,3,10,North,UPI,1,2,2160.84,641.57,6,Jun,2
ORD02233,3345,2023-06-12 12:31:49.821964,Books,929.23,3,0,West,COD,0,4,2787.69,738.22,6,Jun,2
ORD02234,1951,2023-06-12 14:16:41.000200,Beauty,444.39,2,10,East,UPI,0,5,799.9,272.11,6,Jun,2
ORD02235,1035,2023-06-12 16:01:32.178435,Clothing,1951.33,1,10,South,COD,0,4,1756.2,354.04,6,Jun,2
ORD02236,2107,2023-06-12 17:46:23.356671,Electronics,114.59,1,0,North,Credit Card,0,3,114.59,29.7,6,Jun,2
ORD02237,2475,2023-06-12 19:31:14.534906,Clothing,377.99,4,15,East,UPI,0,4,1285.17,250.85,6,Jun,2
ORD02238,2798,2023-06-12 21:16:05.713142,Electronics,2070.85,2,0,West,UPI,0,4,4141.7,1256.98,6,Jun,2
ORD02239,2845,2023-06-12 23:00:56.891378,Beauty,862.04,4,0,North,COD,0,4,3448.16,1248.26,6,Jun,2
ORD02240,2408,2023-06-13 00:45:48.069613,Electronics,1832.61,1,20,North,COD,0,4,1466.09,500.47,6,Jun,2
ORD02241,2195,2023-06-13 02:30:39.247849,Sports,1257.21,2,15,East,Debit Card,0,5,2137.26,825.09,6,Jun,2
ORD02242,2399,2023-06-13 04:15:30.426085,Sports,4515.13,5,10,West,UPI,1,4,20318.09,7983.62,6,Jun,2
ORD02243,2708,2023-06-13 06:00:21.604320,Electronics,1366.19,2,10,East,Net Banking,0,4,2459.14,843.51,6,Jun,2
ORD02244,2385,2023-06-13 07:45:12.782556,Home & Kitchen,100.0,2,10,West,COD,0,4,180.0,39.91,6,Jun,2
ORD02245,3606,2023-06-13 09:30:03.960792,Electronics,652.83,5,10,East,Net Banking,0,4,2937.74,601.69,6,Jun,2
ORD02246,3938,2023-06-13 11:14:55.139027,Books,231.58,3,5,East,Credit Card,0,4,660.0,172.85,6,Jun,2
ORD02247,3188,2023-06-13 12:59:46.317263,Electronics,3878.09,3,10,East,Credit Card,0,4,10470.84,4172.33,6,Jun,2
ORD02248,3934,2023-06-13 14:44:37.495499,Beauty,164.74,3,10,East,Net Banking,0,4,444.8,112.61,6,Jun,2
ORD02249,2300,2023-06-13 16:29:28.673734,Beauty,735.82,1,15,West,Credit Card,0,5,625.45,124.94,6,Jun,2
ORD02250,3773,2023-06-13 18:14:19.851970,Electronics,384.47,2,15,South,Net Banking,0,5,653.6,252.35,6,Jun,2
ORD02251,2243,2023-06-13 19:59:11.030206,Electronics,2813.25,5,5,East,Debit Card,0,4,13362.94,3293.69,6,Jun,2
ORD02252,1520,2023-06-13 21:44:02.208441,Sports,553.48,1,10,West,Debit Card,0,5,498.13,160.76,6,Jun,2
ORD02253,2806,2023-06-13 23:28:53.386677,Clothing,7222.63,5,5,South,Credit Card,0,5,34307.49,11906.01,6,Jun,2
ORD02254,1009,2023-06-14 01:13:44.564912,Sports,100.0,1,10,North,Net Banking,0,5,90.0,32.47,6,Jun,2
ORD02255,1983,2023-06-14 02:58:35.743148,Home & Kitchen,205.92,1,10,North,Net Banking,0,3,185.33,65.85,6,Jun,2
ORD02256,3425,2023-06-14 04:43:26.921384,Clothing,381.64,1,25,East,Net Banking,0,5,286.23,102.77,6,Jun,2
ORD02257,2656,2023-06-14 06:28:18.099619,Sports,2499.85,5,15,North,Credit Card,0,4,10624.36,3367.0,6,Jun,2
ORD02258,2660,2023-06-14 08:13:09.277855,Books,3161.97,4,25,East,Net Banking,0,5,9485.91,2380.56,6,Jun,2
ORD02259,3729,2023-06-14 09:58:00.456091,Beauty,111.2,1,15,East,COD,0,3,94.52,29.95,6,Jun,2
ORD02260,3631,2023-06-14 11:42:51.634326,Beauty,100.0,3,30,South,Net Banking,0,4,210.0,75.43,6,Jun,2
ORD02261,3199,2023-06-14 13:27:42.812562,Electronics,2047.13,2,15,North,COD,0,4,3480.12,827.09,6,Jun,2
ORD02262,1719,2023-06-14 15:12:33.990798,Electronics,214.68,4,30,East,Debit Card,0,5,601.1,134.72,6,Jun,2
ORD02263,2072,2023-06-14 16:57:25.169033,Beauty,214.07,4,0,North,COD,0,5,856.28,202.02,6,Jun,2
ORD02264,1858,2023-06-14 18:42:16.347269,Beauty,100.0,5,0,South,Debit Card,1,3,500.0,143.91,6,Jun,2
ORD02265,2316,2023-06-14 20:27:07.525505,Electronics,100.0,4,10,North,Credit Card,0,3,360.0,58.72,6,Jun,2
ORD02266,2603,2023-06-14 22:11:58.703740,Sports,459.13,5,30,South,Debit Card,0,5,1606.96,553.99,6,Jun,2
ORD02267,1049,2023-06-14 23:56:49.881976,Books,100.82,5,10,South,Debit Card,0,4,453.69,83.8,6,Jun,2
ORD02268,3711,2023-06-15 01:41:41.060212,Clothing,690.39,3,0,South,Net Banking,0,4,2071.17,379.46,6,Jun,2
ORD02269,3578,2023-06-15 03:26:32.238447,Sports,2682.62,1,10,East,UPI,0,5,2414.36,481.46,6,Jun,2
ORD02270,3904,2023-06-15 05:11:23.416683,Electronics,592.5,4,15,West,Debit Card,0,5,2014.5,592.73,6,Jun,2
ORD02271,1145,2023-06-15 06:56:14.594918,Beauty,1952.02,1,5,East,COD,0,3,1854.42,410.55,6,Jun,2
ORD02272,1914,2023-06-15 08:41:05.773154,Electronics,147.92,1,15,North,Credit Card,0,4,125.73,30.43,6,Jun,2
ORD02273,2462,2023-06-15 10:25:56.951390,Home & Kitchen,1615.46,1,30,East,COD,0,5,1130.82,433.0,6,Jun,2
ORD02274,3289,2023-06-15 12:10:48.129625,Electronics,571.34,5,25,East,Credit Card,1,5,2142.52,775.16,6,Jun,2
ORD02275,1580,2023-06-15 13:55:39.307861,Books,2077.96,1,0,West,COD,0,3,2077.96,754.4,6,Jun,2
ORD02276,3734,2023-06-15 15:40:30.486097,Home & Kitchen,219.71,4,5,North,Debit Card,0,2,834.9,245.8,6,Jun,2
ORD02277,2584,2023-06-15 17:25:21.664332,Electronics,3422.46,5,5,South,UPI,0,3,16256.68,5959.97,6,Jun,2
ORD02278,1482,2023-06-15 19:10:12.842568,Books,416.75,4,5,South,Debit Card,1,5,1583.65,545.79,6,Jun,2
ORD02279,2249,2023-06-15 20:55:04.020804,Books,653.43,5,0,North,Net Banking,0,4,3267.15,1268.66,6,Jun,2
ORD02280,1672,2023-06-15 22:39:55.199039,Electronics,4499.03,2,20,East,COD,0,4,7198.45,1195.61,6,Jun,2
ORD02281,1630,2023-06-16 00:24:46.377275,Sports,1295.84,2,5,West,UPI,0,1,2462.1,387.0,6,Jun,2
ORD02282,3708,2023-06-16 02:09:37.555511,Clothing,683.02,2,25,West,COD,0,2,1024.53,198.51,6,Jun,2
ORD02283,1661,2023-06-16 03:54:28.733746,Home & Kitchen,4481.71,2,25,North,Net Banking,0,4,6722.56,2569.84,6,Jun,2
ORD02284,3852,2023-06-16 05:39:19.911982,Books,598.65,5,0,North,Net Banking,0,4,2993.25,902.14,6,Jun,2
ORD02285,3466,2023-06-16 07:24:11.090218,Books,149.52,1,30,East,Net Banking,0,4,104.66,26.85,6,Jun,2
ORD02286,1987,2023-06-16 09:09:02.268453,Electronics,8640.0,3,15,West,Debit Card,0,2,22032.0,6128.81,6,Jun,2
ORD02287,2546,2023-06-16 10:53:53.446689,Clothing,467.64,3,10,North,Debit Card,0,4,1262.63,451.27,6,Jun,2
ORD02288,1649,2023-06-16 12:38:44.624924,Books,2858.31,2,5,East,UPI,0,5,5430.79,2076.07,6,Jun,2
ORD02289,1968,2023-06-16 14:23:35.803160,Home & Kitchen,271.46,1,10,East,Net Banking,0,3,244.31,81.21,6,Jun,2
ORD02290,3637,2023-06-16 16:08:26.981396,Sports,1971.54,4,5,North,Debit Card,0,5,7491.85,2546.94,6,Jun,2
ORD02291,2100,2023-06-16 17:53:18.159631,Books,1114.92,1,15,West,Credit Card,1,2,947.68,218.06,6,Jun,2
ORD02292,3556,2023-06-16 19:38:09.337867,Electronics,5937.62,4,0,South,Credit Card,0,3,23750.48,6335.65,6,Jun,2
ORD02293,1440,2023-06-16 21:23:00.516103,Electronics,1207.23,3,15,East,Debit Card,0,4,3078.44,1143.03,6,Jun,2
ORD02294,1920,2023-06-16 23:07:51.694338,Electronics,100.0,1,0,South,UPI,0,5,100.0,34.65,6,Jun,2
ORD02295,1769,2023-06-17 00:52:42.872574,Electronics,1389.05,1,0,East,COD,0,4,1389.05,445.98,6,Jun,2
ORD02296,2343,2023-06-17 02:37:34.050810,Clothing,235.54,3,10,West,Net Banking,0,4,635.96,105.77,6,Jun,2
ORD02297,2826,2023-06-17 04:22:25.229045,Electronics,2403.25,1,10,South,Debit Card,0,4,2162.93,345.8,6,Jun,2
ORD02298,1262,2023-06-17 06:07:16.407281,Electronics,2912.84,4,10,North,UPI,0,3,10486.22,1914.81,6,Jun,2
ORD02299,2577,2023-06-17 07:52:07.585517,Electronics,986.94,1,0,East,COD,0,3,986.94,291.49,6,Jun,2
ORD02300,3684,2023-06-17 09:36:58.763752,Electronics,2293.32,4,25,North,UPI,1,5,6879.96,1954.57,6,Jun,2
ORD02301,3506,2023-06-17 11:21:49.941988,Electronics,235.18,2,15,North,COD,0,3,399.81,154.2,6,Jun,2
ORD02302,1998,2023-06-17 13:06:41.120224,Electronics,1016.14,1,0,West,Credit Card,0,4,1016.14,328.91,6,Jun,2
ORD02303,1699,2023-06-17 14:51:32.298459,Clothing,751.17,4,10,North,COD,0,5,2704.21,604.37,6,Jun,2
ORD02304,3349,2023-06-17 16:36:23.476695,Books,1417.49,3,10,East,Credit Card,0,2,3827.22,728.6,6,Jun,2
ORD02305,2603,2023-06-17 18:21:14.654930,Electronics,100.0,2,0,North,Net Banking,0,4,200.0,72.48,6,Jun,2
ORD02306,2241,2023-06-17 20:06:05.833166,Clothing,2092.23,1,15,North,Debit Card,0,3,1778.4,471.11,6,Jun,2
ORD02307,2125,2023-06-17 21:50:57.011402,Clothing,123.65,4,20,East,Credit Card,0,3,395.68,123.99,6,Jun,2
ORD02308,3601,2023-06-17 23:35:48.189637,Electronics,1602.73,1,15,North,UPI,0,2,1362.32,396.82,6,Jun,2
ORD02309,3335,2023-06-18 01:20:39.367873,Electronics,100.0,4,0,West,COD,0,4,400.0,70.75,6,Jun,2
ORD02310,2190,2023-06-18 03:05:30.546109,Books,2674.69,1,25,East,UPI,1,5,2006.02,329.52,6,Jun,2
ORD02311,3668,2023-06-18 04:50:21.724344,Home & Kitchen,288.01,2,5,West,Credit Card,0,4,547.22,133.66,6,Jun,2
ORD02312,2005,2023-06-18 06:35:12.902580,Electronics,1086.95,2,25,North,UPI,0,5,1630.43,391.94,6,Jun,2
ORD02313,1035,2023-06-18 08:20:04.080816,Electronics,454.69,1,0,South,COD,1,3,454.69,144.8,6,Jun,2
ORD02314,1743,2023-06-18 10:04:55.259051,Sports,1923.7,1,10,West,Debit Card,0,4,1731.33,533.34,6,Jun,2
ORD02315,2764,2023-06-18 11:49:46.437287,Clothing,581.48,5,10,West,UPI,0,4,2616.66,1026.35,6,Jun,2
ORD02316,1352,2023-06-18 13:34:37.615523,Electronics,1934.35,1,0,North,Net Banking,0,3,1934.35,705.12,6,Jun,2
ORD02317,2922,2023-06-18 15:19:28.793758,Sports,502.94,1,20,South,COD,0,3,402.35,110.3,6,Jun,2
ORD02318,1072,2023-06-18 17:04:19.971994,Sports,2094.35,2,15,East,COD,0,4,3560.39,979.13,6,Jun,2
ORD02319,3695,2023-06-18 18:49:11.150230,Clothing,100.0,1,0,South,Net Banking,0,5,100.0,31.85,6,Jun,2
ORD02320,2376,2023-06-18 20:34:02.328465,Books,499.67,3,15,East,Credit Card,0,5,1274.16,227.47,6,Jun,2
ORD02321,2914,2023-06-18 22:18:53.506701,Electronics,1035.63,1,10,North,Net Banking,0,2,932.07,372.8,6,Jun,2
ORD02322,2093,2023-06-19 00:03:44.684936,Electronics,100.0,5,0,South,Credit Card,0,5,500.0,139.85,6,Jun,2
ORD02323,3472,2023-06-19 01:48:35.863172,Home & Kitchen,308.76,4,30,North,Debit Card,0,5,864.53,326.34,6,Jun,2
ORD02324,1707,2023-06-19 03:33:27.041408,Electronics,4089.4,2,25,West,Credit Card,0,4,6134.1,2403.58,6,Jun,2
ORD02325,2804,2023-06-19 05:18:18.219643,Clothing,5647.62,3,0,South,Debit Card,0,2,16942.86,5005.1,6,Jun,2
ORD02326,3608,2023-06-19 07:03:09.397879,Beauty,2019.17,4,10,East,Debit Card,0,5,7269.01,1278.16,6,Jun,2
ORD02327,3875,2023-06-19 08:48:00.576115,Beauty,435.93,3,5,West,Net Banking,0,4,1242.4,364.44,6,Jun,2
ORD02328,1955,2023-06-19 10:32:51.754350,Electronics,452.71,2,20,East,Debit Card,0,5,724.34,216.88,6,Jun,2
ORD02329,3564,2023-06-19 12:17:42.932586,Home & Kitchen,1556.8,5,25,West,Credit Card,0,4,5838.0,2027.53,6,Jun,2
ORD02330,3475,2023-06-19 14:02:34.110822,Books,187.66,2,5,East,UPI,0,4,356.55,57.78,6,Jun,2
ORD02331,1159,2023-06-19 15:47:25.289057,Sports,4443.72,3,20,East,COD,0,3,10664.93,2843.04,6,Jun,2
ORD02332,3196,2023-06-19 17:32:16.467293,Clothing,381.98,3,10,North,COD,0,5,1031.35,392.63,6,Jun,2
ORD02333,3823,2023-06-19 19:17:07.645529,Electronics,11875.99,2,5,West,Credit Card,0,3,22564.38,8976.67,6,Jun,2
ORD02334,2735,2023-06-19 21:01:58.823764,Electronics,1026.98,1,25,North,UPI,0,1,770.24,152.39,6,Jun,2
ORD02335,2585,2023-06-19 22:46:50.002000,Clothing,2213.87,2,10,North,Debit Card,0,4,3984.97,1465.07,6,Jun,2
ORD02336,1066,2023-06-20 00:31:41.180236,Clothing,100.0,5,10,North,Credit Card,0,4,450.0,83.95,6,Jun,2
ORD02337,3428,2023-06-20 02:16:32.358471,Sports,3293.91,2,15,North,Debit Card,1,3,5599.65,2017.52,6,Jun,2
ORD02338,1057,2023-06-20 04:01:23.536707,Home & Kitchen,472.07,4,0,East,Net Banking,0,4,1888.28,414.14,6,Jun,2
ORD02339,1341,2023-06-20 05:46:14.714942,Clothing,1653.64,1,5,North,UPI,1,4,1570.96,612.53,6,Jun,2
ORD02340,2153,2023-06-20 07:31:05.893178,Books,2462.6,4,25,North,COD,0,4,7387.8,2392.72,6,Jun,2
ORD02341,3774,2023-06-20 09:15:57.071414,Electronics,268.96,2,15,North,Credit Card,0,1,457.23,114.21,6,Jun,2
ORD02342,2195,2023-06-20 11:00:48.249649,Sports,876.46,1,20,East,COD,0,4,701.17,154.43,6,Jun,2
ORD02343,3817,2023-06-20 12:45:39.427885,Beauty,1021.34,4,0,West,Debit Card,0,2,4085.36,853.06,6,Jun,2
ORD02344,3661,2023-06-20 14:30:30.606121,Beauty,561.21,4,10,East,Debit Card,0,3,2020.36,646.92,6,Jun,2
ORD02345,2232,2023-06-20 16:15:21.784356,Sports,985.96,1,30,East,Net Banking,0,5,690.17,258.09,6,Jun,2
ORD02346,3401,2023-06-20 18:00:12.962592,Electronics,573.09,1,5,East,Debit Card,0,4,544.44,184.42,6,Jun,2
ORD02347,2494,2023-06-20 19:45:04.140828,Electronics,671.18,3,0,West,Debit Card,0,3,2013.54,722.25,6,Jun,2
ORD02348,2821,2023-06-20 21:29:55.319063,Home & Kitchen,1659.96,1,10,North,COD,0,4,1493.96,515.93,6,Jun,2
ORD02349,1115,2023-06-20 23:14:46.497299,Beauty,1501.93,2,5,North,COD,0,3,2853.67,1126.59,6,Jun,2
ORD02350,1661,2023-06-21 00:59:37.675535,Electronics,396.47,5,0,West,Credit Card,1,3,1982.35,672.91,6,Jun,2
ORD02351,2465,2023-06-21 02:44:28.853770,Electronics,3416.59,3,25,West,Credit Card,0,4,7687.33,1557.12,6,Jun,2
ORD02352,3500,2023-06-21 04:29:20.032006,Sports,2979.35,1,30,South,Debit Card,0,5,2085.54,725.56,6,Jun,2
ORD02353,2868,2023-06-21 06:14:11.210242,Electronics,1067.22,5,10,North,UPI,0,5,4802.49,1107.06,6,Jun,2
ORD02354,3334,2023-06-21 07:59:02.388477,Clothing,851.76,3,20,East,Credit Card,1,4,2044.22,815.54,6,Jun,2
ORD02355,2016,2023-06-21 09:43:53.566713,Home & Kitchen,709.47,2,25,East,Debit Card,0,4,1064.2,259.84,6,Jun,2
ORD02356,1310,2023-06-21 11:28:44.744948,Electronics,1842.75,5,15,North,COD,0,5,7831.69,1748.02,6,Jun,2
ORD02357,1207,2023-06-21 13:13:35.923184,Electronics,1670.59,1,0,West,Net Banking,0,3,1670.59,350.5,6,Jun,2
ORD02358,3665,2023-06-21 14:58:27.101420,Sports,327.57,1,0,South,COD,0,3,327.57,103.06,6,Jun,2
ORD02359,3493,2023-06-21 16:43:18.279655,Home & Kitchen,1669.64,2,0,East,COD,1,4,3339.28,592.07,6,Jun,2
ORD02360,3717,2023-06-21 18:28:09.457891,Beauty,436.39,3,0,South,Net Banking,0,4,1309.17,508.47,6,Jun,2
ORD02361,1632,2023-06-21 20:13:00.636127,Clothing,100.0,5,5,East,COD,0,5,475.0,106.2,6,Jun,2
ORD02362,3102,2023-06-21 21:57:51.814362,Electronics,1802.01,2,5,East,Credit Card,0,3,3423.82,766.42,6,Jun,2
ORD02363,3959,2023-06-21 23:42:42.992598,Home & Kitchen,1552.58,3,0,North,COD,0,4,4657.74,752.3,6,Jun,2
ORD02364,1656,2023-06-22 01:27:34.170834,Books,793.51,4,0,East,Net Banking,1,5,3174.04,671.32,6,Jun,2
ORD02365,2423,2023-06-22 03:12:25.349069,Electronics,1118.83,4,10,South,Debit Card,1,4,4027.79,1026.06,6,Jun,2
ORD02366,2931,2023-06-22 04:57:16.527305,Sports,4410.99,3,0,South,Debit Card,0,4,13232.97,3207.69,6,Jun,2
ORD02367,3562,2023-06-22 06:42:07.705541,Electronics,1356.54,1,20,North,Debit Card,0,2,1085.23,236.86,6,Jun,2
ORD02368,2679,2023-06-22 08:26:58.883776,Clothing,1608.91,1,0,East,Net Banking,0,3,1608.91,257.72,6,Jun,2
ORD02369,1236,2023-06-22 10:11:50.062012,Electronics,100.0,4,20,South,Net Banking,0,1,320.0,72.05,6,Jun,2
ORD02370,1347,2023-06-22 11:56:41.240248,Clothing,272.27,1,30,West,Credit Card,0,4,190.59,65.67,6,Jun,2
ORD02371,3674,2023-06-22 13:41:32.418483,Clothing,537.05,1,15,North,Net Banking,0,5,456.49,118.55,6,Jun,2
ORD02372,1629,2023-06-22 15:26:23.596719,Books,1162.77,3,15,West,Debit Card,0,5,2965.06,660.3,6,Jun,2
ORD02373,2540,2023-06-22 17:11:14.774954,Home & Kitchen,2248.13,3,25,South,Net Banking,0,4,5058.29,1144.18,6,Jun,2
ORD02374,3003,2023-06-22 18:56:05.953190,Beauty,581.23,1,0,West,UPI,0,5,581.23,167.75,6,Jun,2
ORD02375,2271,2023-06-22 20:40:57.131426,Electronics,660.98,3,30,North,COD,1,4,1388.06,313.11,6,Jun,2
ORD02376,1363,2023-06-22 22:25:48.309661,Electronics,443.88,5,20,West,Credit Card,0,4,1775.52,546.33,6,Jun,2
ORD02377,3368,2023-06-23 00:10:39.487897,Electronics,440.77,4,15,South,Debit Card,0,3,1498.62,595.5,6,Jun,2
ORD02378,1285,2023-06-23 01:55:30.666133,Electronics,4459.9,5,5,West,Debit Card,0,4,21184.52,3395.75,6,Jun,2
ORD02379,1148,2023-06-23 03:40:21.844368,Home & Kitchen,1513.67,5,10,West,UPI,0,3,6811.52,1309.07,6,Jun,2
ORD02380,2107,2023-06-23 05:25:13.022604,Home & Kitchen,254.23,1,15,West,Credit Card,0,4,216.1,42.09,6,Jun,2
ORD02381,3453,2023-06-23 07:10:04.200840,Sports,1921.54,1,15,East,COD,0,5,1633.31,427.55,6,Jun,2
ORD02382,1455,2023-06-23 08:54:55.379075,Electronics,1920.32,5,15,South,Credit Card,0,2,8161.36,1308.71,6,Jun,2
ORD02383,2766,2023-06-23 10:39:46.557311,Clothing,1647.03,5,0,West,Credit Card,0,2,8235.15,2218.39,6,Jun,2
ORD02384,1799,2023-06-23 12:24:37.735547,Books,217.05,2,5,South,Debit Card,1,3,412.4,157.63,6,Jun,2
ORD02385,2184,2023-06-23 14:09:28.913782,Electronics,786.35,2,10,West,Net Banking,1,4,1415.43,216.41,6,Jun,2
ORD02386,2012,2023-06-23 15:54:20.092018,Home & Kitchen,169.34,4,0,North,COD,0,3,677.36,163.4,6,Jun,2
ORD02387,3831,2023-06-23 17:39:11.270254,Beauty,2544.3,5,0,North,Credit Card,0,4,12721.5,4328.15,6,Jun,2
ORD02388,3507,2023-06-23 19:24:02.448489,Clothing,1597.06,3,0,North,UPI,1,4,4791.18,903.73,6,Jun,2
ORD02389,2523,2023-06-23 21:08:53.626725,Sports,1061.49,2,5,West,Debit Card,0,4,2016.83,341.63,6,Jun,2
ORD02390,3785,2023-06-23 22:53:44.804960,Books,630.14,1,10,South,Net Banking,0,3,567.13,174.5,6,Jun,2
ORD02391,3556,2023-06-24 00:38:35.983196,Electronics,305.47,5,0,North,Net Banking,0,5,1527.35,232.9,6,Jun,2
ORD02392,1480,2023-06-24 02:23:27.161432,Home & Kitchen,168.83,3,25,East,Debit Card,1,4,379.87,133.12,6,Jun,2
ORD02393,2686,2023-06-24 04:08:18.339667,Clothing,5222.34,3,20,North,Credit Card,0,5,12533.62,2089.52,6,Jun,2
ORD02394,3161,2023-06-24 05:53:09.517903,Electronics,334.06,3,15,North,Debit Card,0,5,851.85,239.45,6,Jun,2
ORD02395,3796,2023-06-24 07:38:00.696139,Home & Kitchen,100.0,1,0,East,Net Banking,0,4,100.0,33.5,6,Jun,2
ORD02396,2601,2023-06-24 09:22:51.874374,Sports,4892.16,2,15,North,Net Banking,0,3,8316.67,1750.68,6,Jun,2
ORD02397,3408,2023-06-24 11:07:43.052610,Clothing,1194.27,3,10,West,UPI,0,4,3224.53,567.15,6,Jun,2
ORD02398,1340,2023-06-24 12:52:34.230846,Clothing,2389.29,2,30,West,UPI,1,4,3345.01,648.62,6,Jun,2
ORD02399,3817,2023-06-24 14:37:25.409081,Sports,100.0,4,15,North,Net Banking,0,4,340.0,123.65,6,Jun,2
ORD02400,3010,2023-06-24 16:22:16.587317,Sports,1255.34,1,10,South,UPI,0,2,1129.81,368.82,6,Jun,2
ORD02401,3808,2023-06-24 18:07:07.765553,Home & Kitchen,761.77,2,25,South,UPI,1,1,1142.66,227.99,6,Jun,2
ORD02402,3496,2023-06-24 19:51:58.943788,Electronics,2217.38,2,0,North,UPI,0,4,4434.76,1459.17,6,Jun,2
ORD02403,2866,2023-06-24 21:36:50.122024,Beauty,100.0,3,0,East,Net Banking,0,3,300.0,98.15,6,Jun,2
ORD02404,1834,2023-06-24 23:21:41.300260,Electronics,770.47,3,15,West,Credit Card,0,5,1964.7,784.76,6,Jun,2
ORD02405,2203,2023-06-25 01:06:32.478495,Home & Kitchen,2407.22,1,0,West,Credit Card,0,3,2407.22,596.72,6,Jun,2
ORD02406,2725,2023-06-25 02:51:23.656731,Electronics,1109.41,2,0,West,COD,0,4,2218.82,812.56,6,Jun,2
ORD02407,2689,2023-06-25 04:36:14.834966,Home & Kitchen,1197.89,5,15,North,UPI,1,5,5091.03,1331.87,6,Jun,2
ORD02408,1310,2023-06-25 06:21:06.013202,Clothing,153.32,3,0,West,Credit Card,0,5,459.96,172.23,6,Jun,2
ORD02409,1261,2023-06-25 08:05:57.191438,Clothing,212.92,3,15,North,COD,0,4,542.95,93.88,6,Jun,2
ORD02410,2442,2023-06-25 09:50:48.369673,Clothing,1695.15,4,25,North,Debit Card,0,3,5085.45,985.7,6,Jun,2
ORD02411,1405,2023-06-25 11:35:39.547909,Electronics,1686.11,1,5,South,UPI,0,3,1601.8,580.63,6,Jun,2
ORD02412,3190,2023-06-25 13:20:30.726145,Home & Kitchen,5802.25,2,0,East,Credit Card,0,4,11604.5,4117.57,6,Jun,2
ORD02413,1341,2023-06-25 15:05:21.904380,Sports,1866.95,2,0,East,Credit Card,1,4,3733.9,845.2,6,Jun,2
ORD02414,2339,2023-06-25 16:50:13.082616,Beauty,1019.59,2,0,East,Credit Card,0,4,2039.18,610.12,6,Jun,2
ORD02415,1243,2023-06-25 18:35:04.260852,Electronics,2920.81,3,0,West,COD,0,3,8762.43,2152.71,6,Jun,2
ORD02416,1489,2023-06-25 20:19:55.439087,Home & Kitchen,165.51,1,0,South,Debit Card,0,5,165.51,25.25,6,Jun,2
ORD02417,1011,2023-06-25 22:04:46.617323,Home & Kitchen,894.84,2,10,South,UPI,0,1,1610.71,252.12,6,Jun,2
ORD02418,1560,2023-06-25 23:49:37.795559,Clothing,507.64,5,5,North,Credit Card,0,4,2411.29,394.4,6,Jun,2
ORD02419,1041,2023-06-26 01:34:28.973794,Electronics,165.79,4,15,South,Net Banking,0,5,563.69,168.27,6,Jun,2
ORD02420,3725,2023-06-26 03:19:20.152030,Home & Kitchen,2162.72,4,25,North,UPI,0,4,6488.16,1426.14,6,Jun,2
ORD02421,1593,2023-06-26 05:04:11.330266,Beauty,1072.45,2,20,South,Net Banking,0,4,1715.92,319.14,6,Jun,2
ORD02422,2452,2023-06-26 06:49:02.508501,Home & Kitchen,1220.5,3,10,North,COD,0,3,3295.35,1269.64,6,Jun,2
ORD02423,2826,2023-06-26 08:33:53.686737,Clothing,794.64,4,0,West,Credit Card,0,5,3178.56,573.19,6,Jun,2
ORD02424,2693,2023-06-26 10:18:44.864972,Books,925.22,4,15,South,UPI,0,1,3145.75,1001.91,6,Jun,2
ORD02425,1133,2023-06-26 12:03:36.043208,Electronics,184.98,4,5,East,UPI,0,4,702.92,262.57,6,Jun,2
ORD02426,1947,2023-06-26 13:48:27.221444,Sports,1676.32,4,0,North,Credit Card,0,5,6705.28,1280.42,6,Jun,2
ORD02427,1072,2023-06-26 15:33:18.399679,Home & Kitchen,849.63,2,20,South,Debit Card,1,1,1359.41,276.89,6,Jun,2
ORD02428,1398,2023-06-26 17:18:09.577915,Electronics,2545.5,1,5,South,COD,0,5,2418.22,709.63,6,Jun,2
ORD02429,2428,2023-06-26 19:03:00.756151,Sports,327.77,1,0,North,Credit Card,0,5,327.77,90.83,6,Jun,2
ORD02430,3625,2023-06-26 20:47:51.934386,Clothing,344.22,3,25,South,UPI,0,4,774.5,217.06,6,Jun,2
ORD02431,3906,2023-06-26 22:32:43.112622,Beauty,1556.67,5,25,East,Debit Card,0,4,5837.51,1685.11,6,Jun,2
ORD02432,1129,2023-06-27 00:17:34.290858,Clothing,2806.24,1,5,North,UPI,0,5,2665.93,1032.98,6,Jun,2
ORD02433,3978,2023-06-27 02:02:25.469093,Electronics,958.55,5,5,North,Net Banking,0,4,4553.11,744.25,6,Jun,2
ORD02434,2811,2023-06-27 03:47:16.647329,Clothing,1947.17,1,10,North,UPI,0,5,1752.45,596.03,6,Jun,2
ORD02435,3001,2023-06-27 05:32:07.825565,Clothing,10962.17,1,15,North,COD,0,4,9317.84,1939.29,6,Jun,2
ORD02436,1265,2023-06-27 07:16:59.003800,Electronics,6948.14,3,0,North,Credit Card,0,1,20844.42,5073.94,6,Jun,2
ORD02437,2560,2023-06-27 09:01:50.182036,Home & Kitchen,2045.84,4,10,East,UPI,0,3,7365.02,1269.16,6,Jun,2
ORD02438,2985,2023-06-27 10:46:41.360272,Home & Kitchen,2018.23,3,30,North,Net Banking,0,2,4238.28,1107.91,6,Jun,2
ORD02439,1792,2023-06-27 12:31:32.538507,Home & Kitchen,426.77,1,0,East,Net Banking,0,2,426.77,149.82,6,Jun,2
ORD02440,3300,2023-06-27 14:16:23.716743,Electronics,2689.5,4,25,East,Credit Card,0,1,8068.5,1409.45,6,Jun,2
ORD02441,3869,2023-06-27 16:01:14.894978,Books,779.05,4,30,East,Net Banking,0,4,2181.34,477.5,6,Jun,2
ORD02442,2312,2023-06-27 17:46:06.073214,Electronics,4905.01,4,0,North,Credit Card,0,3,19620.04,4772.88,6,Jun,2
ORD02443,1163,2023-06-27 19:30:57.251450,Home & Kitchen,127.4,5,20,East,COD,0,5,509.6,89.68,6,Jun,2
ORD02444,1094,2023-06-27 21:15:48.429685,Electronics,858.63,1,0,North,Credit Card,0,5,858.63,292.43,6,Jun,2
ORD02445,2805,2023-06-27 23:00:39.607921,Beauty,1217.36,2,15,East,Debit Card,0,4,2069.51,717.58,6,Jun,2
ORD02446,3880,2023-06-28 00:45:30.786157,Home & Kitchen,779.18,3,20,North,Net Banking,1,4,1870.03,671.29,6,Jun,2
ORD02447,2133,2023-06-28 02:30:21.964392,Books,354.68,5,0,South,Net Banking,0,3,1773.4,524.88,6,Jun,2
ORD02448,3383,2023-06-28 04:15:13.142628,Clothing,1348.37,3,15,South,UPI,0,4,3438.34,951.77,6,Jun,2
ORD02449,1821,2023-06-28 06:00:04.320864,Electronics,2115.38,2,20,East,Debit Card,0,4,3384.61,729.85,6,Jun,2
ORD02450,1237,2023-06-28 07:44:55.499099,Clothing,1552.77,4,5,West,UPI,1,5,5900.53,1851.52,6,Jun,2
ORD02451,3428,2023-06-28 09:29:46.677335,Sports,400.74,2,0,West,Credit Card,0,2,801.48,209.3,6,Jun,2
ORD02452,3946,2023-06-28 11:14:37.855571,Beauty,1972.96,3,0,South,COD,0,5,5918.88,2324.31,6,Jun,2
ORD02453,3530,2023-06-28 12:59:29.033806,Electronics,445.38,2,10,East,Net Banking,0,5,801.68,314.29,6,Jun,2
ORD02454,2960,2023-06-28 14:44:20.212042,Home & Kitchen,288.93,1,30,East,COD,1,4,202.25,76.11,6,Jun,2
ORD02455,3949,2023-06-28 16:29:11.390278,Home & Kitchen,1760.01,2,20,East,Credit Card,0,3,2816.02,675.91,6,Jun,2
ORD02456,2048,2023-06-28 18:14:02.568513,Home & Kitchen,2775.23,1,10,West,Credit Card,0,4,2497.71,604.43,6,Jun,2
ORD02457,2676,2023-06-28 19:58:53.746749,Electronics,985.34,2,10,South,Debit Card,0,4,1773.61,644.12,6,Jun,2
ORD02458,3529,2023-06-28 21:43:44.924984,Electronics,1136.98,1,0,East,UPI,0,4,1136.98,377.8,6,Jun,2
ORD02459,3964,2023-06-28 23:28:36.103220,Clothing,540.91,1,0,South,Net Banking,0,4,540.91,176.39,6,Jun,2
ORD02460,1963,2023-06-29 01:13:27.281456,Sports,1023.66,2,10,South,Net Banking,0,2,1842.59,405.19,6,Jun,2
ORD02461,1536,2023-06-29 02:58:18.459691,Books,212.32,5,10,North,COD,1,3,955.44,342.37,6,Jun,2
ORD02462,2603,2023-06-29 04:43:09.637927,Books,4679.59,4,10,West,Debit Card,0,2,16846.52,4967.28,6,Jun,2
ORD02463,2979,2023-06-29 06:28:00.816163,Beauty,2416.86,4,30,South,Credit Card,0,3,6767.21,1771.09,6,Jun,2
ORD02464,1127,2023-06-29 08:12:51.994398,Home & Kitchen,1653.81,4,15,North,Debit Card,0,3,5622.95,2060.0,6,Jun,2
ORD02465,1091,2023-06-29 09:57:43.172634,Sports,1158.92,1,15,West,Net Banking,1,3,985.08,244.84,6,Jun,2
ORD02466,1542,2023-06-29 11:42:34.350870,Books,2356.55,4,0,East,UPI,1,3,9426.2,2954.94,6,Jun,2
ORD02467,1845,2023-06-29 13:27:25.529105,Electronics,1024.07,1,30,East,COD,0,5,716.85,191.02,6,Jun,2
ORD02468,2681,2023-06-29 15:12:16.707341,Beauty,534.96,5,20,North,Credit Card,0,5,2139.84,638.07,6,Jun,2
ORD02469,2851,2023-06-29 16:57:07.885577,Books,262.2,2,25,East,Credit Card,0,4,393.3,62.98,6,Jun,2
ORD02470,3494,2023-06-29 18:41:59.063812,Electronics,1564.42,2,10,North,Credit Card,0,4,2815.96,747.01,6,Jun,2
ORD02471,1389,2023-06-29 20:26:50.242048,Clothing,3976.63,1,10,North,UPI,0,5,3578.97,1034.76,6,Jun,2
ORD02472,3719,2023-06-29 22:11:41.420284,Electronics,250.18,1,10,East,Net Banking,0,4,225.16,61.51,6,Jun,2
ORD02473,2884,2023-06-29 23:56:32.598519,Books,297.71,5,0,West,Net Banking,0,3,1488.55,538.64,6,Jun,2
ORD02474,1042,2023-06-30 01:41:23.776755,Sports,852.7,4,15,North,Debit Card,0,5,2899.18,660.38,6,Jun,2
ORD02475,1253,2023-06-30 03:26:14.954990,Beauty,2466.82,5,25,West,Debit Card,0,4,9250.58,3432.14,6,Jun,2
ORD02476,2083,2023-06-30 05:11:06.133226,Beauty,522.05,2,0,West,Net Banking,0,4,1044.1,261.93,6,Jun,2
ORD02477,3710,2023-06-30 06:55:57.311462,Electronics,439.37,2,0,North,Credit Card,0,5,878.74,284.39,6,Jun,2
ORD02478,3514,2023-06-30 08:40:48.489697,Clothing,1451.24,4,15,West,UPI,1,4,4934.22,847.11,6,Jun,2
ORD02479,3334,2023-06-30 10:25:39.667933,Electronics,1150.56,2,0,North,Net Banking,0,5,2301.12,460.31,6,Jun,2
ORD02480,2540,2023-06-30 12:10:30.846169,Sports,100.0,1,15,East,UPI,1,4,85.0,28.92,6,Jun,2
ORD02481,2953,2023-06-30 13:55:22.024404,Clothing,127.5,2,15,East,COD,0,4,216.75,33.18,6,Jun,2
ORD02482,3825,2023-06-30 15:40:13.202640,Home & Kitchen,1545.08,3,5,East,Credit Card,0,4,4403.48,1726.75,6,Jun,2
ORD02483,3392,2023-06-30 17:25:04.380876,Home & Kitchen,938.58,4,20,East,COD,0,5,3003.46,593.66,6,Jun,2
ORD02484,1641,2023-06-30 19:09:55.559111,Clothing,5309.51,4,10,East,Net Banking,0,2,19114.24,7174.07,6,Jun,2
ORD02485,3429,2023-06-30 20:54:46.737347,Clothing,1702.28,4,25,West,Debit Card,0,4,5106.84,1424.74,6,Jun,2
ORD02486,1689,2023-06-30 22:39:37.915583,Beauty,100.0,3,20,West,Net Banking,0,5,240.0,69.87,6,Jun,2
ORD02487,2276,2023-07-01 00:24:29.093818,Beauty,983.83,5,25,West,COD,1,4,3689.36,631.0,7,Jul,3
ORD02488,2950,2023-07-01 02:09:20.272054,Clothing,802.8,1,0,South,UPI,0,2,802.8,193.72,7,Jul,3
ORD02489,2079,2023-07-01 03:54:11.450290,Books,169.27,4,0,South,Net Banking,0,3,677.08,128.01,7,Jul,3
ORD02490,2486,2023-07-01 05:39:02.628525,Beauty,3850.0,2,0,North,Debit Card,0,4,7700.0,2167.42,7,Jul,3
ORD02491,1456,2023-07-01 07:23:53.806761,Electronics,2452.22,1,10,South,COD,0,5,2207.0,634.92,7,Jul,3
ORD02492,1982,2023-07-01 09:08:44.984996,Clothing,392.21,2,25,East,Net Banking,0,4,588.31,192.62,7,Jul,3
ORD02493,3130,2023-07-01 10:53:36.163232,Electronics,443.53,1,10,East,COD,0,4,399.18,147.52,7,Jul,3
ORD02494,2122,2023-07-01 12:38:27.341468,Books,100.0,1,20,East,COD,0,3,80.0,21.36,7,Jul,3
ORD02495,1148,2023-07-01 14:23:18.519703,Electronics,527.99,2,5,North,Credit Card,0,4,1003.18,209.0,7,Jul,3
ORD02496,2352,2023-07-01 16:08:09.697939,Clothing,1317.85,2,5,North,UPI,0,4,2503.91,584.39,7,Jul,3
ORD02497,2179,2023-07-01 17:53:00.876175,Electronics,819.27,1,25,North,Credit Card,0,4,614.45,222.29,7,Jul,3
ORD02498,1189,2023-07-01 19:37:52.054410,Books,5223.06,4,10,North,COD,0,5,18803.02,3506.12,7,Jul,3
ORD02499,1882,2023-07-01 21:22:43.232646,Beauty,100.0,2,20,West,Debit Card,0,5,160.0,49.09,7,Jul,3
ORD02500,3310,2023-07-01 23:07:34.410882,Sports,1342.64,3,0,North,Debit Card,1,3,4027.92,617.37,7,Jul,3
ORD02501,1399,2023-07-02 00:52:25.589117,Sports,2931.16,3,25,North,Credit Card,0,4,6595.11,1394.32,7,Jul,3
ORD02502,3811,2023-07-02 02:37:16.767353,Home & Kitchen,983.03,1,10,South,Debit Card,0,2,884.73,263.52,7,Jul,3
ORD02503,1608,2023-07-02 04:22:07.945589,Electronics,100.0,5,20,West,COD,1,3,400.0,105.64,7,Jul,3
ORD02504,2795,2023-07-02 06:06:59.123824,Electronics,417.19,1,0,East,Net Banking,0,3,417.19,114.05,7,Jul,3
ORD02505,2638,2023-07-02 07:51:50.302060,Beauty,586.83,1,10,South,COD,0,4,528.15,166.44,7,Jul,3
ORD02506,2575,2023-07-02 09:36:41.480296,Clothing,5071.85,4,25,North,Net Banking,0,4,15215.55,3174.67,7,Jul,3
ORD02507,3832,2023-07-02 11:21:32.658531,Electronics,3641.77,4,25,East,Debit Card,0,4,10925.31,2405.77,7,Jul,3
ORD02508,3148,2023-07-02 13:06:23.836767,Home & Kitchen,4468.92,5,0,East,UPI,0,5,22344.6,7175.18,7,Jul,3
ORD02509,2382,2023-07-02 14:51:15.015003,Clothing,2620.97,5,5,East,UPI,0,3,12449.61,3542.82,7,Jul,3
ORD02510,2403,2023-07-02 16:36:06.193238,Clothing,649.98,5,10,South,COD,0,4,2924.91,449.4,7,Jul,3
ORD02511,1819,2023-07-02 18:20:57.371474,Beauty,3544.72,5,0,West,COD,0,4,17723.6,5628.7,7,Jul,3
ORD02512,1819,2023-07-02 20:05:48.549709,Sports,6000.01,5,15,West,Debit Card,0,3,25500.04,7778.1,7,Jul,3
ORD02513,1419,2023-07-02 21:50:39.727945,Clothing,646.34,1,0,East,UPI,0,5,646.34,109.65,7,Jul,3
ORD02514,1123,2023-07-02 23:35:30.906181,Beauty,452.79,1,5,North,UPI,0,4,430.15,144.91,7,Jul,3
ORD02515,1421,2023-07-03 01:20:22.084416,Home & Kitchen,1187.52,3,15,West,COD,0,5,3028.18,849.48,7,Jul,3
ORD02516,2508,2023-07-03 03:05:13.262652,Home & Kitchen,310.82,3,10,West,UPI,0,4,839.21,168.84,7,Jul,3
ORD02517,2597,2023-07-03 04:50:04.440888,Electronics,100.0,2,15,North,COD,0,3,170.0,49.27,7,Jul,3
ORD02518,1767,2023-07-03 06:34:55.619123,Electronics,4373.47,1,30,South,Credit Card,0,2,3061.43,914.95,7,Jul,3
ORD02519,3044,2023-07-03 08:19:46.797359,Home & Kitchen,3900.29,5,0,South,UPI,0,5,19501.45,7411.13,7,Jul,3
ORD02520,3530,2023-07-03 10:04:37.975595,Sports,266.28,2,15,North,Net Banking,0,1,452.68,151.89,7,Jul,3
ORD02521,3566,2023-07-03 11:49:29.153830,Home & Kitchen,785.71,4,0,South,Debit Card,0,5,3142.84,708.65,7,Jul,3
ORD02522,3202,2023-07-03 13:34:20.332066,Electronics,2667.11,1,10,East,COD,0,4,2400.4,430.95,7,Jul,3
ORD02523,3139,2023-07-03 15:19:11.510302,Electronics,1622.63,3,0,West,UPI,0,3,4867.89,1768.49,7,Jul,3
ORD02524,2549,2023-07-03 17:04:02.688537,Sports,753.26,1,0,South,UPI,0,4,753.26,272.32,7,Jul,3
ORD02525,3502,2023-07-03 18:48:53.866773,Electronics,2044.87,1,5,East,COD,1,3,1942.63,376.54,7,Jul,3
ORD02526,2764,2023-07-03 20:33:45.045009,Books,3410.23,1,5,East,Net Banking,0,2,3239.72,536.28,7,Jul,3
ORD02527,3044,2023-07-03 22:18:36.223244,Electronics,3908.75,1,25,East,UPI,0,5,2931.56,961.45,7,Jul,3
ORD02528,3645,2023-07-04 00:03:27.401480,Electronics,714.27,4,15,East,Credit Card,0,4,2428.52,802.98,7,Jul,3
ORD02529,1509,2023-07-04 01:48:18.579715,Home & Kitchen,285.94,3,30,East,Debit Card,0,4,600.47,116.66,7,Jul,3
ORD02530,2206,2023-07-04 03:33:09.757951,Home & Kitchen,3660.0,1,10,North,COD,0,3,3294.0,1044.37,7,Jul,3
ORD02531,1385,2023-07-04 05:18:00.936187,Clothing,145.68,4,0,West,UPI,0,2,582.72,128.04,7,Jul,3
ORD02532,2597,2023-07-04 07:02:52.114422,Electronics,1918.52,2,5,West,Debit Card,1,4,3645.19,784.28,7,Jul,3
ORD02533,3452,2023-07-04 08:47:43.292658,Sports,227.1,1,5,North,COD,1,4,215.74,49.86,7,Jul,3
ORD02534,3293,2023-07-04 10:32:34.470894,Electronics,739.94,4,5,North,COD,0,5,2811.77,787.57,7,Jul,3
ORD02535,1741,2023-07-04 12:17:25.649129,Books,795.41,5,15,East,COD,0,4,3380.49,1186.94,7,Jul,3
ORD02536,3708,2023-07-04 14:02:16.827365,Beauty,259.31,2,10,South,Net Banking,0,5,466.76,128.2,7,Jul,3
ORD02537,3697,2023-07-04 15:47:08.005601,Electronics,3839.73,3,5,West,Credit Card,0,2,10943.23,2456.87,7,Jul,3
ORD02538,2911,2023-07-04 17:31:59.183836,Beauty,100.0,1,0,South,COD,0,2,100.0,37.1,7,Jul,3
ORD02539,2446,2023-07-04 19:16:50.362072,Electronics,3363.77,1,0,West,Net Banking,0,3,3363.77,550.89,7,Jul,3
ORD02540,1900,2023-07-04 21:01:41.540308,Home & Kitchen,3229.04,4,0,East,COD,0,5,12916.16,4511.26,7,Jul,3
ORD02541,3112,2023-07-04 22:46:32.718543,Clothing,571.81,3,0,South,COD,0,5,1715.43,593.7,7,Jul,3
ORD02542,3260,2023-07-05 00:31:23.896779,Beauty,1827.53,5,20,West,Net Banking,1,3,7310.12,1559.88,7,Jul,3
ORD02543,3009,2023-07-05 02:16:15.075015,Clothing,437.15,2,0,West,Credit Card,0,1,874.3,174.49,7,Jul,3
ORD02544,1241,2023-07-05 04:01:06.253250,Clothing,2133.03,3,15,East,Debit Card,0,4,5439.23,2005.31,7,Jul,3
ORD02545,3540,2023-07-05 05:45:57.431486,Beauty,1235.29,1,5,South,UPI,0,5,1173.53,339.99,7,Jul,3
ORD02546,3385,2023-07-05 07:30:48.609721,Books,535.5,4,0,East,COD,0,5,2142.0,345.94,7,Jul,3
ORD02547,3020,2023-07-05 09:15:39.787957,Books,766.83,5,20,South,Credit Card,0,3,3067.32,1143.22,7,Jul,3
ORD02548,1172,2023-07-05 11:00:30.966193,Clothing,1756.24,4,10,South,UPI,0,4,6322.46,1500.01,7,Jul,3
ORD02549,1671,2023-07-05 12:45:22.144428,Home & Kitchen,3548.25,2,0,West,COD,1,5,7096.5,1671.5,7,Jul,3
ORD02550,1163,2023-07-05 14:30:13.322664,Electronics,210.15,3,25,North,UPI,0,3,472.84,146.97,7,Jul,3
ORD02551,1464,2023-07-05 16:15:04.500900,Electronics,1270.72,4,0,South,Net Banking,0,4,5082.88,1602.77,7,Jul,3
ORD02552,1496,2023-07-05 17:59:55.679135,Home & Kitchen,439.0,4,0,South,Credit Card,0,4,1756.0,418.51,7,Jul,3
ORD02553,1699,2023-07-05 19:44:46.857371,Clothing,2424.48,1,20,East,Credit Card,0,3,1939.58,360.41,7,Jul,3
ORD02554,3442,2023-07-05 21:29:38.035607,Beauty,109.24,4,15,South,Debit Card,0,5,371.42,106.99,7,Jul,3
ORD02555,1702,2023-07-05 23:14:29.213842,Beauty,1751.73,5,0,South,Debit Card,0,5,8758.65,2682.73,7,Jul,3
ORD02556,2940,2023-07-06 00:59:20.392078,Home & Kitchen,288.46,3,0,South,UPI,0,4,865.38,315.91,7,Jul,3
ORD02557,3355,2023-07-06 02:44:11.570314,Sports,1360.94,2,25,South,Net Banking,0,3,2041.41,553.45,7,Jul,3
ORD02558,2791,2023-07-06 04:29:02.748549,Home & Kitchen,2709.02,4,5,South,UPI,0,5,10294.28,3205.89,7,Jul,3
ORD02559,1182,2023-07-06 06:13:53.926785,Electronics,2110.24,5,0,North,COD,0,3,10551.2,1726.2,7,Jul,3
ORD02560,1628,2023-07-06 07:58:45.105021,Sports,2097.2,2,10,West,Credit Card,0,3,3774.96,1410.44,7,Jul,3
ORD02561,3557,2023-07-06 09:43:36.283256,Electronics,1094.24,5,25,South,UPI,0,4,4103.4,951.18,7,Jul,3
ORD02562,2731,2023-07-06 11:28:27.461492,Clothing,3321.11,4,0,East,UPI,0,4,13284.44,4092.34,7,Jul,3
ORD02563,1545,2023-07-06 13:13:18.639727,Sports,1330.48,4,20,East,Credit Card,1,2,4257.54,1613.66,7,Jul,3
ORD02564,2587,2023-07-06 14:58:09.817963,Books,3742.76,3,10,South,Credit Card,0,4,10105.45,3563.5,7,Jul,3
ORD02565,1623,2023-07-06 16:43:00.996199,Sports,1186.21,1,10,South,Debit Card,0,1,1067.59,330.34,7,Jul,3
ORD02566,1593,2023-07-06 18:27:52.174434,Electronics,1057.73,5,15,South,Debit Card,0,5,4495.35,1465.04,7,Jul,3
ORD02567,1743,2023-07-06 20:12:43.352670,Home & Kitchen,377.22,1,30,North,Credit Card,1,5,264.05,100.4,7,Jul,3
ORD02568,2768,2023-07-06 21:57:34.530906,Electronics,1180.48,1,0,West,UPI,0,5,1180.48,416.74,7,Jul,3
ORD02569,2459,2023-07-06 23:42:25.709141,Home & Kitchen,227.25,2,0,East,COD,0,4,454.5,137.47,7,Jul,3
ORD02570,2948,2023-07-07 01:27:16.887377,Sports,3056.76,2,25,North,UPI,0,3,4585.14,1442.83,7,Jul,3
ORD02571,3601,2023-07-07 03:12:08.065613,Home & Kitchen,1690.02,5,15,North,COD,1,5,7182.58,1341.83,7,Jul,3
ORD02572,3068,2023-07-07 04:56:59.243848,Clothing,7585.52,1,10,South,Credit Card,0,5,6826.97,1826.5,7,Jul,3
ORD02573,3601,2023-07-07 06:41:50.422084,Electronics,144.93,3,10,West,COD,1,3,391.31,88.14,7,Jul,3
ORD02574,3444,2023-07-07 08:26:41.600320,Electronics,412.98,1,15,South,Debit Card,0,4,351.03,90.56,7,Jul,3
ORD02575,3672,2023-07-07 10:11:32.778555,Home & Kitchen,3145.29,2,20,East,Credit Card,1,4,5032.46,1588.05,7,Jul,3
ORD02576,1104,2023-07-07 11:56:23.956791,Beauty,754.42,1,25,West,Net Banking,0,4,565.81,105.97,7,Jul,3
ORD02577,3239,2023-07-07 13:41:15.135027,Electronics,941.89,4,10,South,COD,0,4,3390.8,523.35,7,Jul,3
ORD02578,1016,2023-07-07 15:26:06.313262,Home & Kitchen,2956.17,4,0,East,COD,0,5,11824.68,2947.08,7,Jul,3
ORD02579,1392,2023-07-07 17:10:57.491498,Sports,1106.66,3,15,North,Net Banking,0,3,2821.98,650.6,7,Jul,3
ORD02580,1424,2023-07-07 18:55:48.669733,Books,322.53,5,10,East,Net Banking,0,4,1451.38,370.26,7,Jul,3
ORD02581,3176,2023-07-07 20:40:39.847969,Home & Kitchen,3338.85,1,10,East,Credit Card,0,5,3004.96,1150.31,7,Jul,3
ORD02582,1571,2023-07-07 22:25:31.026205,Sports,100.0,4,10,East,UPI,0,4,360.0,117.64,7,Jul,3
ORD02583,3076,2023-07-08 00:10:22.204440,Clothing,3386.36,5,0,West,Net Banking,1,5,16931.8,3925.89,7,Jul,3
ORD02584,2120,2023-07-08 01:55:13.382676,Clothing,100.0,4,10,North,COD,0,2,360.0,70.14,7,Jul,3
ORD02585,1241,2023-07-08 03:40:04.560912,Electronics,1644.25,5,15,West,Net Banking,0,5,6988.06,2128.7,7,Jul,3
ORD02586,3279,2023-07-08 05:24:55.739147,Beauty,111.57,5,20,North,Credit Card,0,3,446.28,140.31,7,Jul,3
ORD02587,1788,2023-07-08 07:09:46.917383,Beauty,1837.35,4,10,South,Credit Card,0,5,6614.46,1791.89,7,Jul,3
ORD02588,1714,2023-07-08 08:54:38.095619,Sports,100.0,2,0,South,COD,0,3,200.0,40.64,7,Jul,3
ORD02589,1758,2023-07-08 10:39:29.273854,Electronics,2772.09,5,10,East,COD,1,4,12474.4,1960.21,7,Jul,3
ORD02590,3849,2023-07-08 12:24:20.452090,Clothing,940.88,1,20,East,COD,0,4,752.7,162.9,7,Jul,3
ORD02591,1775,2023-07-08 14:09:11.630326,Electronics,147.17,4,10,West,UPI,0,4,529.81,140.02,7,Jul,3
ORD02592,3773,2023-07-08 15:54:02.808561,Electronics,1840.45,2,15,North,COD,1,3,3128.76,1085.63,7,Jul,3
ORD02593,3247,2023-07-08 17:38:53.986797,Home & Kitchen,1007.93,4,10,North,Credit Card,0,5,3628.55,1318.75,7,Jul,3
ORD02594,3992,2023-07-08 19:23:45.165033,Beauty,317.84,3,0,North,Credit Card,0,4,953.52,241.46,7,Jul,3
ORD02595,1078,2023-07-08 21:08:36.343268,Beauty,100.0,1,20,East,Net Banking,0,4,80.0,27.92,7,Jul,3
ORD02596,1855,2023-07-08 22:53:27.521504,Home & Kitchen,811.92,3,0,East,COD,0,3,2435.76,970.26,7,Jul,3
ORD02597,3514,2023-07-09 00:38:18.699739,Electronics,134.28,5,10,North,UPI,0,5,604.26,198.89,7,Jul,3
ORD02598,3628,2023-07-09 02:23:09.877975,Clothing,148.35,5,0,East,Debit Card,0,4,741.75,246.37,7,Jul,3
ORD02599,2439,2023-07-09 04:08:01.056211,Clothing,466.59,3,0,North,Net Banking,0,5,1399.77,528.25,7,Jul,3
ORD02600,3987,2023-07-09 05:52:52.234446,Sports,1493.24,3,10,West,UPI,0,4,4031.75,945.59,7,Jul,3
ORD02601,3496,2023-07-09 07:37:43.412682,Sports,1132.25,5,10,South,COD,0,3,5095.12,778.54,7,Jul,3
ORD02602,3134,2023-07-09 09:22:34.590918,Clothing,107.22,2,15,North,UPI,0,4,182.27,72.31,7,Jul,3
ORD02603,3148,2023-07-09 11:07:25.769153,Clothing,5183.38,1,15,East,Debit Card,0,5,4405.87,1201.12,7,Jul,3
ORD02604,2031,2023-07-09 12:52:16.947389,Electronics,3272.79,4,15,West,UPI,1,4,11127.49,3854.78,7,Jul,3
ORD02605,1844,2023-07-09 14:37:08.125625,Clothing,450.09,3,10,East,Debit Card,0,5,1215.24,429.13,7,Jul,3
ORD02606,1086,2023-07-09 16:21:59.303860,Books,195.74,1,15,East,Debit Card,0,2,166.38,41.49,7,Jul,3
ORD02607,3090,2023-07-09 18:06:50.482096,Electronics,4281.42,4,10,East,Debit Card,0,4,15413.11,4397.64,7,Jul,3
ORD02608,1407,2023-07-09 19:51:41.660332,Books,927.45,4,10,North,UPI,0,5,3338.82,951.49,7,Jul,3
ORD02609,3711,2023-07-09 21:36:32.838567,Sports,559.13,3,10,West,COD,0,2,1509.65,309.56,7,Jul,3
ORD02610,2668,2023-07-09 23:21:24.016803,Home & Kitchen,1011.07,2,25,North,Credit Card,0,2,1516.6,272.09,7,Jul,3
ORD02611,1147,2023-07-10 01:06:15.195039,Electronics,2222.52,2,0,South,Credit Card,0,5,4445.04,1270.81,7,Jul,3
ORD02612,3324,2023-07-10 02:51:06.373274,Electronics,276.58,1,25,North,UPI,0,4,207.44,37.35,7,Jul,3
ORD02613,1231,2023-07-10 04:35:57.551510,Books,2188.27,1,0,South,COD,0,4,2188.27,517.57,7,Jul,3
ORD02614,2950,2023-07-10 06:20:48.729745,Clothing,2076.13,5,5,West,Credit Card,0,4,9861.62,1938.01,7,Jul,3
ORD02615,1365,2023-07-10 08:05:39.907981,Clothing,1162.67,2,0,West,Debit Card,0,5,2325.34,759.76,7,Jul,3
ORD02616,2674,2023-07-10 09:50:31.086217,Books,3013.11,1,15,North,UPI,0,5,2561.14,942.51,7,Jul,3
ORD02617,1435,2023-07-10 11:35:22.264452,Home & Kitchen,212.59,5,0,North,UPI,0,4,1062.95,313.02,7,Jul,3
ORD02618,1398,2023-07-10 13:20:13.442688,Sports,1357.58,4,25,East,Net Banking,0,3,4072.74,1028.53,7,Jul,3
ORD02619,2234,2023-07-10 15:05:04.620924,Clothing,894.96,1,20,South,Net Banking,0,3,715.97,285.79,7,Jul,3
ORD02620,2414,2023-07-10 16:49:55.799159,Sports,823.03,5,15,East,Net Banking,1,5,3497.88,543.23,7,Jul,3
ORD02621,3546,2023-07-10 18:34:46.977395,Clothing,436.65,2,10,East,COD,0,4,785.97,177.7,7,Jul,3
ORD02622,3587,2023-07-10 20:19:38.155631,Electronics,698.49,4,25,West,UPI,0,5,2095.47,460.31,7,Jul,3
ORD02623,1562,2023-07-10 22:04:29.333866,Home & Kitchen,171.69,1,20,North,Net Banking,1,4,137.35,32.83,7,Jul,3
ORD02624,3489,2023-07-10 23:49:20.512102,Home & Kitchen,434.72,2,10,West,UPI,0,2,782.5,162.49,7,Jul,3
ORD02625,2284,2023-07-11 01:34:11.690338,Beauty,476.11,4,15,North,Debit Card,0,4,1618.77,349.76,7,Jul,3
ORD02626,1772,2023-07-11 03:19:02.868573,Home & Kitchen,1913.03,3,10,West,Net Banking,0,3,5165.18,1107.51,7,Jul,3
ORD02627,3397,2023-07-11 05:03:54.046809,Beauty,100.0,2,10,West,UPI,0,5,180.0,49.76,7,Jul,3
ORD02628,3037,2023-07-11 06:48:45.225045,Beauty,1579.85,3,5,West,COD,0,5,4502.57,1115.57,7,Jul,3
ORD02629,3567,2023-07-11 08:33:36.403280,Home & Kitchen,375.41,1,10,South,COD,0,2,337.87,104.68,7,Jul,3
ORD02630,2343,2023-07-11 10:18:27.581516,Books,128.11,5,0,West,COD,0,4,640.55,178.46,7,Jul,3
ORD02631,3185,2023-07-11 12:03:18.759751,Home & Kitchen,536.74,1,5,South,Net Banking,0,5,509.9,99.87,7,Jul,3
ORD02632,2573,2023-07-11 13:48:09.937987,Beauty,381.32,2,15,West,COD,1,4,648.24,228.51,7,Jul,3
ORD02633,1991,2023-07-11 15:33:01.116223,Sports,1204.55,3,30,North,Credit Card,1,4,2529.55,678.04,7,Jul,3
ORD02634,3415,2023-07-11 17:17:52.294458,Electronics,663.29,3,30,South,Debit Card,1,4,1392.91,262.3,7,Jul,3
ORD02635,2246,2023-07-11 19:02:43.472694,Sports,5071.82,4,10,North,UPI,0,5,18258.55,3500.53,7,Jul,3
ORD02636,1359,2023-07-11 20:47:34.650930,Electronics,4967.7,1,15,North,Credit Card,0,4,4222.54,1474.69,7,Jul,3
ORD02637,1920,2023-07-11 22:32:25.829165,Clothing,879.71,1,0,North,Net Banking,0,5,879.71,286.56,7,Jul,3
ORD02638,3376,2023-07-12 00:17:17.007401,Electronics,2377.76,2,15,South,UPI,0,5,4042.19,1118.2,7,Jul,3
ORD02639,3510,2023-07-12 02:02:08.185637,Home & Kitchen,100.0,3,0,East,UPI,1,5,300.0,67.96,7,Jul,3
ORD02640,3993,2023-07-12 03:46:59.363872,Sports,1190.48,2,0,South,COD,0,5,2380.96,631.27,7,Jul,3
ORD02641,1962,2023-07-12 05:31:50.542108,Clothing,2039.77,2,15,East,UPI,0,5,3467.61,1071.91,7,Jul,3
ORD02642,2827,2023-07-12 07:16:41.720344,Electronics,366.83,3,5,South,UPI,1,1,1045.47,386.64,7,Jul,3
ORD02643,3883,2023-07-12 09:01:32.898579,Clothing,100.0,2,0,West,Debit Card,0,3,200.0,57.79,7,Jul,3
ORD02644,2613,2023-07-12 10:46:24.076815,Home & Kitchen,254.26,3,20,East,Net Banking,0,1,610.22,133.75,7,Jul,3
ORD02645,2640,2023-07-12 12:31:15.255051,Clothing,874.69,2,5,West,Credit Card,0,3,1661.91,267.04,7,Jul,3
ORD02646,3216,2023-07-12 14:16:06.433286,Clothing,1058.96,5,0,East,COD,0,2,5294.8,1026.47,7,Jul,3
ORD02647,1216,2023-07-12 16:00:57.611522,Electronics,719.2,2,0,South,Debit Card,0,4,1438.4,449.56,7,Jul,3
ORD02648,1377,2023-07-12 17:45:48.789757,Books,869.66,2,0,South,Credit Card,0,1,1739.32,330.66,7,Jul,3
ORD02649,1118,2023-07-12 19:30:39.967993,Clothing,952.98,5,0,East,Credit Card,1,4,4764.9,1288.36,7,Jul,3
ORD02650,1189,2023-07-12 21:15:31.146229,Home & Kitchen,2200.84,1,20,West,Debit Card,0,5,1760.67,571.76,7,Jul,3
ORD02651,3814,2023-07-12 23:00:22.324464,Electronics,166.8,3,5,North,COD,0,5,475.38,107.94,7,Jul,3
ORD02652,1369,2023-07-13 00:45:13.502700,Home & Kitchen,2197.68,4,20,East,Net Banking,0,5,7032.58,2231.27,7,Jul,3
ORD02653,2801,2023-07-13 02:30:04.680936,Electronics,1750.15,5,0,East,Debit Card,0,3,8750.75,2583.82,7,Jul,3
ORD02654,3196,2023-07-13 04:14:55.859171,Books,2030.22,1,10,West,Debit Card,0,4,1827.2,474.59,7,Jul,3
ORD02655,1651,2023-07-13 05:59:47.037407,Clothing,1989.03,2,15,North,Debit Card,0,4,3381.35,1265.68,7,Jul,3
ORD02656,2882,2023-07-13 07:44:38.215643,Home & Kitchen,953.99,1,15,East,COD,0,4,810.89,261.93,7,Jul,3
ORD02657,2511,2023-07-13 09:29:29.393878,Beauty,356.24,5,15,North,Debit Card,0,4,1514.02,363.59,7,Jul,3
ORD02658,1769,2023-07-13 11:14:20.572114,Beauty,1153.84,2,25,North,Debit Card,0,1,1730.76,607.61,7,Jul,3
ORD02659,3421,2023-07-13 12:59:11.750350,Home & Kitchen,4754.49,1,0,South,UPI,0,3,4754.49,1590.5,7,Jul,3
ORD02660,1780,2023-07-13 14:44:02.928585,Books,1332.01,4,10,West,UPI,0,5,4795.24,1668.36,7,Jul,3
ORD02661,2716,2023-07-13 16:28:54.106821,Sports,100.0,3,25,East,UPI,0,5,225.0,69.8,7,Jul,3
ORD02662,3207,2023-07-13 18:13:45.285057,Home & Kitchen,100.0,3,0,East,UPI,0,4,300.0,73.45,7,Jul,3
ORD02663,3398,2023-07-13 19:58:36.463292,Electronics,7413.79,5,0,North,Debit Card,0,3,37068.95,8790.7,7,Jul,3
ORD02664,2311,2023-07-13 21:43:27.641528,Sports,112.0,2,0,East,UPI,0,4,224.0,70.23,7,Jul,3
ORD02665,3939,2023-07-13 23:28:18.819763,Clothing,100.0,2,15,North,Credit Card,0,2,170.0,31.06,7,Jul,3
ORD02666,2249,2023-07-14 01:13:09.997999,Electronics,653.17,3,0,East,Net Banking,1,5,1959.51,695.58,7,Jul,3
ORD02667,1522,2023-07-14 02:58:01.176235,Clothing,5226.08,1,0,West,UPI,0,5,5226.08,1267.76,7,Jul,3
ORD02668,1521,2023-07-14 04:42:52.354470,Clothing,575.57,2,10,East,COD,1,2,1036.03,318.68,7,Jul,3
ORD02669,1782,2023-07-14 06:27:43.532706,Books,791.15,4,15,North,Net Banking,0,3,2689.91,739.1,7,Jul,3
ORD02670,3320,2023-07-14 08:12:34.710942,Electronics,1508.0,4,0,North,Credit Card,0,4,6032.0,1687.94,7,Jul,3
ORD02671,1935,2023-07-14 09:57:25.889177,Electronics,100.0,2,5,East,Net Banking,0,3,190.0,63.56,7,Jul,3
ORD02672,3230,2023-07-14 11:42:17.067413,Electronics,3420.7,2,15,East,Net Banking,0,5,5815.19,1783.33,7,Jul,3
ORD02673,2688,2023-07-14 13:27:08.245649,Home & Kitchen,1099.21,3,25,North,Credit Card,1,5,2473.22,525.75,7,Jul,3
ORD02674,1487,2023-07-14 15:11:59.423884,Home & Kitchen,943.32,5,15,South,UPI,1,3,4009.11,675.76,7,Jul,3
ORD02675,2850,2023-07-14 16:56:50.602120,Clothing,2956.98,3,20,South,Credit Card,0,1,7096.75,2555.25,7,Jul,3
ORD02676,1845,2023-07-14 18:41:41.780356,Electronics,4588.86,5,5,East,COD,1,5,21797.08,8091.59,7,Jul,3
ORD02677,3171,2023-07-14 20:26:32.958591,Electronics,825.98,4,0,West,Credit Card,0,4,3303.92,631.46,7,Jul,3
ORD02678,3837,2023-07-14 22:11:24.136827,Beauty,283.91,5,10,East,Debit Card,0,4,1277.6,290.49,7,Jul,3
ORD02679,3461,2023-07-14 23:56:15.315063,Books,2536.86,3,20,West,Debit Card,0,3,6088.46,1343.03,7,Jul,3
ORD02680,3003,2023-07-15 01:41:06.493298,Books,774.41,2,10,East,Net Banking,0,3,1393.94,535.78,7,Jul,3
ORD02681,2748,2023-07-15 03:25:57.671534,Electronics,4112.69,5,20,North,UPI,0,4,16450.76,3309.8,7,Jul,3
ORD02682,1685,2023-07-15 05:10:48.849769,Home & Kitchen,4490.57,3,30,East,UPI,0,4,9430.2,1807.15,7,Jul,3
ORD02683,3160,2023-07-15 06:55:40.028005,Books,182.96,4,0,West,Debit Card,0,3,731.84,143.05,7,Jul,3
ORD02684,3935,2023-07-15 08:40:31.206241,Electronics,4704.35,5,0,West,COD,0,3,23521.75,7820.21,7,Jul,3
ORD02685,3169,2023-07-15 10:25:22.384476,Electronics,688.94,4,0,East,Credit Card,0,4,2755.76,1025.16,7,Jul,3
ORD02686,2567,2023-07-15 12:10:13.562712,Clothing,1558.76,4,5,East,Credit Card,0,5,5923.29,1471.0,7,Jul,3
ORD02687,2245,2023-07-15 13:55:04.740948,Sports,100.0,1,0,South,Credit Card,0,3,100.0,18.4,7,Jul,3
ORD02688,1038,2023-07-15 15:39:55.919183,Sports,3295.77,5,25,East,COD,0,5,12359.14,3663.63,7,Jul,3
ORD02689,3544,2023-07-15 17:24:47.097419,Home & Kitchen,1539.15,3,0,East,COD,0,3,4617.45,934.96,7,Jul,3
ORD02690,1779,2023-07-15 19:09:38.275655,Home & Kitchen,1547.36,5,5,North,Credit Card,0,4,7349.96,1220.37,7,Jul,3
ORD02691,2256,2023-07-15 20:54:29.453890,Electronics,3486.88,5,0,West,Credit Card,0,5,17434.4,6477.89,7,Jul,3
ORD02692,3990,2023-07-15 22:39:20.632126,Home & Kitchen,1064.97,4,25,South,COD,0,4,3194.91,1174.8,7,Jul,3
ORD02693,3196,2023-07-16 00:24:11.810362,Home & Kitchen,792.76,4,15,North,Credit Card,0,3,2695.38,1061.92,7,Jul,3
ORD02694,3708,2023-07-16 02:09:02.988597,Electronics,3016.32,4,25,East,COD,0,2,9048.96,2429.66,7,Jul,3
ORD02695,2927,2023-07-16 03:53:54.166833,Sports,2034.64,4,30,West,Net Banking,0,1,5696.99,1273.28,7,Jul,3
ORD02696,1301,2023-07-16 05:38:45.345069,Electronics,4463.18,3,10,East,Debit Card,1,5,12050.59,4126.68,7,Jul,3
ORD02697,3285,2023-07-16 07:23:36.523304,Clothing,4223.17,2,0,East,Debit Card,0,2,8446.34,1648.08,7,Jul,3
ORD02698,1646,2023-07-16 09:08:27.701540,Home & Kitchen,722.69,1,0,East,COD,0,2,722.69,152.36,7,Jul,3
ORD02699,1662,2023-07-16 10:53:18.879775,Home & Kitchen,888.56,4,0,East,Credit Card,0,3,3554.24,760.33,7,Jul,3
ORD02700,3283,2023-07-16 12:38:10.058011,Home & Kitchen,443.54,4,15,West,Debit Card,0,4,1508.04,584.98,7,Jul,3
ORD02701,2759,2023-07-16 14:23:01.236247,Electronics,1621.08,1,0,North,UPI,0,5,1621.08,538.94,7,Jul,3
ORD02702,3250,2023-07-16 16:07:52.414482,Sports,680.11,4,0,East,Credit Card,0,3,2720.44,498.99,7,Jul,3
ORD02703,1255,2023-07-16 17:52:43.592718,Books,2313.37,2,15,East,COD,0,4,3932.73,681.19,7,Jul,3
ORD02704,1597,2023-07-16 19:37:34.770954,Books,194.4,5,15,South,UPI,1,2,826.2,298.01,7,Jul,3
ORD02705,1661,2023-07-16 21:22:25.949189,Beauty,185.63,1,15,South,COD,0,4,157.79,55.32,7,Jul,3
ORD02706,1234,2023-07-16 23:07:17.127425,Home & Kitchen,343.09,3,5,West,Credit Card,0,3,977.81,310.7,7,Jul,3
ORD02707,2368,2023-07-17 00:52:08.305661,Electronics,132.09,1,20,East,Net Banking,0,3,105.67,21.03,7,Jul,3
ORD02708,3581,2023-07-17 02:36:59.483896,Sports,1451.5,2,10,East,Net Banking,0,4,2612.7,705.61,7,Jul,3
ORD02709,3907,2023-07-17 04:21:50.662132,Electronics,239.11,3,0,East,Net Banking,0,5,717.33,215.69,7,Jul,3
ORD02710,1769,2023-07-17 06:06:41.840368,Electronics,261.46,5,20,West,Credit Card,1,5,1045.84,400.59,7,Jul,3
ORD02711,3588,2023-07-17 07:51:33.018603,Clothing,100.0,4,30,West,Credit Card,0,4,280.0,53.86,7,Jul,3
ORD02712,1212,2023-07-17 09:36:24.196839,Beauty,2285.51,1,0,East,UPI,0,2,2285.51,637.34,7,Jul,3
ORD02713,1462,2023-07-17 11:21:15.375075,Electronics,2509.33,3,5,East,Credit Card,0,3,7151.59,1354.78,7,Jul,3
ORD02714,3483,2023-07-17 13:06:06.553310,Home & Kitchen,265.15,1,10,West,Credit Card,0,4,238.64,62.28,7,Jul,3
ORD02715,1282,2023-07-17 14:50:57.731546,Electronics,2017.87,5,0,East,UPI,0,5,10089.35,2018.21,7,Jul,3
ORD02716,2486,2023-07-17 16:35:48.909781,Home & Kitchen,852.54,1,25,North,UPI,0,5,639.4,229.57,7,Jul,3
ORD02717,2430,2023-07-17 18:20:40.088017,Books,410.86,3,0,North,COD,0,4,1232.58,263.38,7,Jul,3
ORD02718,1087,2023-07-17 20:05:31.266253,Home & Kitchen,1456.85,2,20,West,Debit Card,0,4,2330.96,592.71,7,Jul,3
ORD02719,2067,2023-07-17 21:50:22.444488,Electronics,294.91,3,15,North,Debit Card,0,4,752.02,189.47,7,Jul,3
ORD02720,1460,2023-07-17 23:35:13.622724,Home & Kitchen,2121.32,1,10,South,COD,0,4,1909.19,699.86,7,Jul,3
ORD02721,3325,2023-07-18 01:20:04.800960,Beauty,100.0,5,0,East,Net Banking,0,4,500.0,169.72,7,Jul,3
ORD02722,3468,2023-07-18 03:04:55.979195,Home & Kitchen,4796.07,4,0,South,Credit Card,0,3,19184.28,3153.78,7,Jul,3
ORD02723,2724,2023-07-18 04:49:47.157431,Books,111.88,4,0,South,UPI,0,3,447.52,74.63,7,Jul,3
ORD02724,2376,2023-07-18 06:34:38.335667,Beauty,1299.28,5,0,South,UPI,1,2,6496.4,1869.66,7,Jul,3
ORD02725,3743,2023-07-18 08:19:29.513902,Electronics,3487.16,1,5,North,Net Banking,0,4,3312.8,851.16,7,Jul,3
ORD02726,1514,2023-07-18 10:04:20.692138,Home & Kitchen,100.0,5,20,East,UPI,0,4,400.0,87.56,7,Jul,3
ORD02727,1702,2023-07-18 11:49:11.870374,Sports,1035.27,1,5,East,Net Banking,1,5,983.51,342.41,7,Jul,3
ORD02728,2653,2023-07-18 13:34:03.048609,Electronics,646.19,3,20,West,COD,0,5,1550.86,282.5,7,Jul,3
ORD02729,3066,2023-07-18 15:18:54.226845,Books,1302.44,2,10,South,Net Banking,0,5,2344.39,922.55,7,Jul,3
ORD02730,1022,2023-07-18 17:03:45.405081,Electronics,383.22,1,20,North,Debit Card,0,2,306.58,47.83,7,Jul,3
ORD02731,3460,2023-07-18 18:48:36.583316,Home & Kitchen,100.65,4,30,South,Net Banking,0,4,281.82,50.6,7,Jul,3
ORD02732,2053,2023-07-18 20:33:27.761552,Home & Kitchen,1474.98,4,0,South,COD,1,4,5899.92,1344.17,7,Jul,3
ORD02733,2830,2023-07-18 22:18:18.939787,Clothing,808.96,2,25,East,Net Banking,0,5,1213.44,336.47,7,Jul,3
ORD02734,3155,2023-07-19 00:03:10.118023,Books,1461.22,1,15,West,COD,0,3,1242.04,253.42,7,Jul,3
ORD02735,2304,2023-07-19 01:48:01.296259,Clothing,354.61,2,20,North,Debit Card,1,2,567.38,189.54,7,Jul,3
ORD02736,2134,2023-07-19 03:32:52.474494,Clothing,620.42,3,15,East,Credit Card,0,4,1582.07,378.72,7,Jul,3
ORD02737,3183,2023-07-19 05:17:43.652730,Electronics,1237.21,2,10,South,COD,0,5,2226.98,355.5,7,Jul,3
ORD02738,1361,2023-07-19 07:02:34.830966,Sports,1348.83,3,0,East,Credit Card,0,5,4046.49,1494.9,7,Jul,3
ORD02739,3176,2023-07-19 08:47:26.009201,Electronics,698.57,4,0,South,COD,0,4,2794.28,1078.5,7,Jul,3
ORD02740,2899,2023-07-19 10:32:17.187437,Sports,492.87,3,10,North,Net Banking,0,5,1330.75,405.4,7,Jul,3
ORD02741,2284,2023-07-19 12:17:08.365673,Home & Kitchen,479.69,1,30,East,Credit Card,0,1,335.78,118.07,7,Jul,3
ORD02742,1514,2023-07-19 14:01:59.543908,Clothing,288.01,1,15,East,COD,1,4,244.81,44.13,7,Jul,3
ORD02743,1448,2023-07-19 15:46:50.722144,Home & Kitchen,590.46,1,5,East,COD,0,5,560.94,121.84,7,Jul,3
ORD02744,2923,2023-07-19 17:31:41.900380,Books,333.67,1,20,East,Credit Card,0,3,266.94,61.75,7,Jul,3
ORD02745,2506,2023-07-19 19:16:33.078615,Books,1506.93,5,20,East,COD,0,3,6027.72,2351.95,7,Jul,3
ORD02746,2247,2023-07-19 21:01:24.256851,Electronics,1262.7,3,0,North,Credit Card,0,5,3788.1,1053.3,7,Jul,3
ORD02747,2855,2023-07-19 22:46:15.435087,Clothing,723.33,1,0,West,Debit Card,0,4,723.33,109.84,7,Jul,3
ORD02748,1873,2023-07-20 00:31:06.613322,Electronics,591.41,2,0,North,UPI,1,5,1182.82,289.85,7,Jul,3
ORD02749,3520,2023-07-20 02:15:57.791558,Electronics,406.95,2,25,East,Debit Card,0,3,610.42,92.75,7,Jul,3
ORD02750,2428,2023-07-20 04:00:48.969793,Clothing,1150.06,5,20,South,Credit Card,0,4,4600.24,963.53,7,Jul,3
ORD02751,3349,2023-07-20 05:45:40.148029,Electronics,3768.16,3,0,South,Net Banking,0,4,11304.48,2980.71,7,Jul,3
ORD02752,3278,2023-07-20 07:30:31.326265,Clothing,1736.13,3,0,East,Net Banking,0,5,5208.39,1202.35,7,Jul,3
ORD02753,2754,2023-07-20 09:15:22.504500,Electronics,2046.3,3,20,West,UPI,0,3,4911.12,776.86,7,Jul,3
ORD02754,1922,2023-07-20 11:00:13.682736,Electronics,2697.07,5,25,East,Credit Card,0,4,10114.01,1811.26,7,Jul,3
ORD02755,3984,2023-07-20 12:45:04.860972,Electronics,649.95,3,20,North,COD,0,3,1559.88,448.81,7,Jul,3
ORD02756,3159,2023-07-20 14:29:56.039207,Beauty,100.0,3,15,West,Debit Card,0,5,255.0,82.59,7,Jul,3
ORD02757,2036,2023-07-20 16:14:47.217443,Electronics,1461.51,1,0,West,Debit Card,0,3,1461.51,367.04,7,Jul,3
ORD02758,2416,2023-07-20 17:59:38.395679,Home & Kitchen,313.62,3,10,North,UPI,0,2,846.77,281.86,7,Jul,3
ORD02759,3547,2023-07-20 19:44:29.573914,Electronics,1262.62,1,0,West,UPI,1,4,1262.62,240.95,7,Jul,3
ORD02760,3979,2023-07-20 21:29:20.752150,Beauty,2017.79,1,20,East,UPI,1,4,1614.23,291.39,7,Jul,3
ORD02761,3645,2023-07-20 23:14:11.930386,Electronics,2296.21,3,5,East,UPI,0,3,6544.2,2355.02,7,Jul,3
ORD02762,3281,2023-07-21 00:59:03.108621,Beauty,538.96,2,20,South,UPI,1,3,862.34,202.48,7,Jul,3
ORD02763,3649,2023-07-21 02:43:54.286857,Home & Kitchen,1077.49,4,5,North,UPI,0,5,4094.46,1056.62,7,Jul,3
ORD02764,1313,2023-07-21 04:28:45.465093,Electronics,1455.19,2,20,West,COD,0,2,2328.3,900.81,7,Jul,3
ORD02765,3613,2023-07-21 06:13:36.643328,Sports,2567.88,3,5,West,COD,0,2,7318.46,1873.73,7,Jul,3
ORD02766,3256,2023-07-21 07:58:27.821564,Books,2149.38,3,10,West,Debit Card,0,3,5803.33,875.56,7,Jul,3
ORD02767,2997,2023-07-21 09:43:18.999799,Clothing,6631.19,2,15,East,Debit Card,0,5,11273.02,4334.4,7,Jul,3
ORD02768,2037,2023-07-21 11:28:10.178035,Sports,100.0,3,0,North,UPI,0,2,300.0,46.06,7,Jul,3
ORD02769,2656,2023-07-21 13:13:01.356271,Beauty,863.02,1,25,East,Debit Card,0,5,647.26,204.26,7,Jul,3
ORD02770,3634,2023-07-21 14:57:52.534506,Books,443.66,5,10,West,UPI,0,5,1996.47,460.63,7,Jul,3
ORD02771,2778,2023-07-21 16:42:43.712742,Clothing,191.57,3,10,East,COD,0,4,517.24,138.41,7,Jul,3
ORD02772,2014,2023-07-21 18:27:34.890978,Sports,3637.39,3,20,West,Net Banking,0,3,8729.74,2503.88,7,Jul,3
ORD02773,2093,2023-07-21 20:12:26.069213,Home & Kitchen,9293.73,2,25,West,COD,1,4,13940.6,3514.63,7,Jul,3
ORD02774,2124,2023-07-21 21:57:17.247449,Sports,298.77,1,10,East,Credit Card,0,5,268.89,92.39,7,Jul,3
ORD02775,1697,2023-07-21 23:42:08.425685,Home & Kitchen,100.0,2,25,West,COD,0,5,150.0,57.4,7,Jul,3
ORD02776,3179,2023-07-22 01:26:59.603920,Electronics,482.49,2,0,East,Credit Card,0,5,964.98,165.59,7,Jul,3
ORD02777,2404,2023-07-22 03:11:50.782156,Beauty,2701.46,3,0,South,Debit Card,0,3,8104.38,2837.05,7,Jul,3
ORD02778,2155,2023-07-22 04:56:41.960392,Electronics,521.98,1,10,East,COD,0,4,469.78,85.58,7,Jul,3
ORD02779,2043,2023-07-22 06:41:33.138627,Clothing,100.0,3,5,South,Net Banking,0,3,285.0,48.47,7,Jul,3
ORD02780,2929,2023-07-22 08:26:24.316863,Books,100.0,3,10,South,COD,0,4,270.0,105.02,7,Jul,3
ORD02781,3583,2023-07-22 10:11:15.495099,Home & Kitchen,836.41,3,5,East,COD,0,4,2383.77,649.16,7,Jul,3
ORD02782,2013,2023-07-22 11:56:06.673334,Electronics,4028.53,3,10,North,COD,0,3,10877.03,2046.52,7,Jul,3
ORD02783,1226,2023-07-22 13:40:57.851570,Sports,505.14,5,20,North,UPI,0,2,2020.56,590.99,7,Jul,3
ORD02784,2828,2023-07-22 15:25:49.029805,Clothing,835.72,4,10,East,COD,1,3,3008.59,649.28,7,Jul,3
ORD02785,2492,2023-07-22 17:10:40.208041,Clothing,161.27,1,30,East,COD,0,4,112.89,30.04,7,Jul,3
ORD02786,1821,2023-07-22 18:55:31.386277,Sports,1020.56,5,20,West,Net Banking,0,5,4082.24,1249.84,7,Jul,3
ORD02787,3023,2023-07-22 20:40:22.564512,Clothing,1788.79,4,0,West,Credit Card,1,4,7155.16,2628.22,7,Jul,3
ORD02788,1870,2023-07-22 22:25:13.742748,Electronics,474.43,4,0,East,Credit Card,0,5,1897.72,286.12,7,Jul,3
ORD02789,3452,2023-07-23 00:10:04.920984,Electronics,527.98,4,5,North,Net Banking,0,3,2006.32,408.36,7,Jul,3
ORD02790,3249,2023-07-23 01:54:56.099219,Beauty,2767.5,5,20,West,Debit Card,0,2,11070.0,1926.93,7,Jul,3
ORD02791,3085,2023-07-23 03:39:47.277455,Electronics,100.0,1,0,West,COD,0,3,100.0,17.43,7,Jul,3
ORD02792,3989,2023-07-23 05:24:38.455691,Clothing,1517.84,2,0,North,Debit Card,0,4,3035.68,1173.12,7,Jul,3
ORD02793,2795,2023-07-23 07:09:29.633926,Books,751.03,4,25,East,Net Banking,0,4,2253.09,865.23,7,Jul,3
ORD02794,1187,2023-07-23 08:54:20.812162,Books,531.55,2,15,North,Debit Card,0,5,903.63,304.82,7,Jul,3
ORD02795,2080,2023-07-23 10:39:11.990398,Electronics,1607.64,2,0,South,Credit Card,0,4,3215.28,999.2,7,Jul,3
ORD02796,1940,2023-07-23 12:24:03.168633,Books,2699.7,3,0,West,UPI,0,4,8099.1,2931.81,7,Jul,3
ORD02797,3320,2023-07-23 14:08:54.346869,Clothing,1226.0,2,25,West,Debit Card,0,1,1839.0,302.7,7,Jul,3
ORD02798,3630,2023-07-23 15:53:45.525105,Beauty,100.0,3,25,West,UPI,1,1,225.0,40.47,7,Jul,3
ORD02799,3563,2023-07-23 17:38:36.703340,Electronics,928.18,1,0,North,Debit Card,0,2,928.18,212.81,7,Jul,3
ORD02800,1525,2023-07-23 19:23:27.881576,Clothing,931.97,1,10,North,Net Banking,0,4,838.77,300.38,7,Jul,3
ORD02801,1335,2023-07-23 21:08:19.059811,Clothing,1177.23,3,20,East,UPI,0,4,2825.35,757.36,7,Jul,3
ORD02802,3745,2023-07-23 22:53:10.238047,Clothing,1667.36,1,20,West,Debit Card,0,3,1333.89,368.01,7,Jul,3
ORD02803,2078,2023-07-24 00:38:01.416283,Home & Kitchen,100.0,4,20,South,Net Banking,0,4,320.0,66.34,7,Jul,3
ORD02804,3547,2023-07-24 02:22:52.594518,Electronics,1045.77,1,10,East,Credit Card,0,4,941.19,293.74,7,Jul,3
ORD02805,3947,2023-07-24 04:07:43.772754,Electronics,1331.22,3,25,North,COD,0,2,2995.24,1114.11,7,Jul,3
ORD02806,3813,2023-07-24 05:52:34.950990,Home & Kitchen,630.91,4,5,South,Net Banking,1,4,2397.46,557.12,7,Jul,3
ORD02807,3583,2023-07-24 07:37:26.129225,Books,1655.58,2,0,East,Net Banking,0,5,3311.16,1009.23,7,Jul,3
ORD02808,1161,2023-07-24 09:22:17.307461,Clothing,388.5,2,15,North,Credit Card,0,3,660.45,153.88,7,Jul,3
ORD02809,1593,2023-07-24 11:07:08.485697,Electronics,572.71,2,10,South,UPI,0,4,1030.88,358.93,7,Jul,3
ORD02810,2938,2023-07-24 12:51:59.663932,Electronics,4935.37,3,25,East,Debit Card,0,3,11104.58,2984.24,7,Jul,3
ORD02811,3206,2023-07-24 14:36:50.842168,Electronics,641.73,2,0,South,UPI,0,5,1283.46,301.44,7,Jul,3
ORD02812,1059,2023-07-24 16:21:42.020404,Electronics,638.12,1,20,North,Net Banking,0,5,510.5,130.18,7,Jul,3
ORD02813,3962,2023-07-24 18:06:33.198639,Home & Kitchen,1358.33,2,0,East,Debit Card,0,4,2716.66,469.46,7,Jul,3
ORD02814,2901,2023-07-24 19:51:24.376875,Sports,5309.41,5,15,North,COD,0,3,22564.99,8270.73,7,Jul,3
ORD02815,3258,2023-07-24 21:36:15.555111,Clothing,6118.93,5,0,West,COD,0,4,30594.65,11917.14,7,Jul,3
ORD02816,1405,2023-07-24 23:21:06.733346,Clothing,1300.03,2,15,West,Debit Card,1,3,2210.05,595.28,7,Jul,3
ORD02817,1663,2023-07-25 01:05:57.911582,Electronics,100.0,2,15,South,Net Banking,0,1,170.0,34.91,7,Jul,3
ORD02818,2132,2023-07-25 02:50:49.089817,Clothing,3463.76,5,5,West,Credit Card,0,4,16452.86,5201.8,7,Jul,3
ORD02819,2099,2023-07-25 04:35:40.268053,Electronics,1266.79,2,0,North,UPI,0,1,2533.58,666.57,7,Jul,3
ORD02820,1541,2023-07-25 06:20:31.446289,Beauty,683.55,4,10,South,UPI,0,3,2460.78,524.33,7,Jul,3
ORD02821,2337,2023-07-25 08:05:22.624524,Home & Kitchen,2650.85,5,20,East,Credit Card,0,5,10603.4,1692.39,7,Jul,3
ORD02822,1997,2023-07-25 09:50:13.802760,Beauty,765.82,3,5,North,Credit Card,0,4,2182.59,812.85,7,Jul,3
ORD02823,2140,2023-07-25 11:35:04.980996,Sports,100.0,5,0,East,COD,0,2,500.0,174.59,7,Jul,3
ORD02824,3974,2023-07-25 13:19:56.159231,Books,2581.16,1,0,East,Credit Card,0,4,2581.16,922.12,7,Jul,3
ORD02825,1867,2023-07-25 15:04:47.337467,Books,1184.02,4,25,East,Debit Card,0,5,3552.06,923.39,7,Jul,3
ORD02826,3066,2023-07-25 16:49:38.515703,Electronics,619.06,3,5,East,COD,0,2,1764.32,596.89,7,Jul,3
ORD02827,1431,2023-07-25 18:34:29.693938,Books,433.31,2,0,North,Net Banking,0,4,866.62,255.92,7,Jul,3
ORD02828,1739,2023-07-25 20:19:20.872174,Beauty,1351.36,1,20,West,COD,0,5,1081.09,263.45,7,Jul,3
ORD02829,2373,2023-07-25 22:04:12.050410,Electronics,349.88,1,15,North,COD,0,4,297.4,107.27,7,Jul,3
ORD02830,1182,2023-07-25 23:49:03.228645,Sports,587.01,4,0,West,UPI,0,3,2348.04,938.49,7,Jul,3
ORD02831,3160,2023-07-26 01:33:54.406881,Clothing,1518.09,3,30,East,Credit Card,0,3,3187.99,1194.92,7,Jul,3
ORD02832,2206,2023-07-26 03:18:45.585117,Sports,3199.83,1,15,West,Debit Card,0,5,2719.86,935.76,7,Jul,3
ORD02833,3528,2023-07-26 05:03:36.763352,Beauty,1141.79,3,10,East,Credit Card,0,5,3082.83,1038.53,7,Jul,3
ORD02834,2169,2023-07-26 06:48:27.941588,Home & Kitchen,2135.1,3,5,South,UPI,0,5,6085.03,1901.95,7,Jul,3
ORD02835,1830,2023-07-26 08:33:19.119823,Home & Kitchen,2159.93,1,25,East,Credit Card,0,5,1619.95,588.7,7,Jul,3
ORD02836,2651,2023-07-26 10:18:10.298059,Books,1637.55,3,0,West,Debit Card,1,4,4912.65,1342.48,7,Jul,3
ORD02837,2136,2023-07-26 12:03:01.476295,Sports,423.22,4,0,South,Credit Card,0,5,1692.88,330.84,7,Jul,3
ORD02838,3810,2023-07-26 13:47:52.654530,Beauty,3023.73,1,0,South,UPI,0,4,3023.73,1034.15,7,Jul,3
ORD02839,1475,2023-07-26 15:32:43.832766,Sports,859.78,4,20,East,Debit Card,0,5,2751.3,1045.15,7,Jul,3
ORD02840,3810,2023-07-26 17:17:35.011002,Home & Kitchen,100.0,4,10,North,Credit Card,0,3,360.0,84.72,7,Jul,3
ORD02841,2326,2023-07-26 19:02:26.189237,Home & Kitchen,420.79,3,15,West,UPI,1,5,1073.01,370.99,7,Jul,3
ORD02842,1970,2023-07-26 20:47:17.367473,Sports,2175.76,3,0,South,UPI,0,3,6527.28,1425.76,7,Jul,3
ORD02843,2019,2023-07-26 22:32:08.545709,Books,107.46,1,15,North,COD,0,1,91.34,35.23,7,Jul,3
ORD02844,2141,2023-07-27 00:16:59.723944,Sports,239.13,2,20,East,Debit Card,0,4,382.61,122.77,7,Jul,3
ORD02845,2836,2023-07-27 02:01:50.902180,Books,1777.37,1,5,East,Debit Card,0,4,1688.5,493.58,7,Jul,3
ORD02846,1160,2023-07-27 03:46:42.080416,Electronics,3346.8,4,20,East,Credit Card,0,1,10709.76,3694.52,7,Jul,3
ORD02847,3448,2023-07-27 05:31:33.258651,Clothing,1506.58,3,5,East,COD,0,5,4293.75,1517.02,7,Jul,3
ORD02848,1197,2023-07-27 07:16:24.436887,Clothing,377.1,4,20,West,Debit Card,0,4,1206.72,450.22,7,Jul,3
ORD02849,2283,2023-07-27 09:01:15.615123,Electronics,100.0,5,0,South,UPI,1,5,500.0,187.64,7,Jul,3
ORD02850,1659,2023-07-27 10:46:06.793358,Electronics,1432.26,5,10,West,Debit Card,1,5,6445.17,1051.68,7,Jul,3
ORD02851,2775,2023-07-27 12:30:57.971594,Books,100.0,4,30,South,COD,0,4,280.0,50.6,7,Jul,3
ORD02852,2070,2023-07-27 14:15:49.149829,Electronics,1422.92,2,30,North,Net Banking,0,3,1992.09,710.21,7,Jul,3
ORD02853,3010,2023-07-27 16:00:40.328065,Clothing,383.46,2,0,North,UPI,1,3,766.92,296.42,7,Jul,3
ORD02854,1398,2023-07-27 17:45:31.506301,Home & Kitchen,3525.4,1,10,South,Debit Card,0,4,3172.86,719.98,7,Jul,3
ORD02855,2733,2023-07-27 19:30:22.684536,Beauty,966.8,1,0,East,UPI,0,4,966.8,147.1,7,Jul,3
ORD02856,2582,2023-07-27 21:15:13.862772,Home & Kitchen,380.29,1,25,North,Credit Card,1,4,285.22,65.79,7,Jul,3
ORD02857,3125,2023-07-27 23:00:05.041008,Beauty,2877.47,3,10,West,UPI,0,4,7769.17,1909.01,7,Jul,3
ORD02858,3171,2023-07-28 00:44:56.219243,Home & Kitchen,439.62,2,5,South,Debit Card,1,3,835.28,284.21,7,Jul,3
ORD02859,1074,2023-07-28 02:29:47.397479,Clothing,549.22,4,0,North,Credit Card,0,4,2196.88,355.67,7,Jul,3
ORD02860,3184,2023-07-28 04:14:38.575715,Home & Kitchen,2696.16,5,25,South,Credit Card,0,2,10110.6,2054.07,7,Jul,3
ORD02861,1601,2023-07-28 05:59:29.753950,Home & Kitchen,553.97,2,10,East,Credit Card,0,5,997.15,372.43,7,Jul,3
ORD02862,1836,2023-07-28 07:44:20.932186,Clothing,791.87,2,0,South,Net Banking,0,1,1583.74,298.86,7,Jul,3
ORD02863,2528,2023-07-28 09:29:12.110422,Electronics,640.8,2,5,North,Net Banking,0,4,1217.52,413.73,7,Jul,3
ORD02864,1499,2023-07-28 11:14:03.288657,Home & Kitchen,185.63,1,0,South,Credit Card,0,2,185.63,44.61,7,Jul,3
ORD02865,2596,2023-07-28 12:58:54.466893,Electronics,100.0,3,15,North,Debit Card,0,5,255.0,80.49,7,Jul,3
ORD02866,1137,2023-07-28 14:43:45.645129,Home & Kitchen,1933.97,4,25,North,Credit Card,0,4,5801.91,977.4,7,Jul,3
ORD02867,3097,2023-07-28 16:28:36.823364,Electronics,1554.04,1,25,North,Credit Card,0,2,1165.53,258.33,7,Jul,3
ORD02868,2794,2023-07-28 18:13:28.001600,Home & Kitchen,497.69,3,10,West,UPI,0,4,1343.76,344.27,7,Jul,3
ORD02869,1972,2023-07-28 19:58:19.179835,Books,525.61,2,20,East,UPI,0,5,840.98,306.37,7,Jul,3
ORD02870,2642,2023-07-28 21:43:10.358071,Electronics,4350.79,3,10,East,UPI,0,5,11747.13,3416.93,7,Jul,3
ORD02871,2885,2023-07-28 23:28:01.536307,Clothing,6593.72,1,0,South,COD,0,3,6593.72,1063.61,7,Jul,3
ORD02872,3301,2023-07-29 01:12:52.714542,Home & Kitchen,962.07,2,30,South,UPI,0,5,1346.9,472.04,7,Jul,3
ORD02873,3028,2023-07-29 02:57:43.892778,Sports,2432.66,1,5,North,UPI,0,1,2311.03,378.15,7,Jul,3
ORD02874,3757,2023-07-29 04:42:35.071014,Sports,2001.61,4,5,East,Debit Card,1,3,7606.12,2917.64,7,Jul,3
ORD02875,2900,2023-07-29 06:27:26.249249,Books,529.28,2,30,South,Net Banking,0,4,740.99,150.37,7,Jul,3
ORD02876,3610,2023-07-29 08:12:17.427485,Home & Kitchen,100.0,3,0,South,Net Banking,0,3,300.0,81.59,7,Jul,3
ORD02877,3804,2023-07-29 09:57:08.605721,Clothing,230.7,1,20,East,Net Banking,0,5,184.56,31.02,7,Jul,3
ORD02878,2449,2023-07-29 11:41:59.783956,Clothing,2732.96,5,25,North,COD,0,5,10248.6,2976.48,7,Jul,3
ORD02879,1546,2023-07-29 13:26:50.962192,Electronics,1970.76,3,10,South,Credit Card,0,1,5321.05,1459.6,7,Jul,3
ORD02880,1921,2023-07-29 15:11:42.140428,Home & Kitchen,1637.46,3,0,North,UPI,0,3,4912.38,1240.68,7,Jul,3
ORD02881,1580,2023-07-29 16:56:33.318663,Clothing,210.01,2,5,East,Debit Card,0,4,399.02,63.4,7,Jul,3
ORD02882,2372,2023-07-29 18:41:24.496899,Electronics,1532.19,3,0,East,COD,1,4,4596.57,1699.51,7,Jul,3
ORD02883,2956,2023-07-29 20:26:15.675135,Home & Kitchen,2218.62,1,10,South,Net Banking,1,5,1996.76,700.18,7,Jul,3
ORD02884,3003,2023-07-29 22:11:06.853370,Home & Kitchen,2955.63,5,20,South,COD,0,5,11822.52,3644.38,7,Jul,3
ORD02885,3096,2023-07-29 23:55:58.031606,Clothing,100.0,4,10,East,Debit Card,0,4,360.0,105.5,7,Jul,3
ORD02886,3964,2023-07-30 01:40:49.209841,Electronics,1730.28,5,10,North,COD,0,3,7786.26,2520.7,7,Jul,3
ORD02887,1703,2023-07-30 03:25:40.388077,Clothing,100.0,1,10,North,Net Banking,0,5,90.0,16.74,7,Jul,3
ORD02888,3308,2023-07-30 05:10:31.566313,Clothing,1840.72,2,10,West,Credit Card,0,3,3313.3,1269.53,7,Jul,3
ORD02889,3403,2023-07-30 06:55:22.744548,Home & Kitchen,1514.34,1,25,East,Net Banking,0,5,1135.75,251.19,7,Jul,3
ORD02890,2625,2023-07-30 08:40:13.922784,Clothing,240.87,3,5,South,Net Banking,0,1,686.48,215.64,7,Jul,3
ORD02891,1637,2023-07-30 10:25:05.101020,Home & Kitchen,2179.43,2,20,East,Net Banking,0,4,3487.09,1052.02,7,Jul,3
ORD02892,3790,2023-07-30 12:09:56.279255,Sports,106.19,4,10,South,COD,1,2,382.28,118.18,7,Jul,3
ORD02893,2009,2023-07-30 13:54:47.457491,Electronics,2626.49,4,5,North,Debit Card,1,4,9980.66,3690.23,7,Jul,3
ORD02894,3978,2023-07-30 15:39:38.635727,Beauty,455.57,1,0,South,Net Banking,0,4,455.57,102.04,7,Jul,3
ORD02895,1640,2023-07-30 17:24:29.813962,Clothing,1751.23,3,5,West,COD,0,4,4991.01,1683.15,7,Jul,3
ORD02896,3839,2023-07-30 19:09:20.992198,Clothing,3859.41,4,15,North,Debit Card,0,5,13121.99,3931.32,7,Jul,3
ORD02897,3659,2023-07-30 20:54:12.170434,Clothing,622.88,5,0,West,Credit Card,0,4,3114.4,526.38,7,Jul,3
ORD02898,2861,2023-07-30 22:39:03.348669,Electronics,1048.43,2,25,East,Net Banking,1,3,1572.64,398.73,7,Jul,3
ORD02899,3856,2023-07-31 00:23:54.526905,Electronics,932.97,5,10,South,UPI,0,5,4198.37,1509.26,7,Jul,3
ORD02900,2205,2023-07-31 02:08:45.705141,Clothing,257.27,4,25,North,COD,0,5,771.81,176.62,7,Jul,3
ORD02901,1685,2023-07-31 03:53:36.883376,Sports,1338.54,4,0,South,Credit Card,0,3,5354.16,1448.65,7,Jul,3
ORD02902,2851,2023-07-31 05:38:28.061612,Beauty,2038.03,1,5,West,Credit Card,1,5,1936.13,526.94,7,Jul,3
ORD02903,1187,2023-07-31 07:23:19.239847,Home & Kitchen,3731.11,1,0,North,Credit Card,0,5,3731.11,1136.13,7,Jul,3
ORD02904,2619,2023-07-31 09:08:10.418083,Electronics,2853.73,2,0,West,COD,0,4,5707.46,2117.49,7,Jul,3
ORD02905,2687,2023-07-31 10:53:01.596319,Home & Kitchen,1070.08,1,25,North,Debit Card,1,3,802.56,155.2,7,Jul,3
ORD02906,1984,2023-07-31 12:37:52.774554,Home & Kitchen,1904.19,3,0,East,UPI,0,4,5712.57,1577.55,7,Jul,3
ORD02907,1547,2023-07-31 14:22:43.952790,Sports,2420.04,2,10,East,Debit Card,0,4,4356.07,1115.44,7,Jul,3
ORD02908,3772,2023-07-31 16:07:35.131026,Sports,1020.31,3,0,South,Net Banking,0,4,3060.93,685.59,7,Jul,3
ORD02909,3973,2023-07-31 17:52:26.309261,Sports,183.98,1,10,West,UPI,1,4,165.58,62.9,7,Jul,3
ORD02910,2431,2023-07-31 19:37:17.487497,Clothing,864.2,2,20,West,Debit Card,0,5,1382.72,210.23,7,Jul,3
ORD02911,1875,2023-07-31 21:22:08.665733,Home & Kitchen,2772.29,4,15,North,Net Banking,0,4,9425.79,1701.6,7,Jul,3
ORD02912,1617,2023-07-31 23:06:59.843968,Clothing,1361.89,5,15,East,UPI,0,3,5788.03,1929.36,7,Jul,3
ORD02913,3461,2023-08-01 00:51:51.022204,Beauty,1933.52,4,5,South,COD,0,5,7347.38,1586.01,8,Aug,3
ORD02914,2365,2023-08-01 02:36:42.200440,Electronics,307.34,3,25,East,Net Banking,0,4,691.52,228.75,8,Aug,3
ORD02915,2243,2023-08-01 04:21:33.378675,Electronics,5000.49,4,15,West,Debit Card,0,3,17001.67,6087.68,8,Aug,3
ORD02916,1902,2023-08-01 06:06:24.556911,Electronics,776.47,4,10,South,UPI,0,4,2795.29,597.22,8,Aug,3
ORD02917,1162,2023-08-01 07:51:15.735147,Sports,1590.4,5,10,East,Net Banking,0,1,7156.8,1416.95,8,Aug,3
ORD02918,2974,2023-08-01 09:36:06.913382,Clothing,100.0,5,25,East,Net Banking,1,5,375.0,69.87,8,Aug,3
ORD02919,1269,2023-08-01 11:20:58.091618,Clothing,204.28,4,10,North,COD,0,4,735.41,147.1,8,Aug,3
ORD02920,1631,2023-08-01 13:05:49.269853,Beauty,2285.13,5,15,North,Net Banking,0,5,9711.8,2105.48,8,Aug,3
ORD02921,1905,2023-08-01 14:50:40.448089,Beauty,5161.6,4,10,West,UPI,0,3,18581.76,6822.99,8,Aug,3
ORD02922,3014,2023-08-01 16:35:31.626325,Clothing,578.62,2,0,East,Credit Card,0,5,1157.24,396.36,8,Aug,3
ORD02923,2641,2023-08-01 18:20:22.804560,Electronics,100.0,4,15,North,UPI,0,4,340.0,51.16,8,Aug,3
ORD02924,1204,2023-08-01 20:05:13.982796,Sports,671.46,1,15,East,UPI,0,4,570.74,210.33,8,Aug,3
ORD02925,1581,2023-08-01 21:50:05.161032,Beauty,100.0,5,10,South,COD,0,5,450.0,76.37,8,Aug,3
ORD02926,2579,2023-08-01 23:34:56.339267,Books,320.48,5,15,East,COD,1,4,1362.04,427.43,8,Aug,3
ORD02927,1840,2023-08-02 01:19:47.517503,Home & Kitchen,2094.35,3,0,East,Net Banking,0,4,6283.05,1180.39,8,Aug,3
ORD02928,2836,2023-08-02 03:04:38.695739,Clothing,4149.04,3,20,West,COD,0,1,9957.7,1648.69,8,Aug,3
ORD02929,2251,2023-08-02 04:49:29.873974,Sports,137.27,1,25,South,Net Banking,0,4,102.95,35.0,8,Aug,3
ORD02930,2719,2023-08-02 06:34:21.052210,Home & Kitchen,1224.33,5,25,South,Credit Card,0,5,4591.24,1224.95,8,Aug,3
ORD02931,2642,2023-08-02 08:19:12.230446,Books,439.3,5,5,North,Debit Card,0,5,2086.67,625.51,8,Aug,3
ORD02932,3643,2023-08-02 10:04:03.408681,Electronics,224.59,3,10,South,COD,0,4,606.39,155.44,8,Aug,3
ORD02933,3297,2023-08-02 11:48:54.586917,Beauty,370.73,3,20,West,COD,1,5,889.75,148.4,8,Aug,3
ORD02934,1874,2023-08-02 13:33:45.765153,Home & Kitchen,1293.28,4,10,North,Credit Card,0,4,4655.81,1559.25,8,Aug,3
ORD02935,2464,2023-08-02 15:18:36.943388,Electronics,101.03,5,10,East,COD,0,4,454.64,161.44,8,Aug,3
ORD02936,3243,2023-08-02 17:03:28.121624,Home & Kitchen,854.32,5,25,South,Credit Card,0,4,3203.7,513.73,8,Aug,3
ORD02937,1689,2023-08-02 18:48:19.299859,Home & Kitchen,217.93,4,10,East,Net Banking,0,4,784.55,191.37,8,Aug,3
ORD02938,3010,2023-08-02 20:33:10.478095,Books,477.58,5,10,North,COD,0,4,2149.11,621.8,8,Aug,3
ORD02939,3686,2023-08-02 22:18:01.656331,Home & Kitchen,317.48,1,0,South,COD,0,4,317.48,95.66,8,Aug,3
ORD02940,2422,2023-08-03 00:02:52.834566,Home & Kitchen,3218.06,3,0,North,Net Banking,1,5,9654.18,2843.53,8,Aug,3
ORD02941,3001,2023-08-03 01:47:44.012802,Beauty,1846.56,3,0,North,COD,0,2,5539.68,1790.62,8,Aug,3
ORD02942,1671,2023-08-03 03:32:35.191038,Electronics,3042.7,3,25,South,UPI,0,2,6846.07,2681.63,8,Aug,3
ORD02943,2171,2023-08-03 05:17:26.369273,Electronics,725.46,2,10,South,Credit Card,0,1,1305.83,323.38,8,Aug,3
ORD02944,2495,2023-08-03 07:02:17.547509,Electronics,564.03,1,10,North,Debit Card,0,4,507.63,146.78,8,Aug,3
ORD02945,1943,2023-08-03 08:47:08.725745,Home & Kitchen,718.48,1,20,West,UPI,0,4,574.78,186.67,8,Aug,3
ORD02946,3246,2023-08-03 10:31:59.903980,Home & Kitchen,100.0,4,15,South,Debit Card,0,2,340.0,101.36,8,Aug,3
ORD02947,2449,2023-08-03 12:16:51.082216,Sports,1934.86,2,15,North,UPI,0,4,3289.26,811.42,8,Aug,3
ORD02948,3539,2023-08-03 14:01:42.260452,Home & Kitchen,645.65,5,0,East,UPI,0,4,3228.25,987.91,8,Aug,3
ORD02949,1895,2023-08-03 15:46:33.438687,Books,563.84,1,20,East,UPI,0,5,451.07,140.97,8,Aug,3
ORD02950,3189,2023-08-03 17:31:24.616923,Beauty,1367.48,2,0,South,Credit Card,0,5,2734.96,810.21,8,Aug,3
ORD02951,2336,2023-08-03 19:16:15.795159,Clothing,859.72,2,0,South,Debit Card,0,4,1719.44,346.08,8,Aug,3
ORD02952,1164,2023-08-03 21:01:06.973394,Sports,5932.66,1,0,East,Net Banking,0,2,5932.66,1640.35,8,Aug,3
ORD02953,3361,2023-08-03 22:45:58.151630,Clothing,660.67,4,0,North,Net Banking,0,2,2642.68,980.67,8,Aug,3
ORD02954,3068,2023-08-04 00:30:49.329865,Home & Kitchen,1427.47,2,0,North,COD,0,5,2854.94,1048.19,8,Aug,3
ORD02955,2105,2023-08-04 02:15:40.508101,Home & Kitchen,560.19,3,15,North,Credit Card,0,4,1428.48,482.39,8,Aug,3
ORD02956,2753,2023-08-04 04:00:31.686337,Home & Kitchen,6999.77,2,0,West,Credit Card,0,3,13999.54,4540.04,8,Aug,3
ORD02957,3352,2023-08-04 05:45:22.864572,Electronics,883.48,5,15,South,Credit Card,0,3,3754.79,707.1,8,Aug,3
ORD02958,2938,2023-08-04 07:30:14.042808,Clothing,1508.21,1,0,West,UPI,0,5,1508.21,399.47,8,Aug,3
ORD02959,1370,2023-08-04 09:15:05.221044,Home & Kitchen,203.25,5,0,West,Credit Card,0,4,1016.25,180.63,8,Aug,3
ORD02960,2880,2023-08-04 10:59:56.399279,Sports,1980.9,4,10,West,Net Banking,0,4,7131.24,2526.75,8,Aug,3
ORD02961,1852,2023-08-04 12:44:47.577515,Clothing,470.44,3,25,West,Credit Card,0,3,1058.49,235.79,8,Aug,3
ORD02962,1383,2023-08-04 14:29:38.755751,Beauty,892.98,1,25,North,UPI,0,4,669.74,228.86,8,Aug,3
ORD02963,2931,2023-08-04 16:14:29.933986,Clothing,3220.08,2,30,South,Debit Card,0,5,4508.11,1594.27,8,Aug,3
ORD02964,3492,2023-08-04 17:59:21.112222,Books,5287.72,3,15,South,Credit Card,0,5,13483.69,5031.09,8,Aug,3
ORD02965,1424,2023-08-04 19:44:12.290458,Sports,828.96,2,15,West,Debit Card,0,5,1409.23,476.96,8,Aug,3
ORD02966,3208,2023-08-04 21:29:03.468693,Home & Kitchen,2700.92,4,15,South,COD,1,4,9183.13,2673.96,8,Aug,3
ORD02967,1628,2023-08-04 23:13:54.646929,Beauty,100.0,1,15,East,UPI,1,4,85.0,25.46,8,Aug,3
ORD02968,1894,2023-08-05 00:58:45.825165,Home & Kitchen,2821.61,4,0,North,Credit Card,0,4,11286.44,2597.52,8,Aug,3
ORD02969,3537,2023-08-05 02:43:37.003400,Books,1489.39,4,10,South,COD,0,3,5361.8,1041.52,8,Aug,3
ORD02970,3374,2023-08-05 04:28:28.181636,Electronics,1006.22,4,5,North,COD,0,5,3823.64,698.42,8,Aug,3
ORD02971,1597,2023-08-05 06:13:19.359871,Clothing,3310.42,4,10,East,Debit Card,0,4,11917.51,2329.94,8,Aug,3
ORD02972,3336,2023-08-05 07:58:10.538107,Clothing,2799.76,2,10,North,Net Banking,0,4,5039.57,1932.61,8,Aug,3
ORD02973,1592,2023-08-05 09:43:01.716343,Home & Kitchen,528.48,5,0,East,Net Banking,0,5,2642.4,504.98,8,Aug,3
ORD02974,2687,2023-08-05 11:27:52.894578,Electronics,2351.64,2,5,West,Net Banking,0,5,4468.12,1478.65,8,Aug,3
ORD02975,1572,2023-08-05 13:12:44.072814,Electronics,157.19,3,0,South,Net Banking,0,4,471.57,92.5,8,Aug,3
ORD02976,3075,2023-08-05 14:57:35.251050,Electronics,2595.41,4,30,West,UPI,0,1,7267.15,2861.97,8,Aug,3
ORD02977,3090,2023-08-05 16:42:26.429285,Electronics,1688.0,3,0,South,Credit Card,0,4,5064.0,1223.7,8,Aug,3
ORD02978,2704,2023-08-05 18:27:17.607521,Clothing,137.95,2,0,West,Credit Card,0,5,275.9,69.81,8,Aug,3
ORD02979,3470,2023-08-05 20:12:08.785757,Sports,1723.66,4,25,East,UPI,0,3,5170.98,1298.58,8,Aug,3
ORD02980,1176,2023-08-05 21:56:59.963992,Sports,1303.11,2,10,South,Debit Card,0,5,2345.6,830.61,8,Aug,3
ORD02981,1528,2023-08-05 23:41:51.142228,Home & Kitchen,1354.14,4,0,West,Credit Card,1,2,5416.56,1108.08,8,Aug,3
ORD02982,2633,2023-08-06 01:26:42.320464,Sports,515.56,2,5,North,COD,0,4,979.56,350.44,8,Aug,3
ORD02983,1965,2023-08-06 03:11:33.498699,Clothing,464.89,1,0,North,Credit Card,0,4,464.89,146.1,8,Aug,3
ORD02984,2517,2023-08-06 04:56:24.676935,Sports,2156.6,5,0,West,UPI,0,3,10783.0,2211.27,8,Aug,3
ORD02985,1197,2023-08-06 06:41:15.855171,Electronics,445.21,5,0,East,Debit Card,1,5,2226.05,370.31,8,Aug,3
ORD02986,3657,2023-08-06 08:26:07.033406,Clothing,886.6,4,10,West,Credit Card,0,4,3191.76,1097.16,8,Aug,3
ORD02987,3889,2023-08-06 10:10:58.211642,Home & Kitchen,1780.13,1,20,North,UPI,0,3,1424.1,291.57,8,Aug,3
ORD02988,1852,2023-08-06 11:55:49.389877,Electronics,124.45,3,10,South,COD,0,4,336.02,125.09,8,Aug,3
ORD02989,2537,2023-08-06 13:40:40.568113,Home & Kitchen,1354.13,1,15,South,Net Banking,0,5,1151.01,210.0,8,Aug,3
ORD02990,3069,2023-08-06 15:25:31.746349,Clothing,1335.12,4,0,West,COD,0,3,5340.48,1623.99,8,Aug,3
ORD02991,2080,2023-08-06 17:10:22.924584,Sports,1729.11,1,5,South,COD,0,5,1642.65,530.65,8,Aug,3
ORD02992,3889,2023-08-06 18:55:14.102820,Books,692.88,3,20,North,Debit Card,0,3,1662.91,522.86,8,Aug,3
ORD02993,1097,2023-08-06 20:40:05.281056,Electronics,893.98,4,0,South,Credit Card,0,3,3575.92,818.91,8,Aug,3
ORD02994,2903,2023-08-06 22:24:56.459291,Home & Kitchen,600.65,5,25,West,Net Banking,0,3,2252.44,830.88,8,Aug,3
ORD02995,1434,2023-08-07 00:09:47.637527,Clothing,2476.7,1,10,West,UPI,0,2,2229.03,763.33,8,Aug,3
ORD02996,1636,2023-08-07 01:54:38.815763,Books,209.95,5,20,West,Net Banking,0,4,839.8,233.09,8,Aug,3
ORD02997,1587,2023-08-07 03:39:29.993998,Electronics,4943.39,5,5,North,Credit Card,0,5,23481.1,7063.66,8,Aug,3
ORD02998,1343,2023-08-07 05:24:21.172234,Home & Kitchen,1511.11,2,5,East,Debit Card,0,2,2871.11,837.2,8,Aug,3
ORD02999,2317,2023-08-07 07:09:12.350470,Home & Kitchen,3269.31,3,20,South,Credit Card,0,3,7846.34,3033.98,8,Aug,3
ORD03000,2979,2023-08-07 08:54:03.528705,Clothing,833.29,1,20,West,UPI,0,3,666.63,249.39,8,Aug,3
ORD03001,1570,2023-08-07 10:38:54.706941,Beauty,605.83,5,0,East,Net Banking,0,4,3029.15,632.71,8,Aug,3
ORD03002,1610,2023-08-07 12:23:45.885177,Sports,3464.8,5,30,West,COD,0,5,12126.8,2615.63,8,Aug,3
ORD03003,2727,2023-08-07 14:08:37.063412,Home & Kitchen,156.16,3,0,West,Credit Card,1,5,468.48,185.22,8,Aug,3
ORD03004,3290,2023-08-07 15:53:28.241648,Home & Kitchen,186.83,5,0,North,Debit Card,0,1,934.15,195.37,8,Aug,3
ORD03005,2854,2023-08-07 17:38:19.419883,Clothing,533.61,5,10,North,Debit Card,0,4,2401.25,932.57,8,Aug,3
ORD03006,3608,2023-08-07 19:23:10.598119,Home & Kitchen,4819.9,5,15,East,Net Banking,0,4,20484.58,6400.17,8,Aug,3
ORD03007,1959,2023-08-07 21:08:01.776355,Electronics,1503.87,5,30,West,COD,1,4,5263.54,855.47,8,Aug,3
ORD03008,3079,2023-08-07 22:52:52.954590,Electronics,1211.81,2,10,South,UPI,1,4,2181.26,510.27,8,Aug,3
ORD03009,3438,2023-08-08 00:37:44.132826,Beauty,1832.98,2,0,South,COD,0,5,3665.96,986.28,8,Aug,3
ORD03010,3324,2023-08-08 02:22:35.311062,Home & Kitchen,810.57,4,15,South,Net Banking,0,4,2755.94,987.38,8,Aug,3
ORD03011,1531,2023-08-08 04:07:26.489297,Clothing,2128.68,1,0,East,COD,0,3,2128.68,494.17,8,Aug,3
ORD03012,2177,2023-08-08 05:52:17.667533,Clothing,749.41,3,10,North,Net Banking,0,4,2023.41,460.62,8,Aug,3
ORD03013,3430,2023-08-08 07:37:08.845769,Home & Kitchen,2626.18,4,10,East,COD,0,4,9454.25,3593.24,8,Aug,3
ORD03014,2091,2023-08-08 09:22:00.024004,Electronics,466.52,2,0,North,Credit Card,0,3,933.04,158.39,8,Aug,3
ORD03015,2901,2023-08-08 11:06:51.202240,Electronics,487.65,2,10,South,Debit Card,0,4,877.77,252.69,8,Aug,3
ORD03016,1883,2023-08-08 12:51:42.380476,Electronics,1108.42,2,10,South,Net Banking,0,5,1995.16,550.78,8,Aug,3
ORD03017,3261,2023-08-08 14:36:33.558711,Books,845.18,4,15,North,Net Banking,1,4,2873.61,472.23,8,Aug,3
ORD03018,2678,2023-08-08 16:21:24.736947,Home & Kitchen,1566.68,2,15,South,Debit Card,0,4,2663.36,457.94,8,Aug,3
ORD03019,3423,2023-08-08 18:06:15.915183,Electronics,679.52,4,0,East,UPI,0,5,2718.08,667.27,8,Aug,3
ORD03020,3791,2023-08-08 19:51:07.093418,Home & Kitchen,393.12,2,0,North,Net Banking,0,5,786.24,144.31,8,Aug,3
ORD03021,3260,2023-08-08 21:35:58.271654,Electronics,951.78,5,0,South,Credit Card,0,4,4758.9,1282.61,8,Aug,3
ORD03022,3126,2023-08-08 23:20:49.449889,Home & Kitchen,1234.74,5,0,West,COD,0,4,6173.7,1865.83,8,Aug,3
ORD03023,2749,2023-08-09 01:05:40.628125,Beauty,230.78,1,15,South,Credit Card,0,5,196.16,63.33,8,Aug,3
ORD03024,3675,2023-08-09 02:50:31.806361,Home & Kitchen,1220.33,2,30,West,Net Banking,0,3,1708.46,489.67,8,Aug,3
ORD03025,3651,2023-08-09 04:35:22.984596,Sports,576.85,1,15,South,UPI,0,4,490.32,120.09,8,Aug,3
ORD03026,1781,2023-08-09 06:20:14.162832,Beauty,747.49,4,15,West,Net Banking,0,2,2541.47,463.66,8,Aug,3
ORD03027,3727,2023-08-09 08:05:05.341068,Books,491.34,1,10,South,UPI,0,5,442.21,93.69,8,Aug,3
ORD03028,3105,2023-08-09 09:49:56.519303,Home & Kitchen,4019.42,2,5,West,Debit Card,1,2,7636.9,1946.31,8,Aug,3
ORD03029,1880,2023-08-09 11:34:47.697539,Sports,1724.87,4,25,North,COD,0,3,5174.61,1971.67,8,Aug,3
ORD03030,1446,2023-08-09 13:19:38.875775,Clothing,456.65,4,30,North,Credit Card,1,4,1278.62,256.56,8,Aug,3
ORD03031,3113,2023-08-09 15:04:30.054010,Clothing,1553.59,5,10,West,UPI,0,5,6991.16,1771.11,8,Aug,3
ORD03032,2783,2023-08-09 16:49:21.232246,Beauty,2831.47,4,0,South,Credit Card,0,4,11325.88,3772.39,8,Aug,3
ORD03033,2277,2023-08-09 18:34:12.410482,Home & Kitchen,770.32,4,20,East,Debit Card,0,5,2465.02,804.34,8,Aug,3
ORD03034,2991,2023-08-09 20:19:03.588717,Electronics,2657.56,1,0,East,Net Banking,0,4,2657.56,1040.16,8,Aug,3
ORD03035,2067,2023-08-09 22:03:54.766953,Clothing,251.59,4,20,East,UPI,0,4,805.09,159.19,8,Aug,3
ORD03036,2577,2023-08-09 23:48:45.945189,Sports,2595.56,3,20,East,COD,0,5,6229.34,960.13,8,Aug,3
ORD03037,2011,2023-08-10 01:33:37.123424,Books,1165.75,5,0,West,UPI,0,1,5828.75,1344.0,8,Aug,3
ORD03038,3274,2023-08-10 03:18:28.301660,Home & Kitchen,378.42,5,30,North,Net Banking,0,5,1324.47,248.24,8,Aug,3
ORD03039,1773,2023-08-10 05:03:19.479895,Sports,784.2,4,30,North,Net Banking,0,5,2195.76,630.44,8,Aug,3
ORD03040,3726,2023-08-10 06:48:10.658131,Home & Kitchen,6633.4,1,25,East,COD,0,5,4975.05,1864.13,8,Aug,3
ORD03041,2814,2023-08-10 08:33:01.836367,Books,2295.64,5,10,North,COD,0,5,10330.38,3326.97,8,Aug,3
ORD03042,3648,2023-08-10 10:17:53.014602,Home & Kitchen,1283.8,5,0,West,Debit Card,0,5,6419.0,1180.77,8,Aug,3
ORD03043,3426,2023-08-10 12:02:44.192838,Home & Kitchen,183.53,3,10,East,Credit Card,1,3,495.53,88.71,8,Aug,3
ORD03044,2201,2023-08-10 13:47:35.371074,Home & Kitchen,811.44,4,10,West,UPI,0,4,2921.18,1103.8,8,Aug,3
ORD03045,2450,2023-08-10 15:32:26.549309,Clothing,457.86,5,0,West,Debit Card,0,4,2289.3,622.47,8,Aug,3
ORD03046,3756,2023-08-10 17:17:17.727545,Clothing,110.47,5,10,South,Credit Card,1,2,497.12,189.36,8,Aug,3
ORD03047,1306,2023-08-10 19:02:08.905781,Beauty,1172.0,5,15,West,Debit Card,0,5,4981.0,1663.93,8,Aug,3
ORD03048,1778,2023-08-10 20:47:00.084016,Electronics,3299.85,5,0,South,COD,0,3,16499.25,6572.26,8,Aug,3
ORD03049,3551,2023-08-10 22:31:51.262252,Clothing,1688.67,1,5,East,COD,0,2,1604.24,590.05,8,Aug,3
ORD03050,3315,2023-08-11 00:16:42.440488,Books,430.88,2,0,West,Net Banking,0,5,861.76,218.5,8,Aug,3
ORD03051,1007,2023-08-11 02:01:33.618723,Sports,1278.51,3,15,North,UPI,0,5,3260.2,1107.02,8,Aug,3
ORD03052,3555,2023-08-11 03:46:24.796959,Electronics,4303.23,1,15,East,UPI,0,5,3657.75,979.57,8,Aug,3
ORD03053,1475,2023-08-11 05:31:15.975195,Clothing,1925.15,3,0,West,UPI,0,5,5775.45,1202.84,8,Aug,3
ORD03054,2320,2023-08-11 07:16:07.153430,Electronics,1754.23,5,30,West,Debit Card,0,4,6139.8,1290.94,8,Aug,3
ORD03055,3211,2023-08-11 09:00:58.331666,Home & Kitchen,5170.46,3,0,North,Debit Card,0,5,15511.38,3867.46,8,Aug,3
ORD03056,1484,2023-08-11 10:45:49.509901,Electronics,2405.73,4,10,South,UPI,0,4,8660.63,1540.44,8,Aug,3
ORD03057,3614,2023-08-11 12:30:40.688137,Clothing,220.36,4,20,West,Net Banking,0,5,705.15,137.11,8,Aug,3
ORD03058,1904,2023-08-11 14:15:31.866373,Clothing,640.73,2,20,West,Credit Card,0,2,1025.17,282.08,8,Aug,3
ORD03059,1558,2023-08-11 16:00:23.044608,Sports,5034.65,2,0,North,Debit Card,0,5,10069.3,3911.73,8,Aug,3
ORD03060,2967,2023-08-11 17:45:14.222844,Clothing,1009.15,3,25,East,UPI,0,4,2270.59,668.51,8,Aug,3
ORD03061,3285,2023-08-11 19:30:05.401080,Electronics,177.56,1,25,West,COD,0,4,133.17,33.58,8,Aug,3
ORD03062,2127,2023-08-11 21:14:56.579315,Books,920.41,1,10,South,Debit Card,0,5,828.37,174.52,8,Aug,3
ORD03063,2233,2023-08-11 22:59:47.757551,Beauty,1791.0,5,10,South,Credit Card,0,5,8059.5,1603.64,8,Aug,3
ORD03064,3601,2023-08-12 00:44:38.935787,Home & Kitchen,9016.41,1,0,North,Debit Card,0,5,9016.41,2836.58,8,Aug,3
ORD03065,3875,2023-08-12 02:29:30.114022,Beauty,587.13,2,10,South,Credit Card,0,3,1056.83,382.66,8,Aug,3
ORD03066,1467,2023-08-12 04:14:21.292258,Sports,1082.59,1,10,West,Credit Card,0,3,974.33,243.3,8,Aug,3
ORD03067,3433,2023-08-12 05:59:12.470494,Electronics,3176.41,5,20,South,Debit Card,0,1,12705.64,3654.96,8,Aug,3
ORD03068,3822,2023-08-12 07:44:03.648729,Home & Kitchen,658.38,4,10,West,Credit Card,0,3,2370.17,774.29,8,Aug,3
ORD03069,1847,2023-08-12 09:28:54.826965,Clothing,173.56,1,15,North,Debit Card,0,3,147.53,24.28,8,Aug,3
ORD03070,3434,2023-08-12 11:13:46.005201,Home & Kitchen,4462.01,1,0,South,Debit Card,0,5,4462.01,1060.73,8,Aug,3
ORD03071,3924,2023-08-12 12:58:37.183436,Clothing,1005.44,2,0,West,Net Banking,0,4,2010.88,668.49,8,Aug,3
ORD03072,1258,2023-08-12 14:43:28.361672,Clothing,1048.1,3,0,East,COD,1,5,3144.3,1009.81,8,Aug,3
ORD03073,1282,2023-08-12 16:28:19.539907,Beauty,1456.12,4,0,West,Credit Card,0,4,5824.48,951.35,8,Aug,3
ORD03074,2649,2023-08-12 18:13:10.718143,Electronics,100.0,3,10,West,Debit Card,0,4,270.0,56.55,8,Aug,3
ORD03075,2898,2023-08-12 19:58:01.896379,Sports,4013.33,5,20,North,Credit Card,0,2,16053.32,5136.89,8,Aug,3
ORD03076,1039,2023-08-12 21:42:53.074614,Electronics,672.84,5,15,West,Debit Card,1,5,2859.57,622.97,8,Aug,3
ORD03077,3533,2023-08-12 23:27:44.252850,Electronics,758.59,3,10,North,Debit Card,0,5,2048.19,724.25,8,Aug,3
ORD03078,3976,2023-08-13 01:12:35.431086,Sports,286.94,2,15,West,Debit Card,0,4,487.8,76.77,8,Aug,3
ORD03079,3267,2023-08-13 02:57:26.609321,Home & Kitchen,712.59,2,5,West,COD,0,4,1353.92,267.52,8,Aug,3
ORD03080,2014,2023-08-13 04:42:17.787557,Home & Kitchen,2444.03,2,5,West,Credit Card,1,3,4643.66,1023.13,8,Aug,3
ORD03081,1612,2023-08-13 06:27:08.965793,Electronics,2414.09,4,5,North,COD,0,5,9173.54,3498.08,8,Aug,3
ORD03082,3975,2023-08-13 08:12:00.144028,Books,4118.55,5,15,West,COD,0,5,17503.84,6110.24,8,Aug,3
ORD03083,2915,2023-08-13 09:56:51.322264,Home & Kitchen,774.33,5,0,North,COD,0,4,3871.65,1436.52,8,Aug,3
ORD03084,1687,2023-08-13 11:41:42.500500,Home & Kitchen,1850.21,5,0,East,COD,0,3,9251.05,2406.38,8,Aug,3
ORD03085,1612,2023-08-13 13:26:33.678735,Books,1061.59,4,10,North,Net Banking,0,3,3821.72,1359.16,8,Aug,3
ORD03086,3307,2023-08-13 15:11:24.856971,Beauty,2444.64,5,25,East,Credit Card,0,2,9167.4,3331.19,8,Aug,3
ORD03087,3413,2023-08-13 16:56:16.035207,Home & Kitchen,1870.02,3,15,North,Credit Card,0,1,4768.55,1192.09,8,Aug,3
ORD03088,2781,2023-08-13 18:41:07.213442,Beauty,688.07,1,20,North,Debit Card,0,3,550.46,219.42,8,Aug,3
ORD03089,2810,2023-08-13 20:25:58.391678,Home & Kitchen,615.73,4,15,West,Credit Card,0,2,2093.48,759.53,8,Aug,3
ORD03090,3591,2023-08-13 22:10:49.569913,Home & Kitchen,436.42,1,10,South,COD,1,4,392.78,154.57,8,Aug,3
ORD03091,3696,2023-08-13 23:55:40.748149,Electronics,1288.86,3,15,South,UPI,1,4,3286.59,1204.94,8,Aug,3
ORD03092,2547,2023-08-14 01:40:31.926385,Clothing,4979.82,2,20,West,Credit Card,0,4,7967.71,2741.3,8,Aug,3
ORD03093,2930,2023-08-14 03:25:23.104620,Sports,334.84,2,0,East,UPI,0,4,669.68,258.47,8,Aug,3
ORD03094,3861,2023-08-14 05:10:14.282856,Electronics,150.15,2,5,West,Net Banking,0,4,285.29,72.74,8,Aug,3
ORD03095,2152,2023-08-14 06:55:05.461092,Electronics,190.73,4,0,South,Debit Card,0,4,762.92,263.84,8,Aug,3
ORD03096,1574,2023-08-14 08:39:56.639327,Clothing,2292.47,2,10,North,Debit Card,0,3,4126.45,838.59,8,Aug,3
ORD03097,2910,2023-08-14 10:24:47.817563,Electronics,646.42,4,25,West,Debit Card,0,5,1939.26,646.16,8,Aug,3
ORD03098,2012,2023-08-14 12:09:38.995799,Beauty,381.11,4,5,East,Net Banking,0,5,1448.22,501.57,8,Aug,3
ORD03099,1669,2023-08-14 13:54:30.174034,Sports,652.75,1,5,West,COD,0,4,620.11,204.1,8,Aug,3
ORD03100,1268,2023-08-14 15:39:21.352270,Books,1554.85,2,25,South,UPI,0,1,2332.27,845.34,8,Aug,3
ORD03101,2283,2023-08-14 17:24:12.530506,Electronics,1187.09,5,10,North,Credit Card,0,5,5341.9,1353.28,8,Aug,3
ORD03102,1923,2023-08-14 19:09:03.708741,Home & Kitchen,2041.46,2,10,South,COD,0,5,3674.63,1051.65,8,Aug,3
ORD03103,2125,2023-08-14 20:53:54.886977,Home & Kitchen,621.17,2,25,South,Debit Card,0,2,931.75,142.25,8,Aug,3
ORD03104,2529,2023-08-14 22:38:46.065213,Beauty,902.3,2,10,South,Debit Card,0,1,1624.14,302.92,8,Aug,3
ORD03105,2758,2023-08-15 00:23:37.243448,Home & Kitchen,161.32,5,15,South,COD,0,5,685.61,213.26,8,Aug,3
ORD03106,2594,2023-08-15 02:08:28.421684,Clothing,113.8,5,0,North,UPI,1,4,569.0,165.34,8,Aug,3
ORD03107,1246,2023-08-15 03:53:19.599919,Books,930.56,4,0,South,COD,0,5,3722.24,741.97,8,Aug,3
ORD03108,2560,2023-08-15 05:38:10.778155,Beauty,538.44,5,10,East,Net Banking,0,3,2422.98,510.92,8,Aug,3
ORD03109,3178,2023-08-15 07:23:01.956391,Home & Kitchen,1423.22,4,10,East,Debit Card,0,5,5123.59,1209.27,8,Aug,3
ORD03110,3400,2023-08-15 09:07:53.134626,Home & Kitchen,100.0,1,30,South,UPI,0,2,70.0,23.04,8,Aug,3
ORD03111,3243,2023-08-15 10:52:44.312862,Electronics,194.76,4,30,East,Credit Card,0,3,545.33,164.92,8,Aug,3
ORD03112,2939,2023-08-15 12:37:35.491098,Home & Kitchen,3005.84,2,25,South,Debit Card,0,5,4508.76,754.73,8,Aug,3
ORD03113,1929,2023-08-15 14:22:26.669333,Sports,1253.14,3,5,North,COD,1,3,3571.45,1214.24,8,Aug,3
ORD03114,3692,2023-08-15 16:07:17.847569,Clothing,1867.48,3,30,North,UPI,0,3,3921.71,845.78,8,Aug,3
ORD03115,1226,2023-08-15 17:52:09.025805,Books,2767.48,2,15,East,Debit Card,0,5,4704.72,1495.82,8,Aug,3
ORD03116,3748,2023-08-15 19:37:00.204040,Clothing,934.97,4,5,East,Credit Card,0,2,3552.89,642.51,8,Aug,3
ORD03117,1264,2023-08-15 21:21:51.382276,Clothing,2147.32,2,15,South,Credit Card,0,2,3650.44,1458.28,8,Aug,3
ORD03118,2395,2023-08-15 23:06:42.560512,Electronics,1115.35,5,0,West,COD,0,4,5576.75,948.51,8,Aug,3
ORD03119,2457,2023-08-16 00:51:33.738747,Clothing,377.99,4,0,South,Net Banking,0,4,1511.96,507.16,8,Aug,3
ORD03120,1645,2023-08-16 02:36:24.916983,Home & Kitchen,617.96,2,20,South,COD,0,5,988.74,282.12,8,Aug,3
ORD03121,3258,2023-08-16 04:21:16.095219,Electronics,1011.05,5,15,North,UPI,0,5,4296.96,736.86,8,Aug,3
ORD03122,2418,2023-08-16 06:06:07.273454,Clothing,571.64,5,5,West,COD,0,4,2715.29,425.49,8,Aug,3
ORD03123,2473,2023-08-16 07:50:58.451690,Sports,613.14,4,10,West,UPI,0,4,2207.3,531.22,8,Aug,3
ORD03124,3990,2023-08-16 09:35:49.629925,Home & Kitchen,617.36,1,25,South,Net Banking,0,4,463.02,162.31,8,Aug,3
ORD03125,2387,2023-08-16 11:20:40.808161,Home & Kitchen,196.6,1,15,North,COD,0,5,167.11,26.79,8,Aug,3
ORD03126,2899,2023-08-16 13:05:31.986397,Clothing,132.66,5,5,East,Credit Card,0,5,630.13,205.49,8,Aug,3
ORD03127,3504,2023-08-16 14:50:23.164632,Home & Kitchen,100.0,1,0,North,UPI,0,5,100.0,31.38,8,Aug,3
ORD03128,3772,2023-08-16 16:35:14.342868,Electronics,176.41,5,0,East,UPI,0,5,882.05,190.86,8,Aug,3
ORD03129,2249,2023-08-16 18:20:05.521104,Sports,631.72,1,30,North,Credit Card,0,4,442.2,74.9,8,Aug,3
ORD03130,1981,2023-08-16 20:04:56.699339,Electronics,1351.63,5,10,West,COD,0,4,6082.34,2304.18,8,Aug,3
ORD03131,2154,2023-08-16 21:49:47.877575,Home & Kitchen,312.65,5,10,North,Net Banking,0,4,1406.92,316.68,8,Aug,3
ORD03132,1587,2023-08-16 23:34:39.055811,Clothing,3284.0,5,10,South,Debit Card,0,3,14778.0,2628.21,8,Aug,3
ORD03133,1475,2023-08-17 01:19:30.234046,Home & Kitchen,2478.38,5,25,East,COD,0,2,9293.93,2977.58,8,Aug,3
ORD03134,2821,2023-08-17 03:04:21.412282,Books,1102.6,3,15,North,COD,0,5,2811.63,574.05,8,Aug,3
ORD03135,1985,2023-08-17 04:49:12.590518,Books,1932.17,1,15,North,UPI,0,4,1642.34,441.64,8,Aug,3
ORD03136,3203,2023-08-17 06:34:03.768753,Electronics,684.34,5,5,East,UPI,0,4,3250.62,528.56,8,Aug,3
ORD03137,2241,2023-08-17 08:18:54.946989,Home & Kitchen,100.0,2,0,North,Net Banking,1,4,200.0,79.65,8,Aug,3
ORD03138,1189,2023-08-17 10:03:46.125225,Beauty,3520.32,4,25,East,Net Banking,0,5,10560.96,2765.97,8,Aug,3
ORD03139,2440,2023-08-17 11:48:37.303460,Sports,205.09,2,25,West,Net Banking,0,3,307.64,122.99,8,Aug,3
ORD03140,1980,2023-08-17 13:33:28.481696,Electronics,4432.96,2,25,East,Credit Card,0,4,6649.44,1638.55,8,Aug,3
ORD03141,2698,2023-08-17 15:18:19.659931,Clothing,1272.54,3,25,East,Debit Card,0,4,2863.22,678.48,8,Aug,3
ORD03142,2715,2023-08-17 17:03:10.838167,Beauty,546.98,1,20,West,Debit Card,0,5,437.58,165.69,8,Aug,3
ORD03143,3593,2023-08-17 18:48:02.016403,Books,1026.35,3,15,North,Net Banking,0,4,2617.19,608.15,8,Aug,3
ORD03144,1040,2023-08-17 20:32:53.194638,Home & Kitchen,1044.62,1,20,North,UPI,0,5,835.7,215.61,8,Aug,3
ORD03145,3354,2023-08-17 22:17:44.372874,Beauty,100.0,5,15,West,Debit Card,1,4,425.0,72.05,8,Aug,3
ORD03146,1942,2023-08-18 00:02:35.551110,Sports,658.83,3,0,South,COD,0,5,1976.49,768.59,8,Aug,3
ORD03147,1337,2023-08-18 01:47:26.729345,Books,2019.84,4,5,East,Credit Card,0,5,7675.39,1314.7,8,Aug,3
ORD03148,2337,2023-08-18 03:32:17.907581,Clothing,1070.24,1,30,North,UPI,0,4,749.17,256.81,8,Aug,3
ORD03149,2098,2023-08-18 05:17:09.085817,Clothing,420.03,3,5,North,Credit Card,0,4,1197.09,340.76,8,Aug,3
ORD03150,3326,2023-08-18 07:02:00.264052,Home & Kitchen,612.2,4,25,East,COD,0,4,1836.6,303.68,8,Aug,3
ORD03151,1895,2023-08-18 08:46:51.442288,Clothing,2982.26,2,0,East,Debit Card,0,5,5964.52,897.22,8,Aug,3
ORD03152,3320,2023-08-18 10:31:42.620524,Electronics,1118.4,5,5,East,Credit Card,1,4,5312.4,2039.37,8,Aug,3
ORD03153,3884,2023-08-18 12:16:33.798759,Clothing,1127.28,5,5,South,Credit Card,0,4,5354.58,1796.69,8,Aug,3
ORD03154,3667,2023-08-18 14:01:24.976995,Electronics,4884.38,2,0,West,Credit Card,1,4,9768.76,3141.72,8,Aug,3
ORD03155,2674,2023-08-18 15:46:16.155231,Home & Kitchen,580.44,3,0,South,COD,0,5,1741.32,452.11,8,Aug,3
ORD03156,3909,2023-08-18 17:31:07.333466,Home & Kitchen,979.57,2,0,South,UPI,0,1,1959.14,410.74,8,Aug,3
ORD03157,1930,2023-08-18 19:15:58.511702,Books,2504.69,4,20,East,UPI,0,2,8015.01,2564.53,8,Aug,3
ORD03158,1288,2023-08-18 21:00:49.689937,Clothing,2133.89,1,0,West,COD,0,2,2133.89,644.6,8,Aug,3
ORD03159,1723,2023-08-18 22:45:40.868173,Beauty,463.46,3,0,North,Credit Card,0,3,1390.38,461.03,8,Aug,3
ORD03160,3940,2023-08-19 00:30:32.046409,Electronics,245.71,1,0,East,Credit Card,0,4,245.71,59.33,8,Aug,3
ORD03161,3319,2023-08-19 02:15:23.224644,Sports,1809.49,2,15,West,Net Banking,0,5,3076.13,1220.4,8,Aug,3
ORD03162,2953,2023-08-19 04:00:14.402880,Beauty,446.91,5,15,North,Debit Card,0,4,1899.37,316.72,8,Aug,3
ORD03163,2089,2023-08-19 05:45:05.581116,Clothing,3839.62,1,15,South,Debit Card,1,1,3263.68,554.58,8,Aug,3
ORD03164,1482,2023-08-19 07:29:56.759351,Home & Kitchen,207.6,1,5,West,UPI,0,4,197.22,74.79,8,Aug,3
ORD03165,1935,2023-08-19 09:14:47.937587,Beauty,574.78,5,0,South,COD,0,5,2873.9,896.45,8,Aug,3
ORD03166,3295,2023-08-19 10:59:39.115823,Electronics,100.0,1,15,South,Credit Card,0,4,85.0,19.68,8,Aug,3
ORD03167,1155,2023-08-19 12:44:30.294058,Books,1822.58,1,20,West,Debit Card,0,5,1458.06,496.45,8,Aug,3
ORD03168,2070,2023-08-19 14:29:21.472294,Books,3328.23,5,0,North,COD,0,2,16641.15,4379.84,8,Aug,3
ORD03169,2958,2023-08-19 16:14:12.650530,Clothing,1515.39,5,10,West,COD,0,3,6819.26,1058.9,8,Aug,3
ORD03170,3501,2023-08-19 17:59:03.828765,Sports,4164.97,2,0,North,Credit Card,0,5,8329.94,2605.4,8,Aug,3
ORD03171,3248,2023-08-19 19:43:55.007001,Sports,206.32,2,0,East,COD,0,4,412.64,86.98,8,Aug,3
ORD03172,2683,2023-08-19 21:28:46.185237,Sports,137.74,1,15,East,Debit Card,0,5,117.08,20.94,8,Aug,3
ORD03173,1123,2023-08-19 23:13:37.363472,Electronics,2734.06,3,10,East,Net Banking,0,5,7381.96,1523.03,8,Aug,3
ORD03174,3048,2023-08-20 00:58:28.541708,Electronics,2901.83,2,0,South,Debit Card,0,3,5803.66,1561.41,8,Aug,3
ORD03175,1967,2023-08-20 02:43:19.719943,Home & Kitchen,2667.14,2,5,East,Net Banking,0,4,5067.57,823.3,8,Aug,3
ORD03176,1854,2023-08-20 04:28:10.898179,Electronics,2406.41,3,30,South,COD,0,4,5053.46,1873.76,8,Aug,3
ORD03177,1639,2023-08-20 06:13:02.076415,Home & Kitchen,674.66,3,20,North,Debit Card,0,5,1619.18,469.53,8,Aug,3
ORD03178,3238,2023-08-20 07:57:53.254650,Books,367.82,5,25,West,Credit Card,0,4,1379.32,307.93,8,Aug,3
ORD03179,2602,2023-08-20 09:42:44.432886,Home & Kitchen,3963.48,2,10,West,COD,0,2,7134.26,2295.46,8,Aug,3
ORD03180,3563,2023-08-20 11:27:35.611122,Home & Kitchen,550.09,4,15,South,Credit Card,0,4,1870.31,656.59,8,Aug,3
ORD03181,1441,2023-08-20 13:12:26.789357,Clothing,762.26,4,5,South,Net Banking,0,5,2896.59,879.06,8,Aug,3
ORD03182,2944,2023-08-20 14:57:17.967593,Electronics,1803.76,1,0,South,UPI,0,1,1803.76,361.88,8,Aug,3
ORD03183,2838,2023-08-20 16:42:09.145829,Clothing,520.84,2,10,North,UPI,0,3,937.51,166.48,8,Aug,3
ORD03184,2829,2023-08-20 18:27:00.324064,Books,2564.97,4,10,North,Net Banking,0,4,9233.89,3370.14,8,Aug,3
ORD03185,3190,2023-08-20 20:11:51.502300,Home & Kitchen,108.91,2,0,East,UPI,0,5,217.82,45.45,8,Aug,3
ORD03186,1532,2023-08-20 21:56:42.680536,Sports,2349.44,2,20,East,COD,1,4,3759.1,582.74,8,Aug,3
ORD03187,3274,2023-08-20 23:41:33.858771,Sports,1381.39,4,0,West,COD,0,3,5525.56,1716.93,8,Aug,3
ORD03188,2336,2023-08-21 01:26:25.037007,Beauty,1276.43,2,5,East,Debit Card,0,4,2425.22,456.48,8,Aug,3
ORD03189,1948,2023-08-21 03:11:16.215243,Clothing,919.78,3,0,North,COD,0,1,2759.34,1097.51,8,Aug,3
ORD03190,3019,2023-08-21 04:56:07.393478,Electronics,486.61,1,10,North,UPI,0,3,437.95,160.92,8,Aug,3
ORD03191,1459,2023-08-21 06:40:58.571714,Clothing,935.63,5,0,North,Credit Card,0,4,4678.15,1413.32,8,Aug,3
ORD03192,1550,2023-08-21 08:25:49.749949,Home & Kitchen,896.83,4,0,North,Debit Card,0,4,3587.32,1285.93,8,Aug,3
ORD03193,1392,2023-08-21 10:10:40.928185,Clothing,1314.72,5,10,West,Credit Card,0,4,5916.24,1583.39,8,Aug,3
ORD03194,2787,2023-08-21 11:55:32.106421,Sports,496.04,1,10,West,UPI,0,2,446.44,154.97,8,Aug,3
ORD03195,1844,2023-08-21 13:40:23.284656,Books,121.16,3,10,North,Credit Card,0,4,327.13,101.94,8,Aug,3
ORD03196,3257,2023-08-21 15:25:14.462892,Beauty,235.14,3,0,South,UPI,0,5,705.42,110.86,8,Aug,3
ORD03197,2138,2023-08-21 17:10:05.641128,Beauty,1801.85,3,10,East,COD,0,4,4865.0,1883.68,8,Aug,3
ORD03198,1645,2023-08-21 18:54:56.819363,Electronics,100.0,3,10,West,Debit Card,0,4,270.0,98.61,8,Aug,3
ORD03199,3266,2023-08-21 20:39:47.997599,Books,2911.54,4,5,South,Net Banking,1,3,11063.85,4296.67,8,Aug,3
ORD03200,3454,2023-08-21 22:24:39.175835,Home & Kitchen,1778.2,4,20,East,UPI,0,2,5690.24,1893.95,8,Aug,3
ORD03201,2466,2023-08-22 00:09:30.354070,Clothing,2192.09,2,10,South,COD,1,5,3945.76,998.34,8,Aug,3
ORD03202,2377,2023-08-22 01:54:21.532306,Clothing,2711.69,2,5,North,Credit Card,0,4,5152.21,1039.44,8,Aug,3
ORD03203,3935,2023-08-22 03:39:12.710542,Home & Kitchen,196.38,1,25,East,COD,0,4,147.28,28.72,8,Aug,3
ORD03204,3605,2023-08-22 05:24:03.888777,Electronics,2592.76,2,20,South,Credit Card,0,5,4148.42,772.56,8,Aug,3
ORD03205,3597,2023-08-22 07:08:55.067013,Home & Kitchen,1053.71,1,30,West,Credit Card,1,5,737.6,151.32,8,Aug,3
ORD03206,1141,2023-08-22 08:53:46.245249,Home & Kitchen,3251.08,1,15,West,Credit Card,0,5,2763.42,794.92,8,Aug,3
ORD03207,3659,2023-08-22 10:38:37.423484,Electronics,3265.07,1,5,West,Credit Card,0,4,3101.82,995.49,8,Aug,3
ORD03208,1500,2023-08-22 12:23:28.601720,Books,100.0,3,0,East,Debit Card,0,2,300.0,68.55,8,Aug,3
ORD03209,1839,2023-08-22 14:08:19.779955,Clothing,724.0,5,15,North,Credit Card,0,5,3077.0,883.67,8,Aug,3
ORD03210,3749,2023-08-22 15:53:10.958191,Home & Kitchen,1121.08,5,30,North,Debit Card,0,5,3923.78,923.32,8,Aug,3
ORD03211,2682,2023-08-22 17:38:02.136427,Electronics,1701.48,4,15,East,Net Banking,0,3,5785.03,1875.09,8,Aug,3
ORD03212,2565,2023-08-22 19:22:53.314662,Sports,505.7,1,25,East,Debit Card,0,5,379.28,150.62,8,Aug,3
ORD03213,3046,2023-08-22 21:07:44.492898,Clothing,435.81,3,5,North,Credit Card,0,4,1242.06,400.26,8,Aug,3
ORD03214,2530,2023-08-22 22:52:35.671134,Electronics,720.12,2,10,West,Net Banking,1,4,1296.22,213.56,8,Aug,3
ORD03215,1595,2023-08-23 00:37:26.849369,Clothing,1042.54,2,25,North,COD,0,3,1563.81,421.15,8,Aug,3
ORD03216,2904,2023-08-23 02:22:18.027605,Clothing,4528.39,4,20,North,Debit Card,0,4,14490.85,4964.52,8,Aug,3
ORD03217,1280,2023-08-23 04:07:09.205841,Clothing,2153.91,4,30,South,COD,1,2,6030.95,1722.2,8,Aug,3
ORD03218,1423,2023-08-23 05:52:00.384076,Home & Kitchen,841.39,1,20,West,Net Banking,0,4,673.11,261.01,8,Aug,3
ORD03219,3903,2023-08-23 07:36:51.562312,Books,100.0,1,10,East,Debit Card,0,3,90.0,14.73,8,Aug,3
ORD03220,1269,2023-08-23 09:21:42.740548,Electronics,276.82,2,10,North,Credit Card,0,4,498.28,111.01,8,Aug,3
ORD03221,1153,2023-08-23 11:06:33.918783,Electronics,913.0,2,25,West,Debit Card,0,4,1369.5,280.99,8,Aug,3
ORD03222,3661,2023-08-23 12:51:25.097019,Home & Kitchen,2521.61,2,10,East,Credit Card,0,5,4538.9,1551.88,8,Aug,3
ORD03223,2750,2023-08-23 14:36:16.275255,Home & Kitchen,718.74,2,0,South,UPI,0,3,1437.48,403.86,8,Aug,3
ORD03224,1661,2023-08-23 16:21:07.453490,Clothing,1159.9,5,10,South,Debit Card,0,5,5219.55,963.46,8,Aug,3
ORD03225,2967,2023-08-23 18:05:58.631726,Sports,3335.73,1,10,West,Debit Card,0,4,3002.16,664.67,8,Aug,3
ORD03226,1082,2023-08-23 19:50:49.809961,Clothing,3676.56,1,0,North,COD,0,5,3676.56,1031.88,8,Aug,3
ORD03227,3994,2023-08-23 21:35:40.988197,Sports,364.59,2,15,East,COD,0,4,619.8,247.32,8,Aug,3
ORD03228,3946,2023-08-23 23:20:32.166433,Clothing,100.0,3,0,West,Net Banking,0,5,300.0,72.32,8,Aug,3
ORD03229,2449,2023-08-24 01:05:23.344668,Electronics,546.65,2,10,South,Credit Card,0,4,983.97,186.17,8,Aug,3
ORD03230,2298,2023-08-24 02:50:14.522904,Beauty,1785.12,4,20,East,COD,0,4,5712.38,1566.72,8,Aug,3
ORD03231,3331,2023-08-24 04:35:05.701140,Clothing,4527.34,3,10,East,Net Banking,0,4,12223.82,2781.49,8,Aug,3
ORD03232,1979,2023-08-24 06:19:56.879375,Sports,120.24,4,20,North,Credit Card,0,5,384.77,112.16,8,Aug,3
ORD03233,3220,2023-08-24 08:04:48.057611,Clothing,100.0,3,5,South,Credit Card,0,5,285.0,76.0,8,Aug,3
ORD03234,3810,2023-08-24 09:49:39.235847,Home & Kitchen,3233.15,4,30,South,Credit Card,0,4,9052.82,2918.38,8,Aug,3
ORD03235,2659,2023-08-24 11:34:30.414082,Sports,2068.35,2,0,South,UPI,0,3,4136.7,1566.04,8,Aug,3
ORD03236,2398,2023-08-24 13:19:21.592318,Electronics,7289.82,2,0,East,Credit Card,0,5,14579.64,2917.8,8,Aug,3
ORD03237,1632,2023-08-24 15:04:12.770554,Sports,758.24,3,25,South,Net Banking,0,5,1706.04,606.15,8,Aug,3
ORD03238,2531,2023-08-24 16:49:03.948789,Home & Kitchen,806.91,4,20,West,Credit Card,0,3,2582.11,1000.09,8,Aug,3
ORD03239,1786,2023-08-24 18:33:55.127025,Home & Kitchen,283.68,5,0,South,Credit Card,0,5,1418.4,345.24,8,Aug,3
ORD03240,3990,2023-08-24 20:18:46.305261,Books,184.69,3,30,East,Net Banking,0,2,387.85,69.2,8,Aug,3
ORD03241,1397,2023-08-24 22:03:37.483496,Sports,1296.68,3,10,South,Debit Card,0,5,3501.04,1244.54,8,Aug,3
ORD03242,2143,2023-08-24 23:48:28.661732,Electronics,679.51,1,30,South,Credit Card,1,5,475.66,154.72,8,Aug,3
ORD03243,1933,2023-08-25 01:33:19.839967,Clothing,125.59,3,10,East,Net Banking,0,4,339.09,68.9,8,Aug,3
ORD03244,2460,2023-08-25 03:18:11.018203,Sports,3270.38,5,10,South,COD,0,4,14716.71,3845.56,8,Aug,3
ORD03245,2852,2023-08-25 05:03:02.196439,Sports,331.64,2,10,North,Net Banking,1,4,596.95,175.8,8,Aug,3
ORD03246,3723,2023-08-25 06:47:53.374674,Electronics,2070.97,4,5,East,UPI,0,4,7869.69,1514.63,8,Aug,3
ORD03247,3983,2023-08-25 08:32:44.552910,Books,497.41,1,10,South,COD,0,5,447.67,147.16,8,Aug,3
ORD03248,3512,2023-08-25 10:17:35.731146,Books,2514.21,4,10,North,Debit Card,0,5,9051.16,2918.73,8,Aug,3
ORD03249,1285,2023-08-25 12:02:26.909381,Clothing,189.02,2,0,West,Debit Card,0,4,378.04,140.55,8,Aug,3
ORD03250,1264,2023-08-25 13:47:18.087617,Clothing,2116.32,3,0,East,Net Banking,0,5,6348.96,1852.74,8,Aug,3
ORD03251,3367,2023-08-25 15:32:09.265853,Home & Kitchen,154.91,5,0,South,Net Banking,0,4,774.55,227.39,8,Aug,3
ORD03252,3720,2023-08-25 17:17:00.444088,Electronics,888.37,1,25,East,Credit Card,0,5,666.28,203.11,8,Aug,3
ORD03253,3867,2023-08-25 19:01:51.622324,Sports,1986.41,5,10,North,Credit Card,0,5,8938.85,1952.65,8,Aug,3
ORD03254,3136,2023-08-25 20:46:42.800560,Sports,285.32,5,20,East,UPI,0,5,1141.28,387.64,8,Aug,3
ORD03255,2677,2023-08-25 22:31:33.978795,Clothing,504.6,5,30,West,Credit Card,0,2,1766.1,557.42,8,Aug,3
ORD03256,2226,2023-08-26 00:16:25.157031,Clothing,3001.13,5,15,South,Net Banking,0,4,12754.8,4589.0,8,Aug,3
ORD03257,1820,2023-08-26 02:01:16.335267,Clothing,3245.79,2,30,West,Net Banking,0,4,4544.11,1554.75,8,Aug,3
ORD03258,2762,2023-08-26 03:46:07.513502,Books,100.0,5,5,North,Credit Card,0,4,475.0,147.08,8,Aug,3
ORD03259,3381,2023-08-26 05:30:58.691738,Home & Kitchen,276.05,5,0,East,UPI,0,4,1380.25,262.56,8,Aug,3
ORD03260,3269,2023-08-26 07:15:49.869973,Clothing,187.45,2,10,South,Net Banking,0,5,337.41,128.14,8,Aug,3
ORD03261,1040,2023-08-26 09:00:41.048209,Home & Kitchen,297.12,4,10,South,UPI,0,4,1069.63,258.64,8,Aug,3
ORD03262,2731,2023-08-26 10:45:32.226445,Clothing,5269.25,2,25,North,Net Banking,0,4,7903.88,3091.01,8,Aug,3
ORD03263,1067,2023-08-26 12:30:23.404680,Clothing,1203.29,3,10,North,UPI,0,3,3248.88,813.74,8,Aug,3
ORD03264,1987,2023-08-26 14:15:14.582916,Electronics,946.98,2,0,East,UPI,0,3,1893.96,353.19,8,Aug,3
ORD03265,2799,2023-08-26 16:00:05.761152,Electronics,6247.22,4,15,South,UPI,0,4,21240.55,7884.7,8,Aug,3
ORD03266,3561,2023-08-26 17:44:56.939387,Electronics,1221.13,3,10,North,Credit Card,0,2,3297.05,1149.89,8,Aug,3
ORD03267,2621,2023-08-26 19:29:48.117623,Clothing,1623.15,3,0,South,Debit Card,0,3,4869.45,1687.62,8,Aug,3
ORD03268,2655,2023-08-26 21:14:39.295859,Sports,606.93,1,10,East,UPI,0,4,546.24,94.15,8,Aug,3
ORD03269,2278,2023-08-26 22:59:30.474094,Sports,722.18,5,25,West,UPI,0,1,2708.18,1001.54,8,Aug,3
ORD03270,1694,2023-08-27 00:44:21.652330,Clothing,1353.62,3,20,North,Net Banking,0,2,3248.69,971.68,8,Aug,3
ORD03271,3524,2023-08-27 02:29:12.830566,Electronics,108.51,3,10,East,Debit Card,1,5,292.98,78.4,8,Aug,3
ORD03272,2085,2023-08-27 04:14:04.008801,Electronics,443.34,4,5,West,Net Banking,0,5,1684.69,637.31,8,Aug,3
ORD03273,3928,2023-08-27 05:58:55.187037,Clothing,328.75,3,0,East,Net Banking,0,4,986.25,312.16,8,Aug,3
ORD03274,3479,2023-08-27 07:43:46.365273,Books,100.0,4,10,North,UPI,0,4,360.0,65.97,8,Aug,3
ORD03275,2693,2023-08-27 09:28:37.543508,Clothing,1154.72,5,20,East,COD,0,5,4618.88,1292.75,8,Aug,3
ORD03276,3315,2023-08-27 11:13:28.721744,Electronics,1235.06,1,5,South,Debit Card,0,1,1173.31,362.73,8,Aug,3
ORD03277,2058,2023-08-27 12:58:19.899979,Electronics,726.61,1,0,North,Net Banking,0,4,726.61,272.22,8,Aug,3
ORD03278,1778,2023-08-27 14:43:11.078215,Electronics,469.45,5,25,South,COD,0,4,1760.44,387.25,8,Aug,3
ORD03279,1493,2023-08-27 16:28:02.256451,Electronics,1583.59,5,20,East,COD,0,5,6334.36,2207.89,8,Aug,3
ORD03280,2585,2023-08-27 18:12:53.434686,Home & Kitchen,216.95,2,15,North,Net Banking,0,5,368.82,129.07,8,Aug,3
ORD03281,2492,2023-08-27 19:57:44.612922,Electronics,1096.63,3,0,South,UPI,1,4,3289.89,598.8,8,Aug,3
ORD03282,2790,2023-08-27 21:42:35.791158,Books,2192.01,3,0,South,Credit Card,0,4,6576.03,1014.74,8,Aug,3
ORD03283,1660,2023-08-27 23:27:26.969393,Home & Kitchen,269.22,3,0,South,Net Banking,0,4,807.66,238.54,8,Aug,3
ORD03284,2348,2023-08-28 01:12:18.147629,Sports,2099.13,4,15,West,UPI,0,5,7137.04,2479.19,8,Aug,3
ORD03285,2327,2023-08-28 02:57:09.325865,Sports,2145.65,2,0,South,Debit Card,0,5,4291.3,1238.5,8,Aug,3
ORD03286,2299,2023-08-28 04:42:00.504100,Home & Kitchen,100.0,3,20,South,UPI,0,4,240.0,84.8,8,Aug,3
ORD03287,2986,2023-08-28 06:26:51.682336,Electronics,100.0,4,30,East,COD,0,5,280.0,85.56,8,Aug,3
ORD03288,3044,2023-08-28 08:11:42.860572,Home & Kitchen,5470.77,4,5,East,Debit Card,1,2,20788.93,6513.65,8,Aug,3
ORD03289,2928,2023-08-28 09:56:34.038807,Sports,322.36,1,10,East,Debit Card,0,4,290.12,45.56,8,Aug,3
ORD03290,2347,2023-08-28 11:41:25.217043,Electronics,2590.13,4,15,East,Credit Card,0,1,8806.44,1516.02,8,Aug,3
ORD03291,2058,2023-08-28 13:26:16.395279,Books,1237.79,5,25,West,Credit Card,0,3,4641.71,1537.6,8,Aug,3
ORD03292,1976,2023-08-28 15:11:07.573514,Sports,460.75,4,25,East,Net Banking,0,4,1382.25,470.95,8,Aug,3
ORD03293,1481,2023-08-28 16:55:58.751750,Books,208.84,5,0,East,UPI,0,5,1044.2,298.17,8,Aug,3
ORD03294,1727,2023-08-28 18:40:49.929985,Electronics,1029.79,5,0,East,Net Banking,0,4,5148.95,1532.03,8,Aug,3
ORD03295,3527,2023-08-28 20:25:41.108221,Electronics,784.74,1,20,South,Credit Card,0,4,627.79,190.59,8,Aug,3
ORD03296,2031,2023-08-28 22:10:32.286457,Clothing,1800.4,1,15,West,COD,0,2,1530.34,269.72,8,Aug,3
ORD03297,1342,2023-08-28 23:55:23.464692,Electronics,3517.75,4,0,East,Credit Card,0,4,14071.0,4460.19,8,Aug,3
ORD03298,2447,2023-08-29 01:40:14.642928,Home & Kitchen,2454.04,1,10,South,UPI,0,4,2208.64,595.49,8,Aug,3
ORD03299,3379,2023-08-29 03:25:05.821164,Home & Kitchen,481.24,1,20,North,COD,0,4,384.99,115.74,8,Aug,3
ORD03300,3485,2023-08-29 05:09:56.999399,Electronics,3167.12,3,0,West,Net Banking,0,4,9501.36,2762.86,8,Aug,3
ORD03301,3221,2023-08-29 06:54:48.177635,Sports,2688.16,4,25,East,Net Banking,1,4,8064.48,2747.97,8,Aug,3
ORD03302,3606,2023-08-29 08:39:39.355871,Clothing,3970.49,4,0,South,Credit Card,0,4,15881.96,3647.17,8,Aug,3
ORD03303,1526,2023-08-29 10:24:30.534106,Electronics,920.56,4,20,North,Credit Card,0,4,2945.79,716.95,8,Aug,3
ORD03304,2896,2023-08-29 12:09:21.712342,Sports,2195.25,1,15,North,Net Banking,0,3,1865.96,462.57,8,Aug,3
ORD03305,1658,2023-08-29 13:54:12.890578,Sports,1343.48,1,5,South,Net Banking,0,4,1276.31,434.73,8,Aug,3
ORD03306,3073,2023-08-29 15:39:04.068813,Home & Kitchen,557.69,5,15,South,Debit Card,1,4,2370.18,610.98,8,Aug,3
ORD03307,1819,2023-08-29 17:23:55.247049,Sports,7785.81,2,20,West,UPI,0,5,12457.3,2420.06,8,Aug,3
ORD03308,3652,2023-08-29 19:08:46.425285,Home & Kitchen,100.0,2,25,South,Debit Card,0,5,150.0,59.36,8,Aug,3
ORD03309,1405,2023-08-29 20:53:37.603520,Sports,265.59,2,5,East,Debit Card,0,5,504.62,137.94,8,Aug,3
ORD03310,3279,2023-08-29 22:38:28.781756,Clothing,3345.99,3,15,North,Net Banking,0,4,8532.27,1512.87,8,Aug,3
ORD03311,3580,2023-08-30 00:23:19.959991,Home & Kitchen,100.0,1,15,East,UPI,0,4,85.0,26.99,8,Aug,3
ORD03312,2573,2023-08-30 02:08:11.138227,Beauty,3268.17,5,10,East,Net Banking,1,5,14706.77,4923.69,8,Aug,3
ORD03313,2811,2023-08-30 03:53:02.316463,Home & Kitchen,1884.07,5,25,East,Debit Card,0,4,7065.26,1943.34,8,Aug,3
ORD03314,1504,2023-08-30 05:37:53.494698,Electronics,100.0,2,0,North,Debit Card,0,3,200.0,62.32,8,Aug,3
ORD03315,1178,2023-08-30 07:22:44.672934,Books,841.39,3,0,North,Net Banking,0,5,2524.17,487.59,8,Aug,3
ORD03316,1131,2023-08-30 09:07:35.851170,Home & Kitchen,2106.51,3,10,North,Credit Card,0,3,5687.58,1376.28,8,Aug,3
ORD03317,2846,2023-08-30 10:52:27.029405,Electronics,1312.36,2,0,South,Credit Card,0,3,2624.72,499.9,8,Aug,3
ORD03318,2478,2023-08-30 12:37:18.207641,Beauty,4120.29,2,25,East,Net Banking,0,5,6180.44,1525.39,8,Aug,3
ORD03319,3395,2023-08-30 14:22:09.385877,Electronics,3033.39,1,15,West,COD,0,5,2578.38,749.54,8,Aug,3
ORD03320,3587,2023-08-30 16:07:00.564112,Electronics,606.66,3,10,South,COD,0,5,1637.98,426.91,8,Aug,3
ORD03321,1771,2023-08-30 17:51:51.742348,Beauty,132.64,5,20,South,Credit Card,0,3,530.56,158.27,8,Aug,3
ORD03322,2429,2023-08-30 19:36:42.920584,Books,4330.51,2,10,West,UPI,0,5,7794.92,2147.03,8,Aug,3
ORD03323,3123,2023-08-30 21:21:34.098819,Electronics,1092.5,1,10,East,Debit Card,0,5,983.25,225.61,8,Aug,3
ORD03324,1578,2023-08-30 23:06:25.277055,Home & Kitchen,115.97,5,0,West,UPI,0,5,579.85,107.77,8,Aug,3
ORD03325,3901,2023-08-31 00:51:16.455291,Home & Kitchen,2543.93,3,5,North,Credit Card,0,5,7250.2,1545.51,8,Aug,3
ORD03326,2515,2023-08-31 02:36:07.633526,Electronics,3043.2,2,0,East,Net Banking,0,4,6086.4,1218.37,8,Aug,3
ORD03327,1193,2023-08-31 04:20:58.811762,Beauty,1530.08,2,15,South,COD,0,2,2601.14,850.2,8,Aug,3
ORD03328,3007,2023-08-31 06:05:49.989998,Books,889.98,1,10,North,Credit Card,0,5,800.98,284.34,8,Aug,3
ORD03329,2185,2023-08-31 07:50:41.168233,Home & Kitchen,1627.83,1,5,North,UPI,0,4,1546.44,510.48,8,Aug,3
ORD03330,3394,2023-08-31 09:35:32.346469,Books,1839.76,3,10,South,UPI,0,4,4967.35,1544.52,8,Aug,3
ORD03331,3998,2023-08-31 11:20:23.524704,Home & Kitchen,3352.81,2,0,West,Credit Card,0,5,6705.62,1521.93,8,Aug,3
ORD03332,2384,2023-08-31 13:05:14.702940,Clothing,4680.64,1,25,North,Debit Card,1,4,3510.48,1150.55,8,Aug,3
ORD03333,2792,2023-08-31 14:50:05.881176,Clothing,1083.31,2,0,North,UPI,0,4,2166.62,652.74,8,Aug,3
ORD03334,2110,2023-08-31 16:34:57.059411,Books,2402.91,3,25,East,Debit Card,1,4,5406.55,874.37,8,Aug,3
ORD03335,3261,2023-08-31 18:19:48.237647,Sports,5007.74,2,10,East,Debit Card,0,2,9013.93,3397.38,8,Aug,3
ORD03336,2936,2023-08-31 20:04:39.415883,Electronics,245.97,5,15,South,Net Banking,0,3,1045.37,177.7,8,Aug,3
ORD03337,3620,2023-08-31 21:49:30.594118,Home & Kitchen,100.0,2,5,South,Credit Card,0,5,190.0,52.38,8,Aug,3
ORD03338,1779,2023-08-31 23:34:21.772354,Sports,3048.42,4,30,South,Credit Card,0,3,8535.58,2375.17,8,Aug,3
ORD03339,1261,2023-09-01 01:19:12.950590,Electronics,325.88,4,0,West,Debit Card,1,1,1303.52,468.29,9,Sep,3
ORD03340,1729,2023-09-01 03:04:04.128825,Electronics,100.0,3,10,North,Net Banking,0,5,270.0,102.13,9,Sep,3
ORD03341,1282,2023-09-01 04:48:55.307061,Clothing,261.7,3,30,South,UPI,0,3,549.57,211.54,9,Sep,3
ORD03342,2490,2023-09-01 06:33:46.485297,Home & Kitchen,727.04,3,25,East,UPI,0,4,1635.84,478.35,9,Sep,3
ORD03343,1361,2023-09-01 08:18:37.663532,Electronics,371.28,5,10,North,Credit Card,0,5,1670.76,534.24,9,Sep,3
ORD03344,1440,2023-09-01 10:03:28.841768,Clothing,546.31,5,30,South,Debit Card,0,4,1912.08,329.13,9,Sep,3
ORD03345,3140,2023-09-01 11:48:20.020004,Home & Kitchen,5551.07,2,15,North,Net Banking,0,5,9436.82,2566.62,9,Sep,3
ORD03346,2644,2023-09-01 13:33:11.198239,Home & Kitchen,1828.15,1,0,North,Net Banking,0,5,1828.15,684.58,9,Sep,3
ORD03347,3800,2023-09-01 15:18:02.376475,Clothing,1868.19,4,10,North,UPI,0,5,6725.48,1775.02,9,Sep,3
ORD03348,1866,2023-09-01 17:02:53.554710,Clothing,149.21,4,5,South,UPI,0,4,567.0,94.91,9,Sep,3
ORD03349,2447,2023-09-01 18:47:44.732946,Sports,1975.7,4,5,North,COD,0,4,7507.66,1502.74,9,Sep,3
ORD03350,1141,2023-09-01 20:32:35.911182,Beauty,2016.83,2,20,North,COD,0,4,3226.93,830.54,9,Sep,3
ORD03351,2314,2023-09-01 22:17:27.089417,Sports,1617.09,2,10,North,Debit Card,0,5,2910.76,609.46,9,Sep,3
ORD03352,2455,2023-09-02 00:02:18.267653,Home & Kitchen,389.0,3,0,East,COD,0,5,1167.0,289.5,9,Sep,3
ORD03353,3796,2023-09-02 01:47:09.445889,Clothing,824.96,1,25,South,Net Banking,0,5,618.72,144.31,9,Sep,3
ORD03354,2875,2023-09-02 03:32:00.624124,Clothing,2808.9,3,0,West,COD,0,4,8426.7,1935.88,9,Sep,3
ORD03355,2847,2023-09-02 05:16:51.802360,Electronics,1663.91,2,30,East,Credit Card,0,4,2329.47,402.51,9,Sep,3
ORD03356,2712,2023-09-02 07:01:42.980596,Electronics,1979.46,5,30,North,Credit Card,0,4,6928.11,2568.1,9,Sep,3
ORD03357,3700,2023-09-02 08:46:34.158831,Home & Kitchen,1327.82,3,25,North,UPI,0,1,2987.6,965.52,9,Sep,3
ORD03358,1700,2023-09-02 10:31:25.337067,Clothing,895.63,2,20,West,UPI,0,5,1433.01,438.28,9,Sep,3
ORD03359,1997,2023-09-02 12:16:16.515303,Clothing,2134.76,2,0,West,Debit Card,1,3,4269.52,1287.76,9,Sep,3
ORD03360,3096,2023-09-02 14:01:07.693538,Beauty,105.51,5,10,East,Credit Card,0,4,474.8,118.28,9,Sep,3
ORD03361,2325,2023-09-02 15:45:58.871774,Electronics,1677.43,5,0,North,Debit Card,0,5,8387.15,2984.39,9,Sep,3
ORD03362,1880,2023-09-02 17:30:50.050010,Electronics,8819.62,5,0,West,Debit Card,0,2,44098.1,16867.96,9,Sep,3
ORD03363,2213,2023-09-02 19:15:41.228245,Electronics,2272.5,1,15,East,COD,0,5,1931.62,292.46,9,Sep,3
ORD03364,2159,2023-09-02 21:00:32.406481,Home & Kitchen,514.93,2,0,West,UPI,0,1,1029.86,174.87,9,Sep,3
ORD03365,1554,2023-09-02 22:45:23.584716,Home & Kitchen,488.22,5,30,North,Debit Card,0,5,1708.77,544.66,9,Sep,3
ORD03366,1403,2023-09-03 00:30:14.762952,Clothing,1650.4,1,25,North,Debit Card,0,4,1237.8,258.72,9,Sep,3
ORD03367,1891,2023-09-03 02:15:05.941188,Books,3392.95,4,5,North,UPI,0,2,12893.21,4872.68,9,Sep,3
ORD03368,3912,2023-09-03 03:59:57.119423,Sports,1293.95,4,10,North,UPI,1,4,4658.22,1475.97,9,Sep,3
ORD03369,1601,2023-09-03 05:44:48.297659,Sports,1124.27,4,10,South,Credit Card,0,5,4047.37,979.76,9,Sep,3
ORD03370,2830,2023-09-03 07:29:39.475895,Beauty,262.22,2,25,South,UPI,0,4,393.33,99.84,9,Sep,3
ORD03371,1340,2023-09-03 09:14:30.654130,Sports,1885.31,1,15,South,COD,1,4,1602.51,517.16,9,Sep,3
ORD03372,2968,2023-09-03 10:59:21.832366,Home & Kitchen,1817.5,1,0,East,Credit Card,0,5,1817.5,336.68,9,Sep,3
ORD03373,1703,2023-09-03 12:44:13.010602,Electronics,5114.66,4,10,East,Debit Card,1,3,18412.78,6828.43,9,Sep,3
ORD03374,1317,2023-09-03 14:29:04.188837,Electronics,535.42,3,10,West,COD,0,5,1445.63,218.57,9,Sep,3
ORD03375,3665,2023-09-03 16:13:55.367073,Electronics,2118.62,4,30,West,COD,0,3,5932.14,2341.63,9,Sep,3
ORD03376,2386,2023-09-03 17:58:46.545309,Home & Kitchen,853.91,2,0,East,Credit Card,0,4,1707.82,327.75,9,Sep,3
ORD03377,3429,2023-09-03 19:43:37.723544,Sports,1226.27,4,0,West,Debit Card,0,3,4905.08,1645.79,9,Sep,3
ORD03378,3280,2023-09-03 21:28:28.901780,Books,2542.93,4,25,East,Credit Card,0,4,7628.79,1220.46,9,Sep,3
ORD03379,2800,2023-09-03 23:13:20.080016,Electronics,376.53,1,25,South,Net Banking,0,1,282.4,72.82,9,Sep,3
ORD03380,2367,2023-09-04 00:58:11.258251,Books,629.81,4,25,East,Net Banking,0,4,1889.43,581.15,9,Sep,3
ORD03381,2572,2023-09-04 02:43:02.436487,Beauty,2226.25,5,10,East,Credit Card,0,4,10018.12,1678.6,9,Sep,3
ORD03382,1816,2023-09-04 04:27:53.614722,Home & Kitchen,1267.55,5,15,West,Debit Card,0,4,5387.09,1405.08,9,Sep,3
ORD03383,1552,2023-09-04 06:12:44.792958,Sports,145.47,3,10,West,Debit Card,0,4,392.77,88.68,9,Sep,3
ORD03384,1855,2023-09-04 07:57:35.971194,Sports,843.67,2,0,East,UPI,0,4,1687.34,463.28,9,Sep,3
ORD03385,2812,2023-09-04 09:42:27.149429,Beauty,1325.13,2,10,North,COD,1,3,2385.23,658.67,9,Sep,3
ORD03386,3866,2023-09-04 11:27:18.327665,Sports,3603.9,1,0,West,Credit Card,0,5,3603.9,1248.06,9,Sep,3
ORD03387,1182,2023-09-04 13:12:09.505901,Home & Kitchen,313.28,2,5,East,COD,1,4,595.23,107.66,9,Sep,3
ORD03388,2574,2023-09-04 14:57:00.684136,Electronics,2459.48,3,25,West,COD,0,3,5533.83,944.51,9,Sep,3
ORD03389,1396,2023-09-04 16:41:51.862372,Electronics,209.97,5,5,North,Net Banking,0,4,997.36,249.81,9,Sep,3
ORD03390,2727,2023-09-04 18:26:43.040608,Books,416.07,1,25,West,Net Banking,0,5,312.05,116.05,9,Sep,3
ORD03391,3826,2023-09-04 20:11:34.218843,Electronics,418.27,5,0,East,Credit Card,0,1,2091.35,760.87,9,Sep,3
ORD03392,2517,2023-09-04 21:56:25.397079,Beauty,3149.21,3,5,East,Credit Card,0,3,8975.25,2602.81,9,Sep,3
ORD03393,1906,2023-09-04 23:41:16.575315,Clothing,332.87,1,15,North,Debit Card,0,5,282.94,105.31,9,Sep,3
ORD03394,2356,2023-09-05 01:26:07.753550,Sports,2319.42,4,20,East,Credit Card,0,4,7422.14,2607.66,9,Sep,3
ORD03395,3174,2023-09-05 03:10:58.931786,Clothing,929.31,2,10,North,Debit Card,0,4,1672.76,367.15,9,Sep,3
ORD03396,1000,2023-09-05 04:55:50.110022,Clothing,10504.37,3,25,East,Debit Card,0,5,23634.83,4550.33,9,Sep,3
ORD03397,1018,2023-09-05 06:40:41.288257,Beauty,2740.38,1,0,East,Credit Card,0,2,2740.38,617.38,9,Sep,3
ORD03398,1583,2023-09-05 08:25:32.466493,Clothing,2018.9,5,25,West,Debit Card,0,4,7570.88,1565.5,9,Sep,3
ORD03399,1455,2023-09-05 10:10:23.644728,Clothing,3068.74,1,0,West,COD,0,4,3068.74,938.05,9,Sep,3
ORD03400,3036,2023-09-05 11:55:14.822964,Electronics,1507.81,4,25,North,Debit Card,0,2,4523.43,1339.95,9,Sep,3
ORD03401,2132,2023-09-05 13:40:06.001200,Home & Kitchen,2783.51,3,10,West,COD,0,3,7515.48,2251.71,9,Sep,3
ORD03402,3492,2023-09-05 15:24:57.179435,Clothing,453.94,1,20,South,COD,0,4,363.15,71.66,9,Sep,3
ORD03403,2952,2023-09-05 17:09:48.357671,Home & Kitchen,154.22,3,15,North,COD,0,1,393.26,136.84,9,Sep,3
ORD03404,3649,2023-09-05 18:54:39.535907,Home & Kitchen,1435.4,3,0,South,UPI,1,4,4306.2,1112.75,9,Sep,3
ORD03405,3150,2023-09-05 20:39:30.714142,Home & Kitchen,855.57,5,25,North,UPI,0,5,3208.39,860.21,9,Sep,3
ORD03406,1987,2023-09-05 22:24:21.892378,Home & Kitchen,833.84,2,0,South,Debit Card,0,5,1667.68,665.81,9,Sep,3
ORD03407,1519,2023-09-06 00:09:13.070614,Books,1122.19,4,0,West,Credit Card,0,4,4488.76,990.08,9,Sep,3
ORD03408,1858,2023-09-06 01:54:04.248849,Clothing,672.67,1,20,West,Debit Card,0,3,538.14,133.75,9,Sep,3
ORD03409,1173,2023-09-06 03:38:55.427085,Sports,1475.49,2,0,East,UPI,1,4,2950.98,941.7,9,Sep,3
ORD03410,2366,2023-09-06 05:23:46.605321,Clothing,100.0,5,0,South,Net Banking,0,4,500.0,185.05,9,Sep,3
ORD03411,3478,2023-09-06 07:08:37.783556,Books,5254.41,2,10,East,Net Banking,0,5,9457.94,1718.46,9,Sep,3
ORD03412,1726,2023-09-06 08:53:28.961792,Clothing,3879.59,3,20,North,Debit Card,0,5,9311.02,3107.66,9,Sep,3
ORD03413,2710,2023-09-06 10:38:20.140028,Sports,4106.3,3,0,South,UPI,1,4,12318.9,4675.89,9,Sep,3
ORD03414,2875,2023-09-06 12:23:11.318263,Clothing,681.2,4,10,East,COD,0,3,2452.32,627.13,9,Sep,3
ORD03415,3897,2023-09-06 14:08:02.496499,Clothing,1138.58,1,15,North,UPI,0,5,967.79,214.54,9,Sep,3
ORD03416,2681,2023-09-06 15:52:53.674734,Home & Kitchen,4622.94,1,25,South,Debit Card,0,5,3467.2,1107.54,9,Sep,3
ORD03417,2347,2023-09-06 17:37:44.852970,Home & Kitchen,3489.49,5,25,East,UPI,0,4,13085.59,2767.84,9,Sep,3
ORD03418,1989,2023-09-06 19:22:36.031206,Electronics,2342.72,4,20,South,Net Banking,0,4,7496.7,1844.73,9,Sep,3
ORD03419,3686,2023-09-06 21:07:27.209441,Books,784.68,1,15,South,COD,0,4,666.98,249.6,9,Sep,3
ORD03420,1419,2023-09-06 22:52:18.387677,Home & Kitchen,1246.34,3,10,East,Debit Card,0,5,3365.12,1001.4,9,Sep,3
ORD03421,1593,2023-09-07 00:37:09.565913,Beauty,2361.92,4,0,West,Debit Card,0,3,9447.68,1641.48,9,Sep,3
ORD03422,3532,2023-09-07 02:22:00.744148,Home & Kitchen,478.27,2,15,West,Credit Card,1,5,813.06,188.97,9,Sep,3
ORD03423,2774,2023-09-07 04:06:51.922384,Clothing,1477.05,4,30,East,COD,0,1,4135.74,1268.91,9,Sep,3
ORD03424,3459,2023-09-07 05:51:43.100620,Electronics,2639.82,4,15,North,Debit Card,0,5,8975.39,2426.72,9,Sep,3
ORD03425,1935,2023-09-07 07:36:34.278855,Sports,1843.7,1,0,East,UPI,0,4,1843.7,580.92,9,Sep,3
ORD03426,2107,2023-09-07 09:21:25.457091,Sports,979.39,5,10,East,UPI,0,3,4407.26,1500.06,9,Sep,3
ORD03427,2136,2023-09-07 11:06:16.635327,Electronics,1317.8,5,15,South,UPI,0,1,5600.65,1513.04,9,Sep,3
ORD03428,1331,2023-09-07 12:51:07.813562,Electronics,6721.19,1,15,West,UPI,0,4,5713.01,2266.57,9,Sep,3
ORD03429,3702,2023-09-07 14:35:58.991798,Home & Kitchen,1381.91,1,15,West,Debit Card,0,3,1174.62,444.79,9,Sep,3
ORD03430,3088,2023-09-07 16:20:50.170034,Clothing,2309.99,1,10,West,Net Banking,0,4,2078.99,342.99,9,Sep,3
ORD03431,2793,2023-09-07 18:05:41.348269,Clothing,1945.26,5,0,West,COD,0,3,9726.3,2106.79,9,Sep,3
ORD03432,1958,2023-09-07 19:50:32.526505,Electronics,1813.43,1,25,East,UPI,0,2,1360.07,306.2,9,Sep,3
ORD03433,1104,2023-09-07 21:35:23.704740,Clothing,1890.12,2,15,South,Debit Card,0,4,3213.2,630.02,9,Sep,3
ORD03434,1201,2023-09-07 23:20:14.882976,Clothing,908.83,2,0,West,Debit Card,0,4,1817.66,414.43,9,Sep,3
ORD03435,3497,2023-09-08 01:05:06.061212,Home & Kitchen,964.14,3,5,West,UPI,0,4,2747.8,704.0,9,Sep,3
ORD03436,2842,2023-09-08 02:49:57.239447,Clothing,946.28,2,25,South,Credit Card,1,4,1419.42,231.21,9,Sep,3
ORD03437,2866,2023-09-08 04:34:48.417683,Clothing,100.0,4,25,East,Debit Card,1,4,300.0,54.55,9,Sep,3
ORD03438,2996,2023-09-08 06:19:39.595919,Clothing,413.76,3,10,East,COD,0,4,1117.15,194.45,9,Sep,3
ORD03439,2289,2023-09-08 08:04:30.774154,Books,251.85,2,0,East,COD,0,3,503.7,81.39,9,Sep,3
ORD03440,1909,2023-09-08 09:49:21.952390,Electronics,3263.2,4,0,West,Credit Card,0,3,13052.8,3529.14,9,Sep,3
ORD03441,1209,2023-09-08 11:34:13.130626,Books,482.31,2,0,West,Debit Card,0,3,964.62,225.19,9,Sep,3
ORD03442,1562,2023-09-08 13:19:04.308861,Home & Kitchen,223.52,4,15,West,Credit Card,0,4,759.97,291.72,9,Sep,3
ORD03443,3760,2023-09-08 15:03:55.487097,Electronics,191.35,1,10,East,Debit Card,1,4,172.22,30.26,9,Sep,3
ORD03444,2563,2023-09-08 16:48:46.665333,Electronics,1805.91,4,15,West,Debit Card,0,4,6140.09,2342.5,9,Sep,3
ORD03445,1770,2023-09-08 18:33:37.843568,Electronics,100.0,1,15,North,Credit Card,0,5,85.0,14.59,9,Sep,3
ORD03446,3501,2023-09-08 20:18:29.021804,Books,956.01,4,0,South,Net Banking,0,4,3824.04,1165.58,9,Sep,3
ORD03447,3714,2023-09-08 22:03:20.200040,Sports,189.83,4,0,North,UPI,0,4,759.32,160.92,9,Sep,3
ORD03448,1628,2023-09-08 23:48:11.378275,Electronics,2842.32,2,5,North,UPI,0,2,5400.41,1926.33,9,Sep,3
ORD03449,2628,2023-09-09 01:33:02.556511,Beauty,4771.3,4,0,West,UPI,0,5,19085.2,3156.09,9,Sep,3
ORD03450,2701,2023-09-09 03:17:53.734746,Electronics,4782.32,2,0,South,Credit Card,0,4,9564.64,3712.3,9,Sep,3
ORD03451,1386,2023-09-09 05:02:44.912982,Sports,875.0,4,15,North,Debit Card,0,5,2975.0,481.4,9,Sep,3
ORD03452,2935,2023-09-09 06:47:36.091218,Books,1551.41,5,20,East,Debit Card,0,5,6205.64,1304.91,9,Sep,3
ORD03453,3343,2023-09-09 08:32:27.269453,Home & Kitchen,1373.33,3,20,East,COD,0,5,3295.99,876.89,9,Sep,3
ORD03454,3305,2023-09-09 10:17:18.447689,Books,646.26,2,20,East,Debit Card,0,5,1034.02,350.55,9,Sep,3
ORD03455,2104,2023-09-09 12:02:09.625925,Books,880.65,2,15,East,Net Banking,0,4,1497.1,580.54,9,Sep,3
ORD03456,1267,2023-09-09 13:47:00.804160,Sports,100.0,1,15,South,UPI,0,4,85.0,21.85,9,Sep,3
ORD03457,3466,2023-09-09 15:31:51.982396,Sports,2382.24,5,0,East,Net Banking,0,5,11911.2,4041.8,9,Sep,3
ORD03458,3282,2023-09-09 17:16:43.160632,Books,413.24,1,30,South,UPI,0,5,289.27,95.98,9,Sep,3
ORD03459,2856,2023-09-09 19:01:34.338867,Electronics,925.74,5,0,South,Credit Card,0,4,4628.7,1355.25,9,Sep,3
ORD03460,2998,2023-09-09 20:46:25.517103,Electronics,982.68,5,0,South,Net Banking,0,4,4913.4,1585.7,9,Sep,3
ORD03461,2380,2023-09-09 22:31:16.695339,Sports,1233.9,4,0,South,Debit Card,0,5,4935.6,787.31,9,Sep,3
ORD03462,2236,2023-09-10 00:16:07.873574,Books,2554.61,1,30,West,UPI,0,4,1788.23,465.64,9,Sep,3
ORD03463,1573,2023-09-10 02:00:59.051810,Books,1765.9,3,30,North,COD,0,3,3708.39,1284.83,9,Sep,3
ORD03464,1048,2023-09-10 03:45:50.230046,Home & Kitchen,1631.79,5,20,West,Net Banking,0,4,6527.16,1752.9,9,Sep,3
ORD03465,2150,2023-09-10 05:30:41.408281,Sports,1122.18,5,15,North,Credit Card,0,1,4769.27,1756.89,9,Sep,3
ORD03466,1222,2023-09-10 07:15:32.586517,Home & Kitchen,151.32,2,10,West,COD,0,4,272.38,97.62,9,Sep,3
ORD03467,3968,2023-09-10 09:00:23.764752,Sports,771.27,4,30,East,Credit Card,0,5,2159.56,790.1,9,Sep,3
ORD03468,2431,2023-09-10 10:45:14.942988,Sports,4730.93,3,15,South,UPI,0,3,12063.87,2201.65,9,Sep,3
ORD03469,2528,2023-09-10 12:30:06.121224,Clothing,8121.63,5,25,East,Net Banking,0,5,30456.11,6427.31,9,Sep,3
ORD03470,2819,2023-09-10 14:14:57.299459,Clothing,1966.77,2,5,East,Credit Card,0,5,3736.86,588.18,9,Sep,3
ORD03471,3324,2023-09-10 15:59:48.477695,Sports,387.21,1,5,East,COD,0,5,367.85,145.56,9,Sep,3
ORD03472,2461,2023-09-10 17:44:39.655931,Clothing,161.2,5,25,West,COD,0,5,604.5,126.36,9,Sep,3
ORD03473,2130,2023-09-10 19:29:30.834166,Beauty,803.61,2,0,East,Debit Card,0,4,1607.22,388.58,9,Sep,3
ORD03474,2681,2023-09-10 21:14:22.012402,Electronics,2912.88,1,25,South,Credit Card,0,4,2184.66,477.85,9,Sep,3
ORD03475,3467,2023-09-10 22:59:13.190638,Electronics,1919.47,4,10,South,Net Banking,0,5,6910.09,1105.26,9,Sep,3
ORD03476,3658,2023-09-11 00:44:04.368873,Beauty,3229.85,1,25,North,Net Banking,0,4,2422.39,521.58,9,Sep,3
ORD03477,1374,2023-09-11 02:28:55.547109,Home & Kitchen,1434.8,5,5,West,Debit Card,0,4,6815.3,1189.6,9,Sep,3
ORD03478,3120,2023-09-11 04:13:46.725345,Clothing,209.46,3,15,South,COD,0,4,534.12,132.77,9,Sep,3
ORD03479,3021,2023-09-11 05:58:37.903580,Sports,182.91,1,10,South,Credit Card,0,4,164.62,64.48,9,Sep,3
ORD03480,2053,2023-09-11 07:43:29.081816,Home & Kitchen,100.0,3,15,West,COD,1,5,255.0,82.76,9,Sep,3
ORD03481,2889,2023-09-11 09:28:20.260052,Books,1255.8,3,10,East,Credit Card,0,4,3390.66,1107.81,9,Sep,3
ORD03482,2823,2023-09-11 11:13:11.438287,Electronics,417.36,1,30,South,Credit Card,1,5,292.15,76.92,9,Sep,3
ORD03483,2474,2023-09-11 12:58:02.616523,Sports,1988.55,4,15,East,Credit Card,0,4,6761.07,2385.48,9,Sep,3
ORD03484,3242,2023-09-11 14:42:53.794758,Sports,1738.74,1,0,South,COD,0,4,1738.74,655.63,9,Sep,3
ORD03485,2179,2023-09-11 16:27:44.972994,Electronics,574.33,2,25,North,COD,0,3,861.5,336.32,9,Sep,3
ORD03486,3894,2023-09-11 18:12:36.151230,Sports,291.84,3,0,East,COD,0,5,875.52,152.99,9,Sep,3
ORD03487,2064,2023-09-11 19:57:27.329465,Sports,162.05,5,5,South,UPI,0,1,769.74,284.74,9,Sep,3
ORD03488,3070,2023-09-11 21:42:18.507701,Books,2005.2,3,0,West,COD,0,5,6015.6,1240.84,9,Sep,3
ORD03489,1359,2023-09-11 23:27:09.685937,Home & Kitchen,897.96,5,25,West,Debit Card,0,5,3367.35,839.54,9,Sep,3
ORD03490,3607,2023-09-12 01:12:00.864172,Clothing,586.3,2,0,West,UPI,1,4,1172.6,277.17,9,Sep,3
ORD03491,3719,2023-09-12 02:56:52.042408,Clothing,2913.73,2,0,South,Credit Card,0,5,5827.46,1857.69,9,Sep,3
ORD03492,3041,2023-09-12 04:41:43.220644,Home & Kitchen,1350.67,2,25,East,Net Banking,0,4,2026.0,606.75,9,Sep,3
ORD03493,2141,2023-09-12 06:26:34.398879,Sports,1094.72,1,20,North,UPI,0,2,875.78,155.25,9,Sep,3
ORD03494,2635,2023-09-12 08:11:25.577115,Home & Kitchen,2040.23,3,0,North,UPI,0,4,6120.69,2115.96,9,Sep,3
ORD03495,2403,2023-09-12 09:56:16.755351,Books,2535.83,5,20,South,Credit Card,0,3,10143.32,2636.36,9,Sep,3
ORD03496,2943,2023-09-12 11:41:07.933586,Electronics,1737.89,2,25,South,COD,0,4,2606.84,392.47,9,Sep,3
ORD03497,1678,2023-09-12 13:25:59.111822,Electronics,869.74,2,0,South,COD,0,4,1739.48,441.18,9,Sep,3
ORD03498,3487,2023-09-12 15:10:50.290058,Clothing,715.36,5,20,East,UPI,0,5,2861.44,798.58,9,Sep,3
ORD03499,3980,2023-09-12 16:55:41.468293,Electronics,2215.41,3,10,West,COD,0,4,5981.61,1000.24,9,Sep,3
ORD03500,1006,2023-09-12 18:40:32.646529,Home & Kitchen,1094.43,3,15,East,UPI,0,4,2790.8,524.07,9,Sep,3
ORD03501,3468,2023-09-12 20:25:23.824764,Clothing,1828.05,5,10,East,Net Banking,0,4,8226.22,3277.27,9,Sep,3
ORD03502,2591,2023-09-12 22:10:15.003000,Sports,3316.36,4,15,South,Net Banking,0,4,11275.62,4147.16,9,Sep,3
ORD03503,1832,2023-09-12 23:55:06.181236,Clothing,3713.46,3,0,North,Credit Card,0,3,11140.38,2042.39,9,Sep,3
ORD03504,3606,2023-09-13 01:39:57.359471,Home & Kitchen,488.0,5,20,East,Debit Card,0,3,1952.0,575.99,9,Sep,3
ORD03505,2810,2023-09-13 03:24:48.537707,Books,312.18,5,0,North,Debit Card,0,5,1560.9,382.13,9,Sep,3
ORD03506,1913,2023-09-13 05:09:39.715943,Electronics,454.27,2,10,South,COD,0,4,817.69,233.81,9,Sep,3
ORD03507,3011,2023-09-13 06:54:30.894178,Electronics,2087.69,5,0,East,Debit Card,0,2,10438.45,2793.68,9,Sep,3
ORD03508,2442,2023-09-13 08:39:22.072414,Clothing,693.19,1,20,West,Net Banking,0,4,554.55,89.86,9,Sep,3
ORD03509,2450,2023-09-13 10:24:13.250650,Sports,285.63,2,5,West,Credit Card,0,4,542.7,124.2,9,Sep,3
ORD03510,2502,2023-09-13 12:09:04.428885,Electronics,155.35,2,10,East,Net Banking,0,5,279.63,50.72,9,Sep,3
ORD03511,1125,2023-09-13 13:53:55.607121,Home & Kitchen,594.71,3,10,West,UPI,0,5,1605.72,437.14,9,Sep,3
ORD03512,3442,2023-09-13 15:38:46.785357,Beauty,219.51,4,20,East,COD,0,5,702.43,264.7,9,Sep,3
ORD03513,1816,2023-09-13 17:23:37.963592,Sports,255.07,3,10,West,COD,0,4,688.69,274.71,9,Sep,3
ORD03514,3928,2023-09-13 19:08:29.141828,Electronics,1727.47,1,20,South,Debit Card,0,3,1381.98,533.53,9,Sep,3
ORD03515,2829,2023-09-13 20:53:20.320064,Beauty,100.0,2,0,West,UPI,0,2,200.0,79.28,9,Sep,3
ORD03516,1575,2023-09-13 22:38:11.498299,Electronics,187.59,2,0,West,Debit Card,0,4,375.18,57.71,9,Sep,3
ORD03517,3372,2023-09-14 00:23:02.676535,Books,2790.37,5,10,South,Debit Card,0,4,12556.66,4173.35,9,Sep,3
ORD03518,2415,2023-09-14 02:07:53.854770,Sports,2795.66,4,25,South,Debit Card,0,4,8386.98,1830.35,9,Sep,3
ORD03519,1929,2023-09-14 03:52:45.033006,Home & Kitchen,599.02,4,0,West,UPI,0,3,2396.08,877.93,9,Sep,3
ORD03520,2463,2023-09-14 05:37:36.211242,Clothing,138.1,5,0,North,Debit Card,0,4,690.5,244.05,9,Sep,3
ORD03521,1832,2023-09-14 07:22:27.389477,Clothing,1831.02,1,0,North,COD,0,3,1831.02,468.59,9,Sep,3
ORD03522,2054,2023-09-14 09:07:18.567713,Clothing,669.74,4,15,East,Debit Card,0,5,2277.12,610.99,9,Sep,3
ORD03523,2648,2023-09-14 10:52:09.745949,Books,100.0,2,5,West,UPI,0,3,190.0,41.09,9,Sep,3
ORD03524,2900,2023-09-14 12:37:00.924184,Clothing,257.65,1,20,East,UPI,0,4,206.12,45.8,9,Sep,3
ORD03525,2457,2023-09-14 14:21:52.102420,Beauty,221.38,3,0,South,Net Banking,0,2,664.14,262.53,9,Sep,3
ORD03526,3884,2023-09-14 16:06:43.280656,Beauty,1334.17,3,0,West,Debit Card,0,4,4002.51,1489.79,9,Sep,3
ORD03527,3973,2023-09-14 17:51:34.458891,Sports,3425.9,1,5,South,UPI,0,2,3254.6,644.3,9,Sep,3
ORD03528,2399,2023-09-14 19:36:25.637127,Clothing,2363.08,2,15,West,Debit Card,0,3,4017.24,879.3,9,Sep,3
ORD03529,1442,2023-09-14 21:21:16.815363,Home & Kitchen,1186.19,3,15,West,Credit Card,0,2,3024.78,535.88,9,Sep,3
ORD03530,3122,2023-09-14 23:06:07.993598,Beauty,822.67,2,0,South,COD,0,4,1645.34,653.56,9,Sep,3
ORD03531,1556,2023-09-15 00:50:59.171834,Sports,1446.16,5,25,West,COD,0,4,5423.1,2043.44,9,Sep,3
ORD03532,2178,2023-09-15 02:35:50.350070,Clothing,879.98,4,5,West,Debit Card,1,5,3343.92,963.13,9,Sep,3
ORD03533,3037,2023-09-15 04:20:41.528305,Electronics,423.74,1,15,East,COD,0,3,360.18,116.42,9,Sep,3
ORD03534,1362,2023-09-15 06:05:32.706541,Electronics,1705.39,4,10,South,COD,0,2,6139.4,2068.9,9,Sep,3
ORD03535,3495,2023-09-15 07:50:23.884776,Home & Kitchen,3098.24,5,0,North,Credit Card,0,4,15491.2,3113.0,9,Sep,3
ORD03536,2257,2023-09-15 09:35:15.063012,Home & Kitchen,699.9,3,20,North,COD,0,4,1679.76,644.47,9,Sep,3
ORD03537,2841,2023-09-15 11:20:06.241248,Sports,2763.37,2,20,West,COD,1,3,4421.39,1245.44,9,Sep,3
ORD03538,3309,2023-09-15 13:04:57.419483,Clothing,846.03,2,5,East,UPI,1,4,1607.46,278.27,9,Sep,3
ORD03539,2850,2023-09-15 14:49:48.597719,Electronics,769.58,5,10,West,COD,0,5,3463.11,863.25,9,Sep,3
ORD03540,3172,2023-09-15 16:34:39.775955,Clothing,100.0,1,0,East,Debit Card,0,4,100.0,30.04,9,Sep,3
ORD03541,1910,2023-09-15 18:19:30.954190,Clothing,1782.54,4,15,West,COD,0,4,6060.64,1443.68,9,Sep,3
ORD03542,1244,2023-09-15 20:04:22.132426,Electronics,2471.51,3,5,North,Debit Card,0,3,7043.8,2287.83,9,Sep,3
ORD03543,1541,2023-09-15 21:49:13.310662,Home & Kitchen,1633.99,1,20,South,COD,0,1,1307.19,484.33,9,Sep,3
ORD03544,3532,2023-09-15 23:34:04.488897,Books,246.18,5,0,East,Debit Card,0,5,1230.9,422.17,9,Sep,3
ORD03545,3169,2023-09-16 01:18:55.667133,Home & Kitchen,163.54,5,0,West,COD,0,3,817.7,254.03,9,Sep,3
ORD03546,3172,2023-09-16 03:03:46.845369,Clothing,1275.96,2,0,West,Debit Card,0,3,2551.92,709.53,9,Sep,3
ORD03547,2572,2023-09-16 04:48:38.023604,Clothing,770.03,3,0,East,COD,0,5,2310.09,493.47,9,Sep,3
ORD03548,3217,2023-09-16 06:33:29.201840,Books,840.81,1,10,East,Credit Card,0,5,756.73,199.58,9,Sep,3
ORD03549,1123,2023-09-16 08:18:20.380076,Sports,5153.69,2,0,North,UPI,0,4,10307.38,2301.0,9,Sep,3
ORD03550,3693,2023-09-16 10:03:11.558311,Electronics,1930.61,3,20,East,UPI,0,4,4633.46,1776.96,9,Sep,3
ORD03551,2731,2023-09-16 11:48:02.736547,Sports,796.0,4,0,West,UPI,0,5,3184.0,1199.82,9,Sep,3
ORD03552,1785,2023-09-16 13:32:53.914782,Clothing,100.0,4,15,North,UPI,0,5,340.0,64.25,9,Sep,3
ORD03553,3043,2023-09-16 15:17:45.093018,Sports,100.0,2,10,North,Credit Card,0,2,180.0,64.02,9,Sep,3
ORD03554,3248,2023-09-16 17:02:36.271254,Sports,1731.84,1,30,South,Credit Card,1,4,1212.29,394.88,9,Sep,3
ORD03555,3416,2023-09-16 18:47:27.449489,Clothing,2727.82,3,30,South,COD,0,3,5728.42,2255.87,9,Sep,3
ORD03556,1796,2023-09-16 20:32:18.627725,Home & Kitchen,1844.98,4,25,South,Credit Card,0,2,5534.94,1471.33,9,Sep,3
ORD03557,1076,2023-09-16 22:17:09.805961,Electronics,781.03,4,20,East,UPI,0,4,2499.3,826.13,9,Sep,3
ORD03558,1058,2023-09-17 00:02:00.984196,Sports,100.0,1,5,North,Net Banking,0,4,95.0,26.55,9,Sep,3
ORD03559,3478,2023-09-17 01:46:52.162432,Clothing,5135.24,2,20,East,COD,0,3,8216.38,1375.01,9,Sep,3
ORD03560,3685,2023-09-17 03:31:43.340668,Books,6439.49,5,30,North,Debit Card,1,4,22538.21,3644.23,9,Sep,3
ORD03561,2523,2023-09-17 05:16:34.518903,Home & Kitchen,1195.64,3,0,West,UPI,1,4,3586.92,647.54,9,Sep,3
ORD03562,2936,2023-09-17 07:01:25.697139,Sports,109.94,4,10,East,UPI,0,4,395.78,88.67,9,Sep,3
ORD03563,3156,2023-09-17 08:46:16.875375,Electronics,1167.97,5,0,North,UPI,1,5,5839.85,1254.27,9,Sep,3
ORD03564,2301,2023-09-17 10:31:08.053610,Home & Kitchen,3343.14,1,10,South,Credit Card,0,5,3008.83,999.18,9,Sep,3
ORD03565,1067,2023-09-17 12:15:59.231846,Clothing,1709.08,2,10,South,Debit Card,0,5,3076.34,1012.06,9,Sep,3
ORD03566,3352,2023-09-17 14:00:50.410082,Clothing,1909.39,3,10,West,COD,0,4,5155.35,2025.27,9,Sep,3
ORD03567,2932,2023-09-17 15:45:41.588317,Home & Kitchen,133.2,1,10,East,UPI,0,4,119.88,27.28,9,Sep,3
ORD03568,3721,2023-09-17 17:30:32.766553,Clothing,168.93,2,30,North,Debit Card,1,5,236.5,90.96,9,Sep,3
ORD03569,1364,2023-09-17 19:15:23.944788,Clothing,204.33,1,10,South,Net Banking,0,5,183.9,55.76,9,Sep,3
ORD03570,1820,2023-09-17 21:00:15.123024,Sports,3521.01,4,20,North,Credit Card,0,5,11267.23,3085.27,9,Sep,3
ORD03571,2402,2023-09-17 22:45:06.301260,Electronics,1119.35,4,5,East,UPI,0,4,4253.53,1348.2,9,Sep,3
ORD03572,3390,2023-09-18 00:29:57.479495,Home & Kitchen,2352.26,5,10,South,Debit Card,0,3,10585.17,3447.47,9,Sep,3
ORD03573,1946,2023-09-18 02:14:48.657731,Electronics,183.75,1,10,West,Debit Card,0,5,165.38,31.92,9,Sep,3
ORD03574,3946,2023-09-18 03:59:39.835967,Electronics,3939.21,4,0,West,UPI,0,5,15756.84,5324.69,9,Sep,3
ORD03575,2577,2023-09-18 05:44:31.014202,Electronics,2581.75,2,5,East,Debit Card,0,5,4905.32,1625.1,9,Sep,3
ORD03576,2377,2023-09-18 07:29:22.192438,Home & Kitchen,381.88,5,10,East,Debit Card,0,3,1718.46,686.32,9,Sep,3
ORD03577,2439,2023-09-18 09:14:13.370674,Home & Kitchen,3109.38,3,10,North,COD,0,4,8395.33,3173.33,9,Sep,3
ORD03578,1761,2023-09-18 10:59:04.548909,Electronics,458.65,1,15,West,Credit Card,0,4,389.85,125.21,9,Sep,3
ORD03579,1340,2023-09-18 12:43:55.727145,Electronics,344.76,4,5,East,COD,0,5,1310.09,429.83,9,Sep,3
ORD03580,3989,2023-09-18 14:28:46.905381,Beauty,460.28,2,5,East,Credit Card,0,5,874.53,338.0,9,Sep,3
ORD03581,1382,2023-09-18 16:13:38.083616,Electronics,3611.17,1,15,West,Credit Card,0,3,3069.49,1202.61,9,Sep,3
ORD03582,2003,2023-09-18 17:58:29.261852,Sports,3708.14,2,0,North,COD,0,4,7416.28,2645.69,9,Sep,3
ORD03583,2556,2023-09-18 19:43:20.440088,Electronics,598.47,5,0,North,UPI,0,2,2992.35,1022.93,9,Sep,3
ORD03584,1299,2023-09-18 21:28:11.618323,Home & Kitchen,1833.38,4,0,West,Debit Card,0,4,7333.52,1304.2,9,Sep,3
ORD03585,1138,2023-09-18 23:13:02.796559,Clothing,1689.34,4,0,West,Net Banking,0,4,6757.36,2416.3,9,Sep,3
ORD03586,1358,2023-09-19 00:57:53.974794,Sports,2464.2,5,0,West,COD,1,5,12321.0,2628.06,9,Sep,3
ORD03587,1835,2023-09-19 02:42:45.153030,Home & Kitchen,527.55,2,0,West,COD,1,5,1055.1,306.98,9,Sep,3
ORD03588,2522,2023-09-19 04:27:36.331266,Clothing,1070.45,1,0,West,UPI,0,4,1070.45,269.05,9,Sep,3
ORD03589,2627,2023-09-19 06:12:27.509501,Electronics,1652.46,2,15,East,Debit Card,0,4,2809.18,664.1,9,Sep,3
ORD03590,2982,2023-09-19 07:57:18.687737,Home & Kitchen,100.0,1,0,South,COD,0,4,100.0,22.76,9,Sep,3
ORD03591,2303,2023-09-19 09:42:09.865973,Home & Kitchen,709.18,5,10,West,Net Banking,1,4,3191.31,1161.18,9,Sep,3
ORD03592,3530,2023-09-19 11:27:01.044208,Electronics,1785.54,3,25,South,Debit Card,0,5,4017.46,1375.11,9,Sep,3
ORD03593,1908,2023-09-19 13:11:52.222444,Electronics,436.72,1,20,North,COD,0,5,349.38,98.13,9,Sep,3
ORD03594,2134,2023-09-19 14:56:43.400680,Sports,4744.6,4,5,East,COD,1,3,18029.48,5699.48,9,Sep,3
ORD03595,3913,2023-09-19 16:41:34.578915,Clothing,100.0,4,25,South,Credit Card,1,4,300.0,118.84,9,Sep,3
ORD03596,3186,2023-09-19 18:26:25.757151,Home & Kitchen,4758.25,4,5,North,Credit Card,0,3,18081.35,4509.2,9,Sep,3
ORD03597,1995,2023-09-19 20:11:16.935387,Books,366.48,2,0,North,COD,0,4,732.96,210.93,9,Sep,3
ORD03598,3482,2023-09-19 21:56:08.113622,Sports,100.0,2,30,North,UPI,0,4,140.0,39.67,9,Sep,3
ORD03599,3556,2023-09-19 23:40:59.291858,Beauty,518.97,2,25,West,Credit Card,0,2,778.46,298.92,9,Sep,3
ORD03600,3320,2023-09-20 01:25:50.470094,Beauty,2314.65,4,10,East,COD,0,5,8332.74,1982.28,9,Sep,3
ORD03601,3151,2023-09-20 03:10:41.648329,Electronics,2094.17,1,15,North,Debit Card,0,4,1780.04,705.9,9,Sep,3
ORD03602,2237,2023-09-20 04:55:32.826565,Sports,351.38,4,15,West,Net Banking,0,5,1194.69,270.21,9,Sep,3
ORD03603,2784,2023-09-20 06:40:24.004800,Clothing,328.71,1,0,South,Credit Card,0,1,328.71,58.26,9,Sep,3
ORD03604,3809,2023-09-20 08:25:15.183036,Home & Kitchen,1543.27,2,0,East,COD,0,5,3086.54,610.65,9,Sep,3
ORD03605,3834,2023-09-20 10:10:06.361272,Books,918.96,3,10,South,Credit Card,0,5,2481.19,636.56,9,Sep,3
ORD03606,1164,2023-09-20 11:54:57.539507,Electronics,2357.42,2,25,South,Debit Card,0,3,3536.13,1104.82,9,Sep,3
ORD03607,1998,2023-09-20 13:39:48.717743,Beauty,100.0,5,0,West,UPI,0,4,500.0,139.6,9,Sep,3
ORD03608,3567,2023-09-20 15:24:39.895979,Electronics,1414.0,1,20,South,COD,1,5,1131.2,276.09,9,Sep,3
ORD03609,2307,2023-09-20 17:09:31.074214,Home & Kitchen,1967.74,3,0,East,Debit Card,0,4,5903.22,1714.93,9,Sep,3
ORD03610,3564,2023-09-20 18:54:22.252450,Sports,7527.88,2,10,South,Net Banking,0,4,13550.18,4874.02,9,Sep,3
ORD03611,1656,2023-09-20 20:39:13.430686,Sports,1703.45,3,15,West,COD,0,5,4343.8,1562.61,9,Sep,3
ORD03612,3660,2023-09-20 22:24:04.608921,Electronics,395.65,4,15,North,Net Banking,0,2,1345.21,446.01,9,Sep,3
ORD03613,3211,2023-09-21 00:08:55.787157,Clothing,171.75,1,0,West,UPI,0,4,171.75,66.66,9,Sep,3
ORD03614,2909,2023-09-21 01:53:46.965393,Sports,1536.3,5,10,North,COD,0,4,6913.35,2057.08,9,Sep,3
ORD03615,3046,2023-09-21 03:38:38.143628,Clothing,1110.93,4,10,South,COD,0,4,3999.35,607.56,9,Sep,3
ORD03616,3111,2023-09-21 05:23:29.321864,Books,3441.11,3,0,North,Debit Card,0,3,10323.33,2299.34,9,Sep,3
ORD03617,2140,2023-09-21 07:08:20.500100,Clothing,1945.27,2,0,West,Credit Card,0,4,3890.54,902.82,9,Sep,3
ORD03618,2889,2023-09-21 08:53:11.678335,Books,1069.24,1,15,West,COD,1,5,908.85,260.69,9,Sep,3
ORD03619,1266,2023-09-21 10:38:02.856571,Sports,775.24,5,10,East,UPI,0,4,3488.58,1312.48,9,Sep,3
ORD03620,2845,2023-09-21 12:22:54.034806,Books,777.22,2,0,East,COD,0,4,1554.44,558.87,9,Sep,3
ORD03621,2708,2023-09-21 14:07:45.213042,Home & Kitchen,384.86,5,10,North,COD,0,3,1731.87,360.3,9,Sep,3
ORD03622,3293,2023-09-21 15:52:36.391278,Clothing,100.0,1,25,North,COD,1,5,75.0,20.99,9,Sep,3
ORD03623,3442,2023-09-21 17:37:27.569513,Books,1283.18,3,0,East,COD,1,4,3849.54,1211.79,9,Sep,3
ORD03624,2510,2023-09-21 19:22:18.747749,Electronics,358.18,5,15,South,UPI,0,5,1522.26,604.15,9,Sep,3
ORD03625,1475,2023-09-21 21:07:09.925985,Clothing,350.41,1,0,East,Debit Card,0,1,350.41,55.3,9,Sep,3
ORD03626,1976,2023-09-21 22:52:01.104220,Clothing,200.95,5,0,South,Credit Card,0,4,1004.75,267.23,9,Sep,3
ORD03627,2207,2023-09-22 00:36:52.282456,Home & Kitchen,315.33,2,0,North,UPI,0,3,630.66,250.39,9,Sep,3
ORD03628,2043,2023-09-22 02:21:43.460692,Books,100.0,5,10,North,UPI,0,4,450.0,177.44,9,Sep,3
ORD03629,2960,2023-09-22 04:06:34.638927,Clothing,1682.35,2,20,West,Net Banking,0,3,2691.76,626.32,9,Sep,3
ORD03630,1557,2023-09-22 05:51:25.817163,Clothing,769.74,2,0,West,Credit Card,0,5,1539.48,230.93,9,Sep,3
ORD03631,2017,2023-09-22 07:36:16.995399,Electronics,1236.68,1,15,South,Debit Card,0,5,1051.18,311.87,9,Sep,3
ORD03632,2605,2023-09-22 09:21:08.173634,Beauty,1519.85,4,10,South,Debit Card,0,3,5471.46,2006.57,9,Sep,3
ORD03633,1882,2023-09-22 11:05:59.351870,Books,5389.51,5,0,East,Net Banking,0,3,26947.55,6226.89,9,Sep,3
ORD03634,3194,2023-09-22 12:50:50.530106,Electronics,106.06,3,10,South,Net Banking,0,5,286.36,109.84,9,Sep,3
ORD03635,1665,2023-09-22 14:35:41.708341,Electronics,811.72,2,20,North,UPI,0,4,1298.75,302.84,9,Sep,3
ORD03636,3667,2023-09-22 16:20:32.886577,Beauty,423.34,4,20,North,Debit Card,0,4,1354.69,409.86,9,Sep,3
ORD03637,2771,2023-09-22 18:05:24.064812,Electronics,971.43,2,20,North,Debit Card,0,3,1554.29,513.71,9,Sep,3
ORD03638,3867,2023-09-22 19:50:15.243048,Sports,3797.47,4,5,West,Debit Card,1,4,14430.39,3410.68,9,Sep,3
ORD03639,1863,2023-09-22 21:35:06.421284,Electronics,1930.95,4,20,South,UPI,0,3,6179.04,1470.93,9,Sep,3
ORD03640,1581,2023-09-22 23:19:57.599519,Beauty,1626.84,3,0,South,Debit Card,0,4,4880.52,1305.53,9,Sep,3
ORD03641,1694,2023-09-23 01:04:48.777755,Sports,873.07,4,15,West,COD,0,4,2968.44,1065.09,9,Sep,3
ORD03642,2251,2023-09-23 02:49:39.955991,Home & Kitchen,1668.06,3,25,West,Net Banking,0,5,3753.14,657.6,9,Sep,3
ORD03643,2610,2023-09-23 04:34:31.134226,Electronics,100.0,1,0,West,Net Banking,0,4,100.0,30.79,9,Sep,3
ORD03644,2239,2023-09-23 06:19:22.312462,Clothing,1323.7,2,10,North,Net Banking,0,4,2382.66,760.87,9,Sep,3
ORD03645,3454,2023-09-23 08:04:13.490698,Clothing,1210.4,3,15,South,Net Banking,0,3,3086.52,893.45,9,Sep,3
ORD03646,1398,2023-09-23 09:49:04.668933,Books,638.44,2,15,East,COD,0,5,1085.35,416.73,9,Sep,3
ORD03647,2946,2023-09-23 11:33:55.847169,Clothing,337.56,5,0,East,Credit Card,0,4,1687.8,507.18,9,Sep,3
ORD03648,1714,2023-09-23 13:18:47.025405,Electronics,2471.92,1,30,South,Debit Card,0,3,1730.34,534.06,9,Sep,3
ORD03649,1703,2023-09-23 15:03:38.203640,Home & Kitchen,100.0,5,15,South,Net Banking,0,3,425.0,127.47,9,Sep,3
ORD03650,3808,2023-09-23 16:48:29.381876,Books,108.33,5,0,West,Debit Card,0,2,541.65,179.02,9,Sep,3
ORD03651,3546,2023-09-23 18:33:20.560112,Clothing,871.13,4,0,West,Debit Card,0,1,3484.52,640.64,9,Sep,3
ORD03652,2714,2023-09-23 20:18:11.738347,Electronics,436.64,4,20,North,COD,0,4,1397.25,521.97,9,Sep,3
ORD03653,2972,2023-09-23 22:03:02.916583,Beauty,2052.4,5,0,West,Debit Card,0,4,10262.0,1648.31,9,Sep,3
ORD03654,1081,2023-09-23 23:47:54.094818,Books,1508.46,4,0,South,Net Banking,1,5,6033.84,1871.61,9,Sep,3
ORD03655,1603,2023-09-24 01:32:45.273054,Sports,2221.14,2,10,North,Debit Card,0,3,3998.05,1214.89,9,Sep,3
ORD03656,2970,2023-09-24 03:17:36.451290,Books,588.85,4,15,East,COD,0,5,2002.09,404.48,9,Sep,3
ORD03657,2710,2023-09-24 05:02:27.629525,Electronics,2023.61,5,15,South,Net Banking,0,4,8600.34,1377.58,9,Sep,3
ORD03658,3046,2023-09-24 06:47:18.807761,Clothing,2974.05,4,5,East,COD,0,3,11301.39,2087.47,9,Sep,3
ORD03659,3819,2023-09-24 08:32:09.985997,Clothing,635.31,4,20,South,UPI,0,5,2032.99,443.03,9,Sep,3
ORD03660,1902,2023-09-24 10:17:01.164232,Sports,623.04,3,30,South,Credit Card,0,5,1308.38,484.79,9,Sep,3
ORD03661,1364,2023-09-24 12:01:52.342468,Home & Kitchen,3453.15,3,0,North,Debit Card,0,4,10359.45,3770.15,9,Sep,3
ORD03662,1162,2023-09-24 13:46:43.520704,Clothing,100.0,5,15,North,Debit Card,0,4,425.0,70.53,9,Sep,3
ORD03663,3558,2023-09-24 15:31:34.698939,Beauty,646.61,2,25,West,Debit Card,0,5,969.92,215.63,9,Sep,3
ORD03664,2863,2023-09-24 17:16:25.877175,Clothing,189.49,1,15,South,UPI,0,4,161.07,59.97,9,Sep,3
ORD03665,1115,2023-09-24 19:01:17.055411,Beauty,100.0,1,15,South,Credit Card,0,2,85.0,17.78,9,Sep,3
ORD03666,3988,2023-09-24 20:46:08.233646,Beauty,179.64,5,0,North,COD,0,2,898.2,358.37,9,Sep,3
ORD03667,3384,2023-09-24 22:30:59.411882,Electronics,846.46,2,10,East,UPI,0,4,1523.63,326.38,9,Sep,3
ORD03668,1880,2023-09-25 00:15:50.590118,Clothing,1742.12,2,10,West,UPI,0,4,3135.82,1049.8,9,Sep,3
ORD03669,3784,2023-09-25 02:00:41.768353,Books,512.22,2,15,South,Net Banking,0,5,870.77,221.41,9,Sep,3
ORD03670,1839,2023-09-25 03:45:32.946589,Home & Kitchen,2842.44,3,30,North,UPI,0,2,5969.12,1098.68,9,Sep,3
ORD03671,3194,2023-09-25 05:30:24.124824,Books,863.35,5,0,South,UPI,0,5,4316.75,922.87,9,Sep,3
ORD03672,2346,2023-09-25 07:15:15.303060,Beauty,5173.76,1,0,North,Debit Card,0,4,5173.76,1649.29,9,Sep,3
ORD03673,3490,2023-09-25 09:00:06.481296,Home & Kitchen,4623.76,2,0,West,Net Banking,0,4,9247.52,2166.36,9,Sep,3
ORD03674,3884,2023-09-25 10:44:57.659531,Electronics,2226.03,5,15,East,COD,0,1,9460.63,2847.95,9,Sep,3
ORD03675,2036,2023-09-25 12:29:48.837767,Electronics,4041.34,1,0,South,Credit Card,0,5,4041.34,813.86,9,Sep,3
ORD03676,1942,2023-09-25 14:14:40.016003,Home & Kitchen,1841.87,3,15,South,COD,0,4,4696.77,1231.24,9,Sep,3
ORD03677,2724,2023-09-25 15:59:31.194238,Electronics,3389.05,4,5,West,Net Banking,1,4,12878.39,3580.98,9,Sep,3
ORD03678,3334,2023-09-25 17:44:22.372474,Sports,404.71,1,10,East,Debit Card,0,5,364.24,92.22,9,Sep,3
ORD03679,3767,2023-09-25 19:29:13.550710,Clothing,635.64,1,0,South,Credit Card,0,5,635.64,126.8,9,Sep,3
ORD03680,2137,2023-09-25 21:14:04.728945,Clothing,2097.13,1,25,West,COD,0,3,1572.85,417.42,9,Sep,3
ORD03681,3527,2023-09-25 22:58:55.907181,Electronics,828.93,4,10,South,Credit Card,0,5,2984.15,964.55,9,Sep,3
ORD03682,1021,2023-09-26 00:43:47.085417,Home & Kitchen,2724.02,2,25,South,Credit Card,0,5,4086.03,1598.56,9,Sep,3
ORD03683,2749,2023-09-26 02:28:38.263652,Electronics,3151.17,4,10,West,Credit Card,0,1,11344.21,3940.76,9,Sep,3
ORD03684,1682,2023-09-26 04:13:29.441888,Sports,534.43,1,0,West,UPI,0,3,534.43,101.74,9,Sep,3
ORD03685,3953,2023-09-26 05:58:20.620124,Books,2601.23,3,0,North,Net Banking,0,4,7803.69,1702.57,9,Sep,3
ORD03686,2833,2023-09-26 07:43:11.798359,Sports,251.32,1,30,North,Net Banking,0,4,175.92,29.85,9,Sep,3
ORD03687,3367,2023-09-26 09:28:02.976595,Home & Kitchen,610.14,3,15,South,Debit Card,0,5,1555.86,286.14,9,Sep,3
ORD03688,1125,2023-09-26 11:12:54.154830,Electronics,1094.61,5,0,West,COD,0,3,5473.05,1163.96,9,Sep,3
ORD03689,1276,2023-09-26 12:57:45.333066,Sports,385.14,3,15,East,Debit Card,0,5,982.11,196.31,9,Sep,3
ORD03690,2999,2023-09-26 14:42:36.511302,Electronics,1298.64,1,10,East,COD,1,5,1168.78,237.74,9,Sep,3
ORD03691,2227,2023-09-26 16:27:27.689537,Books,1296.6,4,5,South,Credit Card,1,4,4927.08,1023.32,9,Sep,3
ORD03692,3241,2023-09-26 18:12:18.867773,Electronics,347.71,1,0,North,COD,0,5,347.71,78.29,9,Sep,3
ORD03693,1695,2023-09-26 19:57:10.046009,Sports,2381.82,1,20,West,COD,0,5,1905.46,345.64,9,Sep,3
ORD03694,2309,2023-09-26 21:42:01.224244,Beauty,1498.06,5,0,West,Credit Card,0,3,7490.3,1643.81,9,Sep,3
ORD03695,1056,2023-09-26 23:26:52.402480,Home & Kitchen,573.56,2,0,North,Debit Card,0,5,1147.12,369.49,9,Sep,3
ORD03696,1018,2023-09-27 01:11:43.580716,Books,396.31,1,5,West,COD,0,5,376.49,78.72,9,Sep,3
ORD03697,3311,2023-09-27 02:56:34.758951,Sports,3164.85,5,0,South,Debit Card,0,3,15824.25,3053.44,9,Sep,3
ORD03698,3841,2023-09-27 04:41:25.937187,Electronics,2709.48,4,10,West,Debit Card,0,5,9754.13,1628.2,9,Sep,3
ORD03699,1112,2023-09-27 06:26:17.115423,Beauty,391.58,5,0,West,Net Banking,0,1,1957.9,538.41,9,Sep,3
ORD03700,1541,2023-09-27 08:11:08.293658,Electronics,100.0,5,5,North,Credit Card,0,4,475.0,171.24,9,Sep,3
ORD03701,3694,2023-09-27 09:55:59.471894,Beauty,2448.54,3,25,North,Credit Card,0,5,5509.22,907.67,9,Sep,3
ORD03702,1578,2023-09-27 11:40:50.650130,Home & Kitchen,1433.75,2,5,East,UPI,0,5,2724.12,777.96,9,Sep,3
ORD03703,2088,2023-09-27 13:25:41.828365,Sports,159.51,2,5,South,Debit Card,0,5,303.07,94.76,9,Sep,3
ORD03704,1024,2023-09-27 15:10:33.006601,Home & Kitchen,1327.76,4,10,North,UPI,0,4,4779.94,1424.97,9,Sep,3
ORD03705,2572,2023-09-27 16:55:24.184836,Books,902.72,5,10,North,Credit Card,1,4,4062.24,1500.62,9,Sep,3
ORD03706,3048,2023-09-27 18:40:15.363072,Home & Kitchen,2234.49,4,20,North,Credit Card,0,4,7150.37,2621.32,9,Sep,3
ORD03707,3958,2023-09-27 20:25:06.541308,Electronics,351.85,4,0,West,UPI,0,4,1407.4,231.27,9,Sep,3
ORD03708,2572,2023-09-27 22:09:57.719543,Home & Kitchen,905.39,2,25,South,Credit Card,0,4,1358.08,326.26,9,Sep,3
ORD03709,1140,2023-09-27 23:54:48.897779,Home & Kitchen,254.84,2,20,South,Credit Card,1,5,407.74,129.54,9,Sep,3
ORD03710,2767,2023-09-28 01:39:40.076015,Sports,4738.34,2,15,West,Net Banking,0,4,8055.18,3126.31,9,Sep,3
ORD03711,1647,2023-09-28 03:24:31.254250,Books,2262.61,1,0,West,COD,0,4,2262.61,794.56,9,Sep,3
ORD03712,3235,2023-09-28 05:09:22.432486,Electronics,2001.82,5,0,North,Net Banking,0,1,10009.1,1943.24,9,Sep,3
ORD03713,1200,2023-09-28 06:54:13.610722,Clothing,1757.77,4,10,East,COD,0,4,6327.97,1390.9,9,Sep,3
ORD03714,1256,2023-09-28 08:39:04.788957,Home & Kitchen,825.74,5,25,East,Net Banking,0,3,3096.52,1055.6,9,Sep,3
ORD03715,1546,2023-09-28 10:23:55.967193,Electronics,3851.44,4,10,South,Net Banking,0,4,13865.18,3714.05,9,Sep,3
ORD03716,3241,2023-09-28 12:08:47.145429,Clothing,113.57,4,0,East,Debit Card,0,3,454.28,130.3,9,Sep,3
ORD03717,3750,2023-09-28 13:53:38.323664,Sports,2438.8,4,0,North,UPI,0,1,9755.2,2948.46,9,Sep,3
ORD03718,1801,2023-09-28 15:38:29.501900,Home & Kitchen,363.55,4,15,West,Net Banking,0,4,1236.07,217.33,9,Sep,3
ORD03719,1941,2023-09-28 17:23:20.680136,Books,587.41,3,15,South,Debit Card,0,4,1497.9,545.22,9,Sep,3
ORD03720,1413,2023-09-28 19:08:11.858371,Clothing,1099.17,3,0,South,Net Banking,0,4,3297.51,1206.18,9,Sep,3
ORD03721,3014,2023-09-28 20:53:03.036607,Home & Kitchen,2289.4,1,0,West,UPI,0,3,2289.4,611.41,9,Sep,3
ORD03722,2381,2023-09-28 22:37:54.214842,Clothing,2735.2,2,10,East,Debit Card,0,5,4923.36,1510.05,9,Sep,3
ORD03723,2098,2023-09-29 00:22:45.393078,Home & Kitchen,1314.64,4,10,South,COD,0,1,4732.7,1490.69,9,Sep,3
ORD03724,1909,2023-09-29 02:07:36.571314,Electronics,773.85,5,15,West,UPI,0,5,3288.86,649.32,9,Sep,3
ORD03725,1187,2023-09-29 03:52:27.749549,Sports,4392.18,3,20,West,Credit Card,0,5,10541.23,1877.88,9,Sep,3
ORD03726,3015,2023-09-29 05:37:18.927785,Books,424.58,2,15,East,Debit Card,0,3,721.79,112.0,9,Sep,3
ORD03727,2313,2023-09-29 07:22:10.106021,Clothing,2437.55,1,0,East,Credit Card,0,4,2437.55,921.93,9,Sep,3
ORD03728,3092,2023-09-29 09:07:01.284256,Home & Kitchen,1420.32,2,15,North,Debit Card,0,5,2414.54,570.87,9,Sep,3
ORD03729,3130,2023-09-29 10:51:52.462492,Home & Kitchen,709.56,4,30,East,COD,0,4,1986.77,340.65,9,Sep,3
ORD03730,2146,2023-09-29 12:36:43.640728,Electronics,100.0,2,25,East,Debit Card,0,2,150.0,39.97,9,Sep,3
ORD03731,1357,2023-09-29 14:21:34.818963,Sports,887.51,4,25,West,Net Banking,0,4,2662.53,449.72,9,Sep,3
ORD03732,2551,2023-09-29 16:06:25.997199,Clothing,485.94,3,5,South,Credit Card,0,4,1384.93,237.26,9,Sep,3
ORD03733,2089,2023-09-29 17:51:17.175435,Beauty,165.3,3,20,West,Credit Card,0,5,396.72,108.0,9,Sep,3
ORD03734,3983,2023-09-29 19:36:08.353670,Sports,117.2,4,25,North,Debit Card,0,5,351.6,97.47,9,Sep,3
ORD03735,2680,2023-09-29 21:20:59.531906,Clothing,640.55,5,15,West,Net Banking,0,2,2722.34,803.19,9,Sep,3
ORD03736,3422,2023-09-29 23:05:50.710142,Sports,1430.82,3,0,North,Net Banking,0,4,4292.46,1348.17,9,Sep,3
ORD03737,1161,2023-09-30 00:50:41.888377,Clothing,2725.79,5,30,East,Debit Card,0,3,9540.26,3024.9,9,Sep,3
ORD03738,3369,2023-09-30 02:35:33.066613,Electronics,304.21,4,10,South,UPI,0,5,1095.16,282.82,9,Sep,3
ORD03739,1449,2023-09-30 04:20:24.244848,Beauty,829.15,4,0,South,COD,0,4,3316.6,1031.08,9,Sep,3
ORD03740,2497,2023-09-30 06:05:15.423084,Home & Kitchen,746.26,3,0,West,Debit Card,0,5,2238.78,506.38,9,Sep,3
ORD03741,2036,2023-09-30 07:50:06.601320,Books,1080.45,5,15,South,Net Banking,1,4,4591.91,1195.4,9,Sep,3
ORD03742,3231,2023-09-30 09:34:57.779555,Clothing,2487.84,4,10,North,COD,0,5,8956.22,2224.11,9,Sep,3
ORD03743,3158,2023-09-30 11:19:48.957791,Clothing,1209.96,3,0,North,Debit Card,0,3,3629.88,843.14,9,Sep,3
ORD03744,2950,2023-09-30 13:04:40.136027,Beauty,2812.6,4,15,East,COD,0,5,9562.84,2004.78,9,Sep,3
ORD03745,3555,2023-09-30 14:49:31.314262,Electronics,1096.43,2,20,West,UPI,0,4,1754.29,297.55,9,Sep,3
ORD03746,2313,2023-09-30 16:34:22.492498,Clothing,1388.93,2,15,East,Net Banking,1,5,2361.18,652.81,9,Sep,3
ORD03747,3342,2023-09-30 18:19:13.670734,Books,862.73,3,0,South,UPI,0,3,2588.19,735.88,9,Sep,3
ORD03748,3951,2023-09-30 20:04:04.848969,Books,2598.22,4,15,East,UPI,0,4,8833.95,2067.49,9,Sep,3
ORD03749,2238,2023-09-30 21:48:56.027205,Books,3862.13,3,0,South,Net Banking,0,4,11586.39,4564.59,9,Sep,3
ORD03750,1973,2023-09-30 23:33:47.205441,Electronics,1528.92,1,5,North,UPI,0,1,1452.47,420.11,9,Sep,3
ORD03751,1631,2023-10-01 01:18:38.383676,Electronics,2578.73,3,5,West,Debit Card,1,4,7349.38,2735.83,10,Oct,4
ORD03752,2590,2023-10-01 03:03:29.561912,Clothing,100.0,3,20,West,Debit Card,0,4,240.0,70.21,10,Oct,4
ORD03753,2050,2023-10-01 04:48:20.740148,Beauty,3548.48,2,5,East,COD,0,3,6742.11,1331.42,10,Oct,4
ORD03754,3780,2023-10-01 06:33:11.918383,Electronics,314.09,2,0,South,Debit Card,0,3,628.18,247.29,10,Oct,4
ORD03755,2588,2023-10-01 08:18:03.096619,Sports,444.62,4,5,North,Debit Card,1,4,1689.56,627.39,10,Oct,4
ORD03756,3368,2023-10-01 10:02:54.274854,Sports,100.0,3,10,South,COD,0,4,270.0,72.31,10,Oct,4
ORD03757,3960,2023-10-01 11:47:45.453090,Sports,5045.86,3,25,East,Credit Card,0,4,11353.18,2392.85,10,Oct,4
ORD03758,2693,2023-10-01 13:32:36.631326,Sports,2865.92,4,25,South,Net Banking,0,4,8597.76,1768.28,10,Oct,4
ORD03759,1436,2023-10-01 15:17:27.809561,Clothing,3665.96,5,0,North,Debit Card,0,3,18329.8,6443.02,10,Oct,4
ORD03760,3828,2023-10-01 17:02:18.987797,Electronics,2818.1,4,0,East,COD,0,3,11272.4,1885.64,10,Oct,4
ORD03761,2556,2023-10-01 18:47:10.166033,Books,979.54,2,0,North,UPI,0,5,1959.08,606.36,10,Oct,4
ORD03762,2076,2023-10-01 20:32:01.344268,Clothing,3867.15,2,20,East,UPI,0,3,6187.44,1918.32,10,Oct,4
ORD03763,2304,2023-10-01 22:16:52.522504,Home & Kitchen,5233.71,3,0,West,Debit Card,0,4,15701.13,3071.36,10,Oct,4
ORD03764,3773,2023-10-02 00:01:43.700740,Home & Kitchen,1047.44,2,0,South,Net Banking,0,4,2094.88,683.41,10,Oct,4
ORD03765,3078,2023-10-02 01:46:34.878975,Sports,289.69,4,10,North,COD,1,5,1042.88,340.35,10,Oct,4
ORD03766,3384,2023-10-02 03:31:26.057211,Electronics,1612.15,3,0,North,COD,1,2,4836.45,1148.69,10,Oct,4
ORD03767,1182,2023-10-02 05:16:17.235447,Beauty,5559.85,4,0,South,COD,1,5,22239.4,6023.41,10,Oct,4
ORD03768,3591,2023-10-02 07:01:08.413682,Clothing,3085.31,4,5,North,COD,0,4,11724.18,4199.49,10,Oct,4
ORD03769,2469,2023-10-02 08:45:59.591918,Books,2968.74,3,0,North,COD,0,1,8906.22,2500.76,10,Oct,4
ORD03770,2479,2023-10-02 10:30:50.770154,Clothing,4073.02,5,10,North,Net Banking,0,3,18328.59,5581.78,10,Oct,4
ORD03771,2589,2023-10-02 12:15:41.948389,Sports,3365.8,2,30,West,COD,0,4,4712.12,1193.07,10,Oct,4
ORD03772,2587,2023-10-02 14:00:33.126625,Clothing,2246.05,1,0,North,Net Banking,1,4,2246.05,420.91,10,Oct,4
ORD03773,1659,2023-10-02 15:45:24.304860,Beauty,1900.22,1,5,West,Net Banking,1,4,1805.21,721.21,10,Oct,4
ORD03774,1159,2023-10-02 17:30:15.483096,Beauty,461.35,1,25,South,Net Banking,0,5,346.01,97.88,10,Oct,4
ORD03775,3459,2023-10-02 19:15:06.661332,Sports,1456.67,2,25,West,UPI,1,4,2185.0,511.53,10,Oct,4
ORD03776,2011,2023-10-02 20:59:57.839567,Electronics,1105.61,5,5,North,Credit Card,0,4,5251.65,1724.89,10,Oct,4
ORD03777,1052,2023-10-02 22:44:49.017803,Sports,2970.14,4,15,North,Debit Card,0,5,10098.48,3082.11,10,Oct,4
ORD03778,3455,2023-10-03 00:29:40.196039,Sports,1015.06,3,0,North,UPI,1,5,3045.18,634.09,10,Oct,4
ORD03779,3894,2023-10-03 02:14:31.374274,Electronics,205.01,5,15,West,Credit Card,0,2,871.29,321.71,10,Oct,4
ORD03780,2045,2023-10-03 03:59:22.552510,Electronics,100.0,1,30,East,UPI,0,5,70.0,11.74,10,Oct,4
ORD03781,2053,2023-10-03 05:44:13.730746,Electronics,1699.21,2,10,East,Net Banking,0,4,3058.58,921.93,10,Oct,4
ORD03782,3750,2023-10-03 07:29:04.908981,Electronics,1197.46,2,10,South,Net Banking,0,3,2155.43,580.83,10,Oct,4
ORD03783,3307,2023-10-03 09:13:56.087217,Books,602.87,3,0,South,COD,0,3,1808.61,415.17,10,Oct,4
ORD03784,2228,2023-10-03 10:58:47.265453,Beauty,277.64,4,15,South,Net Banking,0,1,943.98,336.62,10,Oct,4
ORD03785,2494,2023-10-03 12:43:38.443688,Clothing,943.05,5,10,North,UPI,0,4,4243.73,1332.83,10,Oct,4
ORD03786,3823,2023-10-03 14:28:29.621924,Books,158.52,5,15,East,Debit Card,0,3,673.71,228.98,10,Oct,4
ORD03787,2489,2023-10-03 16:13:20.800160,Beauty,614.45,5,0,East,Net Banking,0,4,3072.25,779.32,10,Oct,4
ORD03788,2035,2023-10-03 17:58:11.978395,Clothing,715.15,4,10,South,Credit Card,1,4,2574.54,992.74,10,Oct,4
ORD03789,2950,2023-10-03 19:43:03.156631,Sports,939.97,4,10,East,UPI,0,5,3383.89,799.21,10,Oct,4
ORD03790,1849,2023-10-03 21:27:54.334866,Books,942.78,4,0,South,Credit Card,0,4,3771.12,1066.33,10,Oct,4
ORD03791,1353,2023-10-03 23:12:45.513102,Home & Kitchen,445.6,3,0,North,COD,0,4,1336.8,512.55,10,Oct,4
ORD03792,2098,2023-10-04 00:57:36.691338,Clothing,2847.79,2,0,East,COD,1,5,5695.58,972.79,10,Oct,4
ORD03793,3920,2023-10-04 02:42:27.869573,Home & Kitchen,659.02,1,15,North,Debit Card,0,5,560.17,99.26,10,Oct,4
ORD03794,2739,2023-10-04 04:27:19.047809,Electronics,391.24,4,15,North,UPI,1,5,1330.22,530.16,10,Oct,4
ORD03795,2464,2023-10-04 06:12:10.226045,Sports,290.03,2,20,East,Debit Card,0,3,464.05,182.3,10,Oct,4
ORD03796,1990,2023-10-04 07:57:01.404280,Clothing,584.19,4,0,West,Credit Card,0,3,2336.76,801.33,10,Oct,4
ORD03797,2264,2023-10-04 09:41:52.582516,Sports,104.91,1,25,South,Debit Card,0,4,78.68,21.33,10,Oct,4
ORD03798,2884,2023-10-04 11:26:43.760752,Clothing,100.0,4,15,East,Credit Card,0,4,340.0,94.02,10,Oct,4
ORD03799,2809,2023-10-04 13:11:34.938987,Electronics,1393.84,2,5,North,Debit Card,0,3,2648.3,567.54,10,Oct,4
ORD03800,3341,2023-10-04 14:56:26.117223,Home & Kitchen,1448.01,3,0,South,COD,0,3,4344.03,1121.55,10,Oct,4
ORD03801,3256,2023-10-04 16:41:17.295459,Electronics,1131.22,1,0,North,UPI,0,5,1131.22,291.67,10,Oct,4
ORD03802,2111,2023-10-04 18:26:08.473694,Sports,2155.03,2,30,South,Debit Card,0,4,3017.04,479.78,10,Oct,4
ORD03803,1817,2023-10-04 20:10:59.651930,Beauty,100.0,5,5,East,Credit Card,0,4,475.0,125.06,10,Oct,4
ORD03804,2799,2023-10-04 21:55:50.830166,Sports,4122.68,5,5,North,UPI,0,1,19582.73,5286.33,10,Oct,4
ORD03805,2960,2023-10-04 23:40:42.008401,Electronics,149.84,5,0,South,COD,0,5,749.2,237.08,10,Oct,4
ORD03806,3437,2023-10-05 01:25:33.186637,Home & Kitchen,1681.39,3,20,South,COD,0,4,4035.34,1126.32,10,Oct,4
ORD03807,3372,2023-10-05 03:10:24.364872,Home & Kitchen,214.76,4,0,East,Net Banking,0,2,859.04,313.91,10,Oct,4
ORD03808,3987,2023-10-05 04:55:15.543108,Sports,3179.21,4,5,South,UPI,0,5,12081.0,2922.28,10,Oct,4
ORD03809,1888,2023-10-05 06:40:06.721344,Electronics,1072.21,4,10,South,Debit Card,0,5,3859.96,974.37,10,Oct,4
ORD03810,2855,2023-10-05 08:24:57.899579,Books,128.82,3,10,North,COD,0,5,347.81,101.86,10,Oct,4
ORD03811,2180,2023-10-05 10:09:49.077815,Books,1438.5,5,10,East,Debit Card,0,5,6473.25,1299.06,10,Oct,4
ORD03812,1667,2023-10-05 11:54:40.256051,Electronics,100.0,4,10,East,Debit Card,0,4,360.0,89.41,10,Oct,4
ORD03813,1632,2023-10-05 13:39:31.434286,Clothing,2244.31,3,20,North,Credit Card,0,5,5386.34,1731.93,10,Oct,4
ORD03814,3624,2023-10-05 15:24:22.612522,Clothing,1577.24,3,20,West,Debit Card,0,3,3785.38,957.52,10,Oct,4
ORD03815,2642,2023-10-05 17:09:13.790758,Sports,358.58,2,20,North,Net Banking,0,4,573.73,216.1,10,Oct,4
ORD03816,1136,2023-10-05 18:54:04.968993,Beauty,704.41,4,0,North,UPI,0,1,2817.64,856.07,10,Oct,4
ORD03817,2946,2023-10-05 20:38:56.147229,Home & Kitchen,100.0,5,20,West,UPI,1,2,400.0,75.38,10,Oct,4
ORD03818,2697,2023-10-05 22:23:47.325465,Clothing,1774.71,1,0,South,Credit Card,0,4,1774.71,482.47,10,Oct,4
ORD03819,1427,2023-10-06 00:08:38.503700,Clothing,584.39,3,0,East,Net Banking,0,1,1753.17,598.17,10,Oct,4
ORD03820,2475,2023-10-06 01:53:29.681936,Beauty,1271.51,2,25,East,Net Banking,0,4,1907.26,592.85,10,Oct,4
ORD03821,3659,2023-10-06 03:38:20.860172,Beauty,4710.36,1,20,West,UPI,0,4,3768.29,1399.23,10,Oct,4
ORD03822,3958,2023-10-06 05:23:12.038407,Beauty,533.87,3,10,East,Net Banking,0,4,1441.45,486.48,10,Oct,4
ORD03823,1818,2023-10-06 07:08:03.216643,Sports,6943.87,2,25,West,COD,0,2,10415.8,1722.81,10,Oct,4
ORD03824,3188,2023-10-06 08:52:54.394878,Clothing,1502.48,4,30,South,Debit Card,0,3,4206.94,749.37,10,Oct,4
ORD03825,2106,2023-10-06 10:37:45.573114,Sports,415.78,2,15,West,Debit Card,0,4,706.83,220.84,10,Oct,4
ORD03826,3224,2023-10-06 12:22:36.751350,Clothing,861.12,3,15,East,UPI,0,4,2195.86,460.26,10,Oct,4
ORD03827,1197,2023-10-06 14:07:27.929585,Clothing,2023.23,4,20,East,UPI,0,1,6474.34,1922.61,10,Oct,4
ORD03828,3671,2023-10-06 15:52:19.107821,Home & Kitchen,887.18,5,0,West,Net Banking,0,4,4435.9,1543.93,10,Oct,4
ORD03829,2995,2023-10-06 17:37:10.286057,Electronics,106.45,2,0,East,Credit Card,0,5,212.9,62.64,10,Oct,4
ORD03830,3738,2023-10-06 19:22:01.464292,Electronics,276.97,1,20,West,UPI,0,2,221.58,56.25,10,Oct,4
ORD03831,3448,2023-10-06 21:06:52.642528,Clothing,2350.27,4,5,East,UPI,0,4,8931.03,2782.62,10,Oct,4
ORD03832,1470,2023-10-06 22:51:43.820764,Clothing,1567.78,4,0,North,UPI,0,4,6271.12,1165.83,10,Oct,4
ORD03833,3265,2023-10-07 00:36:34.998999,Sports,1265.35,5,5,South,Net Banking,0,5,6010.41,1988.26,10,Oct,4
ORD03834,2948,2023-10-07 02:21:26.177235,Electronics,275.2,2,5,East,COD,0,3,522.88,169.55,10,Oct,4
ORD03835,1928,2023-10-07 04:06:17.355471,Electronics,2727.99,1,30,East,UPI,0,4,1909.59,532.01,10,Oct,4
ORD03836,3010,2023-10-07 05:51:08.533706,Electronics,4856.33,5,15,East,COD,0,5,20639.4,4534.55,10,Oct,4
ORD03837,3679,2023-10-07 07:35:59.711942,Electronics,100.0,2,10,West,Net Banking,0,4,180.0,62.89,10,Oct,4
ORD03838,3998,2023-10-07 09:20:50.890178,Electronics,121.87,1,30,East,Credit Card,0,4,85.31,23.69,10,Oct,4
ORD03839,1905,2023-10-07 11:05:42.068413,Home & Kitchen,3240.65,1,25,West,Debit Card,0,1,2430.49,400.53,10,Oct,4
ORD03840,3222,2023-10-07 12:50:33.246649,Clothing,2535.58,3,10,East,Debit Card,0,5,6846.07,2599.13,10,Oct,4
ORD03841,1022,2023-10-07 14:35:24.424884,Sports,1443.24,1,25,North,Debit Card,0,5,1082.43,370.11,10,Oct,4
ORD03842,1234,2023-10-07 16:20:15.603120,Beauty,4349.68,2,10,North,Debit Card,0,4,7829.42,2319.08,10,Oct,4
ORD03843,2124,2023-10-07 18:05:06.781356,Home & Kitchen,1559.51,5,0,South,Net Banking,1,2,7797.55,2021.17,10,Oct,4
ORD03844,1928,2023-10-07 19:49:57.959591,Electronics,364.99,5,0,West,Debit Card,0,2,1824.95,711.68,10,Oct,4
ORD03845,1522,2023-10-07 21:34:49.137827,Electronics,1956.48,3,15,South,Net Banking,0,4,4989.02,1715.0,10,Oct,4
ORD03846,2808,2023-10-07 23:19:40.316063,Sports,1556.46,2,10,East,Credit Card,0,3,2801.63,794.96,10,Oct,4
ORD03847,1430,2023-10-08 01:04:31.494298,Books,6375.94,1,15,East,UPI,0,4,5419.55,1697.88,10,Oct,4
ORD03848,1792,2023-10-08 02:49:22.672534,Sports,361.0,3,15,North,UPI,0,4,920.55,202.69,10,Oct,4
ORD03849,2629,2023-10-08 04:34:13.850770,Sports,1366.53,4,0,South,UPI,0,5,5466.12,1087.37,10,Oct,4
ORD03850,2736,2023-10-08 06:19:05.029005,Beauty,2272.33,2,0,East,Net Banking,0,3,4544.66,992.24,10,Oct,4
ORD03851,1532,2023-10-08 08:03:56.207241,Beauty,620.96,3,10,East,Net Banking,0,4,1676.59,374.36,10,Oct,4
ORD03852,2746,2023-10-08 09:48:47.385477,Home & Kitchen,716.28,5,0,West,Net Banking,1,5,3581.4,1199.53,10,Oct,4
ORD03853,2675,2023-10-08 11:33:38.563712,Clothing,3282.57,3,15,East,Credit Card,0,4,8370.55,1548.68,10,Oct,4
ORD03854,2316,2023-10-08 13:18:29.741948,Beauty,776.76,4,10,South,COD,1,5,2796.34,963.05,10,Oct,4
ORD03855,3857,2023-10-08 15:03:20.920184,Books,1470.18,2,10,North,Net Banking,1,3,2646.32,743.22,10,Oct,4
ORD03856,1912,2023-10-08 16:48:12.098419,Electronics,3300.56,3,5,North,Net Banking,0,5,9406.6,2315.37,10,Oct,4
ORD03857,2124,2023-10-08 18:33:03.276655,Home & Kitchen,353.25,1,15,East,UPI,0,5,300.26,67.59,10,Oct,4
ORD03858,2525,2023-10-08 20:17:54.454890,Home & Kitchen,6015.88,2,20,East,Debit Card,0,4,9625.41,2678.75,10,Oct,4
ORD03859,2327,2023-10-08 22:02:45.633126,Sports,1815.76,3,30,East,Debit Card,1,4,3813.1,874.65,10,Oct,4
ORD03860,3918,2023-10-08 23:47:36.811362,Home & Kitchen,1028.13,3,20,West,Credit Card,0,2,2467.51,635.05,10,Oct,4
ORD03861,3587,2023-10-09 01:32:27.989597,Clothing,845.6,2,10,East,Debit Card,0,4,1522.08,509.52,10,Oct,4
ORD03862,2023,2023-10-09 03:17:19.167833,Beauty,4630.61,5,0,East,COD,0,4,23153.05,7096.4,10,Oct,4
ORD03863,2576,2023-10-09 05:02:10.346069,Sports,345.49,1,15,West,UPI,0,1,293.67,98.97,10,Oct,4
ORD03864,2378,2023-10-09 06:47:01.524304,Home & Kitchen,560.26,2,25,South,Credit Card,0,5,840.39,275.85,10,Oct,4
ORD03865,2519,2023-10-09 08:31:52.702540,Clothing,551.8,1,0,West,Debit Card,0,5,551.8,195.21,10,Oct,4
ORD03866,2681,2023-10-09 10:16:43.880776,Clothing,511.64,1,0,North,Debit Card,1,5,511.64,102.54,10,Oct,4
ORD03867,2997,2023-10-09 12:01:35.059011,Home & Kitchen,948.19,2,0,West,UPI,0,4,1896.38,756.24,10,Oct,4
ORD03868,1226,2023-10-09 13:46:26.237247,Electronics,6789.43,3,15,West,Credit Card,1,4,17313.05,4656.22,10,Oct,4
ORD03869,2259,2023-10-09 15:31:17.415483,Clothing,3294.46,5,10,South,UPI,0,5,14825.07,4885.72,10,Oct,4
ORD03870,1872,2023-10-09 17:16:08.593718,Home & Kitchen,596.13,1,0,South,Credit Card,1,4,596.13,190.43,10,Oct,4
ORD03871,1891,2023-10-09 19:00:59.771954,Books,824.53,1,25,East,Debit Card,0,4,618.4,180.29,10,Oct,4
ORD03872,2478,2023-10-09 20:45:50.950190,Clothing,1660.64,3,10,West,UPI,0,4,4483.73,1788.8,10,Oct,4
ORD03873,2036,2023-10-09 22:30:42.128425,Electronics,100.0,2,5,South,UPI,0,4,190.0,38.82,10,Oct,4
ORD03874,3257,2023-10-10 00:15:33.306661,Clothing,2573.48,5,5,North,COD,0,2,12224.03,3122.41,10,Oct,4
ORD03875,3788,2023-10-10 02:00:24.484896,Sports,3177.87,1,0,East,UPI,1,1,3177.87,578.16,10,Oct,4
ORD03876,1396,2023-10-10 03:45:15.663132,Clothing,2919.47,1,10,West,Credit Card,0,4,2627.52,513.57,10,Oct,4
ORD03877,2123,2023-10-10 05:30:06.841368,Electronics,705.14,2,5,North,COD,0,4,1339.77,439.77,10,Oct,4
ORD03878,3078,2023-10-10 07:14:58.019603,Home & Kitchen,929.84,3,10,South,UPI,0,5,2510.57,379.62,10,Oct,4
ORD03879,3945,2023-10-10 08:59:49.197839,Beauty,100.0,4,20,East,UPI,0,4,320.0,119.19,10,Oct,4
ORD03880,1648,2023-10-10 10:44:40.376075,Home & Kitchen,764.73,3,15,North,COD,0,3,1950.06,601.2,10,Oct,4
ORD03881,1328,2023-10-10 12:29:31.554310,Electronics,925.47,1,0,West,Debit Card,0,4,925.47,240.83,10,Oct,4
ORD03882,2482,2023-10-10 14:14:22.732546,Clothing,3562.32,1,10,North,UPI,0,3,3206.09,746.51,10,Oct,4
ORD03883,1951,2023-10-10 15:59:13.910782,Sports,3366.3,5,20,East,Net Banking,0,2,13465.2,2444.86,10,Oct,4
ORD03884,3005,2023-10-10 17:44:05.089017,Electronics,5076.38,3,0,West,Debit Card,0,2,15229.14,5793.02,10,Oct,4
ORD03885,3016,2023-10-10 19:28:56.267253,Home & Kitchen,3245.6,4,0,West,UPI,0,4,12982.4,4259.27,10,Oct,4
ORD03886,3668,2023-10-10 21:13:47.445489,Clothing,100.0,5,10,North,Debit Card,0,1,450.0,105.34,10,Oct,4
ORD03887,2878,2023-10-10 22:58:38.623724,Electronics,1538.58,4,15,East,Credit Card,0,3,5231.17,877.45,10,Oct,4
ORD03888,2196,2023-10-11 00:43:29.801960,Sports,106.02,5,0,West,Debit Card,0,5,530.1,122.68,10,Oct,4
ORD03889,2772,2023-10-11 02:28:20.980196,Home & Kitchen,477.41,3,15,East,COD,0,3,1217.4,238.8,10,Oct,4
ORD03890,1161,2023-10-11 04:13:12.158431,Home & Kitchen,1295.22,1,15,South,UPI,0,2,1100.94,381.55,10,Oct,4
ORD03891,2751,2023-10-11 05:58:03.336667,Electronics,1809.03,4,25,North,Debit Card,1,5,5427.09,1790.4,10,Oct,4
ORD03892,1775,2023-10-11 07:42:54.514902,Electronics,1594.72,3,0,East,Net Banking,0,4,4784.16,1313.44,10,Oct,4
ORD03893,2827,2023-10-11 09:27:45.693138,Home & Kitchen,100.0,4,20,South,Credit Card,0,2,320.0,118.87,10,Oct,4
ORD03894,3321,2023-10-11 11:12:36.871374,Home & Kitchen,164.06,3,0,South,Credit Card,0,2,492.18,96.06,10,Oct,4
ORD03895,2051,2023-10-11 12:57:28.049609,Electronics,206.46,5,10,East,Debit Card,0,4,929.07,244.34,10,Oct,4
ORD03896,3373,2023-10-11 14:42:19.227845,Electronics,143.8,3,10,East,COD,1,4,388.26,127.22,10,Oct,4
ORD03897,1939,2023-10-11 16:27:10.406081,Electronics,294.45,5,5,North,Credit Card,1,2,1398.64,233.5,10,Oct,4
ORD03898,1539,2023-10-11 18:12:01.584316,Beauty,1749.48,1,20,North,Debit Card,0,3,1399.58,340.33,10,Oct,4
ORD03899,3535,2023-10-11 19:56:52.762552,Sports,2665.34,5,0,West,Debit Card,0,5,13326.7,3903.61,10,Oct,4
ORD03900,1821,2023-10-11 21:41:43.940788,Beauty,788.44,2,10,North,Credit Card,0,4,1419.19,343.02,10,Oct,4
ORD03901,2461,2023-10-11 23:26:35.119023,Electronics,1770.29,1,0,East,Debit Card,0,4,1770.29,478.07,10,Oct,4
ORD03902,2088,2023-10-12 01:11:26.297259,Beauty,334.75,3,15,West,Debit Card,0,3,853.61,257.82,10,Oct,4
ORD03903,1355,2023-10-12 02:56:17.475495,Electronics,5433.52,3,0,South,Net Banking,0,3,16300.56,3946.33,10,Oct,4
ORD03904,1234,2023-10-12 04:41:08.653730,Books,646.17,2,20,South,Debit Card,0,4,1033.87,182.48,10,Oct,4
ORD03905,3274,2023-10-12 06:25:59.831966,Sports,2804.91,3,20,East,Debit Card,0,5,6731.78,1244.44,10,Oct,4
ORD03906,2548,2023-10-12 08:10:51.010202,Clothing,4360.66,1,20,West,COD,0,1,3488.53,982.9,10,Oct,4
ORD03907,3096,2023-10-12 09:55:42.188437,Clothing,3000.55,1,0,West,Credit Card,0,5,3000.55,581.16,10,Oct,4
ORD03908,1117,2023-10-12 11:40:33.366673,Electronics,104.13,5,15,North,COD,0,3,442.55,164.83,10,Oct,4
ORD03909,3101,2023-10-12 13:25:24.544908,Electronics,1576.05,4,0,South,UPI,0,4,6304.2,2260.35,10,Oct,4
ORD03910,2673,2023-10-12 15:10:15.723144,Home & Kitchen,191.9,3,20,South,COD,0,1,460.56,109.27,10,Oct,4
ORD03911,3612,2023-10-12 16:55:06.901380,Home & Kitchen,100.0,2,15,North,UPI,0,4,170.0,60.82,10,Oct,4
ORD03912,2067,2023-10-12 18:39:58.079615,Sports,100.0,1,10,South,UPI,0,4,90.0,25.5,10,Oct,4
ORD03913,3100,2023-10-12 20:24:49.257851,Home & Kitchen,3718.07,1,15,North,COD,0,4,3160.36,599.72,10,Oct,4
ORD03914,1557,2023-10-12 22:09:40.436087,Home & Kitchen,3586.53,1,0,South,Net Banking,0,4,3586.53,1088.7,10,Oct,4
ORD03915,2815,2023-10-12 23:54:31.614322,Electronics,383.93,4,10,South,COD,0,4,1382.15,442.1,10,Oct,4
ORD03916,3005,2023-10-13 01:39:22.792558,Electronics,1188.0,4,0,South,Credit Card,0,5,4752.0,812.46,10,Oct,4
ORD03917,3915,2023-10-13 03:24:13.970794,Beauty,4652.58,3,30,North,COD,0,1,9770.42,2233.65,10,Oct,4
ORD03918,1397,2023-10-13 05:09:05.149029,Electronics,1029.87,2,25,South,Net Banking,0,4,1544.8,233.8,10,Oct,4
ORD03919,1674,2023-10-13 06:53:56.327265,Home & Kitchen,750.27,4,15,South,COD,0,2,2550.92,584.43,10,Oct,4
ORD03920,1386,2023-10-13 08:38:47.505501,Electronics,990.29,5,25,West,Net Banking,0,4,3713.59,868.47,10,Oct,4
ORD03921,3158,2023-10-13 10:23:38.683736,Home & Kitchen,2342.51,4,5,South,Credit Card,0,5,8901.54,2737.69,10,Oct,4
ORD03922,3661,2023-10-13 12:08:29.861972,Home & Kitchen,973.06,1,25,East,Debit Card,0,3,729.8,145.79,10,Oct,4
ORD03923,3064,2023-10-13 13:53:21.040208,Electronics,2293.71,2,5,South,Net Banking,0,5,4358.05,686.49,10,Oct,4
ORD03924,1883,2023-10-13 15:38:12.218443,Clothing,847.65,3,15,South,Net Banking,0,5,2161.51,494.79,10,Oct,4
ORD03925,1540,2023-10-13 17:23:03.396679,Home & Kitchen,435.54,4,15,West,Net Banking,1,4,1480.84,527.78,10,Oct,4
ORD03926,1170,2023-10-13 19:07:54.574914,Clothing,592.84,1,0,West,Credit Card,0,1,592.84,148.08,10,Oct,4
ORD03927,3456,2023-10-13 20:52:45.753150,Electronics,121.53,5,5,North,UPI,0,5,577.27,146.5,10,Oct,4
ORD03928,1739,2023-10-13 22:37:36.931386,Home & Kitchen,1031.88,5,0,North,Net Banking,1,5,5159.4,1378.89,10,Oct,4
ORD03929,2401,2023-10-14 00:22:28.109621,Electronics,240.45,3,30,East,Credit Card,0,3,504.94,170.64,10,Oct,4
ORD03930,3905,2023-10-14 02:07:19.287857,Sports,2503.36,3,0,West,Debit Card,0,5,7510.08,2027.77,10,Oct,4
ORD03931,3277,2023-10-14 03:52:10.466093,Books,818.62,4,10,North,Net Banking,0,5,2947.03,509.31,10,Oct,4
ORD03932,1118,2023-10-14 05:37:01.644328,Electronics,2172.27,3,20,North,UPI,0,4,5213.45,1051.03,10,Oct,4
ORD03933,3831,2023-10-14 07:21:52.822564,Home & Kitchen,4633.76,1,0,North,Credit Card,0,5,4633.76,912.73,10,Oct,4
ORD03934,3512,2023-10-14 09:06:44.000800,Books,2840.47,1,10,West,Debit Card,0,4,2556.42,708.04,10,Oct,4
ORD03935,3151,2023-10-14 10:51:35.179035,Clothing,4538.16,1,15,West,UPI,0,4,3857.44,607.48,10,Oct,4
ORD03936,3745,2023-10-14 12:36:26.357271,Clothing,1258.77,4,0,East,Debit Card,0,4,5035.08,1112.27,10,Oct,4
ORD03937,2995,2023-10-14 14:21:17.535507,Clothing,271.07,4,20,West,UPI,1,3,867.42,261.79,10,Oct,4
ORD03938,2705,2023-10-14 16:06:08.713742,Clothing,4109.22,3,0,West,COD,0,5,12327.66,2942.15,10,Oct,4
ORD03939,2722,2023-10-14 17:50:59.891978,Electronics,3043.17,4,0,West,COD,0,1,12172.68,3979.59,10,Oct,4
ORD03940,3222,2023-10-14 19:35:51.070214,Clothing,2997.21,1,10,East,COD,0,4,2697.49,668.45,10,Oct,4
ORD03941,3792,2023-10-14 21:20:42.248449,Clothing,1772.7,2,10,South,Debit Card,0,5,3190.86,1259.8,10,Oct,4
ORD03942,2697,2023-10-14 23:05:33.426685,Home & Kitchen,1470.91,1,25,South,COD,0,3,1103.18,431.72,10,Oct,4
ORD03943,2444,2023-10-15 00:50:24.604920,Home & Kitchen,100.0,2,25,North,Credit Card,0,4,150.0,52.49,10,Oct,4
ORD03944,2759,2023-10-15 02:35:15.783156,Books,2067.81,3,10,South,Credit Card,0,4,5583.09,2169.58,10,Oct,4
ORD03945,2524,2023-10-15 04:20:06.961392,Sports,144.0,5,5,South,COD,0,3,684.0,137.62,10,Oct,4
ORD03946,1664,2023-10-15 06:04:58.139627,Sports,451.15,4,5,East,UPI,0,5,1714.37,579.0,10,Oct,4
ORD03947,1032,2023-10-15 07:49:49.317863,Home & Kitchen,1202.74,4,0,East,UPI,0,4,4810.96,1108.52,10,Oct,4
ORD03948,3102,2023-10-15 09:34:40.496099,Home & Kitchen,901.49,1,10,South,Debit Card,0,4,811.34,268.82,10,Oct,4
ORD03949,3566,2023-10-15 11:19:31.674334,Clothing,100.0,1,20,South,UPI,0,3,80.0,19.48,10,Oct,4
ORD03950,3803,2023-10-15 13:04:22.852570,Sports,2605.78,2,5,South,Net Banking,0,1,4950.98,1100.88,10,Oct,4
ORD03951,3059,2023-10-15 14:49:14.030806,Electronics,3165.48,4,0,North,UPI,1,3,12661.92,4934.33,10,Oct,4
ORD03952,2551,2023-10-15 16:34:05.209041,Clothing,1717.96,3,10,East,Credit Card,0,1,4638.49,939.16,10,Oct,4
ORD03953,1719,2023-10-15 18:18:56.387277,Home & Kitchen,1168.28,1,0,South,UPI,0,4,1168.28,396.8,10,Oct,4
ORD03954,3602,2023-10-15 20:03:47.565513,Electronics,4856.24,4,15,West,Debit Card,0,4,16511.22,5261.6,10,Oct,4
ORD03955,3420,2023-10-15 21:48:38.743748,Electronics,191.68,5,10,South,UPI,0,1,862.56,194.83,10,Oct,4
ORD03956,1483,2023-10-15 23:33:29.921984,Home & Kitchen,2008.6,2,10,West,Debit Card,0,2,3615.48,956.6,10,Oct,4
ORD03957,1972,2023-10-16 01:18:21.100220,Home & Kitchen,206.07,1,5,North,Net Banking,0,4,195.77,36.36,10,Oct,4
ORD03958,3670,2023-10-16 03:03:12.278455,Home & Kitchen,721.52,1,25,West,COD,0,5,541.14,205.8,10,Oct,4
ORD03959,1306,2023-10-16 04:48:03.456691,Sports,1320.97,3,0,East,Net Banking,0,4,3962.91,1553.58,10,Oct,4
ORD03960,1456,2023-10-16 06:32:54.634926,Electronics,2003.9,1,25,North,Credit Card,0,2,1502.93,500.65,10,Oct,4
ORD03961,3207,2023-10-16 08:17:45.813162,Electronics,100.0,4,5,North,Net Banking,0,5,380.0,137.69,10,Oct,4
ORD03962,1330,2023-10-16 10:02:36.991398,Home & Kitchen,452.87,4,25,South,Net Banking,0,5,1358.61,231.85,10,Oct,4
ORD03963,3823,2023-10-16 11:47:28.169633,Clothing,1158.94,4,15,North,Credit Card,1,4,3940.4,969.31,10,Oct,4
ORD03964,1224,2023-10-16 13:32:19.347869,Home & Kitchen,1141.73,5,0,North,Credit Card,0,4,5708.65,1328.42,10,Oct,4
ORD03965,3776,2023-10-16 15:17:10.526105,Electronics,1522.62,5,20,West,COD,0,4,6090.48,1773.78,10,Oct,4
ORD03966,2479,2023-10-16 17:02:01.704340,Books,543.29,1,15,South,COD,1,5,461.8,90.44,10,Oct,4
ORD03967,2082,2023-10-16 18:46:52.882576,Books,1166.52,5,0,East,UPI,1,4,5832.6,1696.38,10,Oct,4
ORD03968,1643,2023-10-16 20:31:44.060812,Home & Kitchen,315.69,5,0,South,Debit Card,0,5,1578.45,494.99,10,Oct,4
ORD03969,1615,2023-10-16 22:16:35.239047,Books,310.3,3,15,East,Credit Card,0,3,791.27,144.87,10,Oct,4
ORD03970,1194,2023-10-17 00:01:26.417283,Books,1289.03,5,15,West,Net Banking,0,4,5478.38,1002.16,10,Oct,4
ORD03971,1488,2023-10-17 01:46:17.595519,Clothing,1735.03,2,15,North,Net Banking,0,5,2949.55,468.55,10,Oct,4
ORD03972,3204,2023-10-17 03:31:08.773754,Electronics,192.43,2,15,North,COD,0,5,327.13,111.3,10,Oct,4
ORD03973,3657,2023-10-17 05:15:59.951990,Electronics,196.51,2,15,South,Debit Card,0,5,334.07,77.76,10,Oct,4
ORD03974,2249,2023-10-17 07:00:51.130226,Clothing,1249.66,1,20,South,Credit Card,0,5,999.73,206.3,10,Oct,4
ORD03975,3459,2023-10-17 08:45:42.308461,Clothing,472.26,4,10,South,COD,0,5,1700.14,585.74,10,Oct,4
ORD03976,2102,2023-10-17 10:30:33.486697,Books,747.36,3,0,North,Debit Card,1,4,2242.08,416.61,10,Oct,4
ORD03977,2147,2023-10-17 12:15:24.664932,Clothing,768.11,1,25,North,Credit Card,0,4,576.08,147.93,10,Oct,4
ORD03978,3518,2023-10-17 14:00:15.843168,Home & Kitchen,295.03,4,0,West,Net Banking,0,4,1180.12,396.75,10,Oct,4
ORD03979,2241,2023-10-17 15:45:07.021404,Sports,100.0,3,5,East,Net Banking,0,4,285.0,83.64,10,Oct,4
ORD03980,1515,2023-10-17 17:29:58.199639,Clothing,2877.53,3,15,South,COD,0,4,7337.7,2116.93,10,Oct,4
ORD03981,2625,2023-10-17 19:14:49.377875,Electronics,1882.91,3,10,North,Debit Card,1,4,5083.86,962.71,10,Oct,4
ORD03982,2127,2023-10-17 20:59:40.556111,Electronics,1759.38,2,0,East,Net Banking,0,3,3518.76,686.98,10,Oct,4
ORD03983,1392,2023-10-17 22:44:31.734346,Home & Kitchen,1186.16,2,0,South,Debit Card,0,2,2372.32,701.35,10,Oct,4
ORD03984,1630,2023-10-18 00:29:22.912582,Clothing,1810.82,2,15,South,COD,0,5,3078.39,479.9,10,Oct,4
ORD03985,2847,2023-10-18 02:14:14.090818,Electronics,4116.02,3,30,East,UPI,0,1,8643.64,3174.63,10,Oct,4
ORD03986,3655,2023-10-18 03:59:05.269053,Home & Kitchen,1643.46,3,10,East,Debit Card,0,2,4437.34,1054.39,10,Oct,4
ORD03987,1979,2023-10-18 05:43:56.447289,Electronics,462.01,2,10,East,Debit Card,0,4,831.62,211.36,10,Oct,4
ORD03988,1433,2023-10-18 07:28:47.625525,Home & Kitchen,1267.91,3,5,North,COD,0,3,3613.54,775.49,10,Oct,4
ORD03989,3587,2023-10-18 09:13:38.803760,Books,875.97,2,0,West,UPI,0,4,1751.94,646.76,10,Oct,4
ORD03990,1277,2023-10-18 10:58:29.981996,Home & Kitchen,1219.31,2,0,South,Net Banking,0,2,2438.62,757.5,10,Oct,4
ORD03991,1232,2023-10-18 12:43:21.160232,Electronics,1093.51,2,0,South,Credit Card,0,3,2187.02,574.04,10,Oct,4
ORD03992,2552,2023-10-18 14:28:12.338467,Sports,2936.1,4,10,East,COD,0,5,10569.96,3132.17,10,Oct,4
ORD03993,2594,2023-10-18 16:13:03.516703,Home & Kitchen,1582.47,3,0,North,Credit Card,0,5,4747.41,1163.55,10,Oct,4
ORD03994,2113,2023-10-18 17:57:54.694938,Electronics,313.78,1,0,East,UPI,0,2,313.78,83.59,10,Oct,4
ORD03995,3409,2023-10-18 19:42:45.873174,Electronics,100.0,2,15,North,UPI,0,4,170.0,40.7,10,Oct,4
ORD03996,1025,2023-10-18 21:27:37.051410,Clothing,828.42,1,25,West,Debit Card,0,4,621.31,156.99,10,Oct,4
ORD03997,2417,2023-10-18 23:12:28.229645,Sports,100.0,4,25,South,Credit Card,0,5,300.0,68.62,10,Oct,4
ORD03998,3554,2023-10-19 00:57:19.407881,Sports,574.74,3,15,South,Credit Card,0,4,1465.59,248.29,10,Oct,4
ORD03999,3314,2023-10-19 02:42:10.586117,Books,688.35,2,0,North,UPI,0,3,1376.7,219.36,10,Oct,4
ORD04000,1460,2023-10-19 04:27:01.764352,Sports,706.42,2,15,West,Credit Card,0,4,1200.91,232.41,10,Oct,4
ORD04001,3503,2023-10-19 06:11:52.942588,Electronics,5820.06,2,0,West,Net Banking,1,4,11640.12,2478.29,10,Oct,4
ORD04002,2091,2023-10-19 07:56:44.120824,Electronics,543.39,1,15,South,UPI,0,3,461.88,172.1,10,Oct,4
ORD04003,2006,2023-10-19 09:41:35.299059,Beauty,462.29,4,20,South,Debit Card,0,4,1479.33,447.96,10,Oct,4
ORD04004,3910,2023-10-19 11:26:26.477295,Sports,207.83,3,15,East,Debit Card,1,5,529.97,206.46,10,Oct,4
ORD04005,2994,2023-10-19 13:11:17.655531,Books,1073.12,4,30,North,Debit Card,0,4,3004.74,705.85,10,Oct,4
ORD04006,1490,2023-10-19 14:56:08.833766,Sports,250.28,2,15,South,Credit Card,0,3,425.48,106.55,10,Oct,4
ORD04007,2072,2023-10-19 16:41:00.012002,Beauty,1436.82,4,15,West,UPI,0,5,4885.19,1611.81,10,Oct,4
ORD04008,3611,2023-10-19 18:25:51.190238,Sports,252.91,1,0,West,Debit Card,0,5,252.91,74.48,10,Oct,4
ORD04009,1215,2023-10-19 20:10:42.368473,Sports,1289.42,5,25,South,UPI,0,4,4835.33,1363.42,10,Oct,4
ORD04010,2723,2023-10-19 21:55:33.546709,Sports,2625.37,5,0,West,Credit Card,1,4,13126.85,3857.86,10,Oct,4
ORD04011,2592,2023-10-19 23:40:24.724944,Electronics,100.0,3,25,North,Net Banking,0,4,225.0,66.61,10,Oct,4
ORD04012,3606,2023-10-20 01:25:15.903180,Sports,816.44,3,5,West,Net Banking,0,2,2326.85,794.47,10,Oct,4
ORD04013,1158,2023-10-20 03:10:07.081416,Electronics,927.2,4,0,West,Net Banking,0,4,3708.8,1175.77,10,Oct,4
ORD04014,3536,2023-10-20 04:54:58.259651,Sports,2348.65,3,20,South,Credit Card,0,5,5636.76,2194.55,10,Oct,4
ORD04015,1685,2023-10-20 06:39:49.437887,Books,946.43,1,0,North,Debit Card,0,4,946.43,366.26,10,Oct,4
ORD04016,3841,2023-10-20 08:24:40.616123,Home & Kitchen,1257.38,2,20,North,Credit Card,0,3,2011.81,513.98,10,Oct,4
ORD04017,2776,2023-10-20 10:09:31.794358,Books,2349.6,2,0,East,UPI,0,1,4699.2,746.85,10,Oct,4
ORD04018,3052,2023-10-20 11:54:22.972594,Electronics,1230.65,4,25,North,Net Banking,0,4,3691.95,564.01,10,Oct,4
ORD04019,2843,2023-10-20 13:39:14.150830,Clothing,665.45,2,15,East,UPI,0,3,1131.27,204.53,10,Oct,4
ORD04020,3408,2023-10-20 15:24:05.329065,Beauty,134.63,4,15,South,Credit Card,0,4,457.74,77.23,10,Oct,4
ORD04021,3506,2023-10-20 17:08:56.507301,Beauty,1963.53,3,5,West,COD,0,4,5596.06,1361.75,10,Oct,4
ORD04022,3295,2023-10-20 18:53:47.685537,Clothing,3073.52,3,0,North,COD,0,3,9220.56,1504.97,10,Oct,4
ORD04023,2589,2023-10-20 20:38:38.863772,Beauty,5263.07,1,20,East,Credit Card,0,4,4210.46,1289.36,10,Oct,4
ORD04024,2696,2023-10-20 22:23:30.042008,Sports,3917.74,2,0,North,Debit Card,0,4,7835.48,1547.85,10,Oct,4
ORD04025,3993,2023-10-21 00:08:21.220244,Home & Kitchen,2394.92,1,5,South,UPI,0,4,2275.17,633.62,10,Oct,4
ORD04026,3469,2023-10-21 01:53:12.398479,Electronics,1547.01,5,15,East,Credit Card,0,3,6574.79,1155.65,10,Oct,4
ORD04027,2946,2023-10-21 03:38:03.576715,Beauty,2281.18,1,10,East,Credit Card,0,3,2053.06,732.8,10,Oct,4
ORD04028,3062,2023-10-21 05:22:54.754950,Home & Kitchen,848.67,4,0,East,COD,1,5,3394.68,1171.13,10,Oct,4
ORD04029,3783,2023-10-21 07:07:45.933186,Sports,1354.97,4,0,South,Net Banking,0,5,5419.88,1336.66,10,Oct,4
ORD04030,2145,2023-10-21 08:52:37.111422,Sports,643.18,1,0,East,Net Banking,0,5,643.18,242.9,10,Oct,4
ORD04031,3324,2023-10-21 10:37:28.289657,Sports,593.37,3,25,West,Debit Card,0,2,1335.08,262.24,10,Oct,4
ORD04032,2581,2023-10-21 12:22:19.467893,Home & Kitchen,2120.14,5,0,South,Debit Card,0,3,10600.7,3747.18,10,Oct,4
ORD04033,3500,2023-10-21 14:07:10.646129,Clothing,907.52,1,30,West,Debit Card,1,4,635.26,181.98,10,Oct,4
ORD04034,3645,2023-10-21 15:52:01.824364,Clothing,357.69,3,0,West,COD,0,5,1073.07,249.38,10,Oct,4
ORD04035,3493,2023-10-21 17:36:53.002600,Clothing,338.35,1,0,South,Credit Card,0,5,338.35,57.89,10,Oct,4
ORD04036,3257,2023-10-21 19:21:44.180836,Electronics,2940.33,2,10,North,Debit Card,0,5,5292.59,1020.56,10,Oct,4
ORD04037,3761,2023-10-21 21:06:35.359071,Home & Kitchen,1698.69,4,0,West,COD,0,1,6794.76,2484.95,10,Oct,4
ORD04038,3349,2023-10-21 22:51:26.537307,Home & Kitchen,1184.64,2,15,South,UPI,0,5,2013.89,607.63,10,Oct,4
ORD04039,2932,2023-10-22 00:36:17.715543,Sports,768.59,2,25,West,Credit Card,1,5,1152.88,241.27,10,Oct,4
ORD04040,2757,2023-10-22 02:21:08.893778,Electronics,845.33,5,0,East,UPI,0,2,4226.65,1157.95,10,Oct,4
ORD04041,3050,2023-10-22 04:06:00.072014,Books,100.0,3,20,West,Net Banking,0,4,240.0,42.47,10,Oct,4
ORD04042,1989,2023-10-22 05:50:51.250250,Electronics,910.21,4,5,West,Net Banking,0,4,3458.8,604.29,10,Oct,4
ORD04043,2541,2023-10-22 07:35:42.428485,Electronics,2380.45,2,0,West,Credit Card,0,3,4760.9,1794.58,10,Oct,4
ORD04044,2116,2023-10-22 09:20:33.606721,Electronics,736.5,4,0,East,Debit Card,0,4,2946.0,779.11,10,Oct,4
ORD04045,3567,2023-10-22 11:05:24.784956,Home & Kitchen,725.74,3,25,West,Credit Card,0,5,1632.92,392.54,10,Oct,4
ORD04046,1492,2023-10-22 12:50:15.963192,Electronics,100.0,1,0,South,Debit Card,0,5,100.0,38.73,10,Oct,4
ORD04047,1619,2023-10-22 14:35:07.141428,Home & Kitchen,918.28,2,25,West,Net Banking,0,5,1377.42,344.01,10,Oct,4
ORD04048,3378,2023-10-22 16:19:58.319663,Electronics,100.0,3,10,South,Credit Card,0,4,270.0,63.2,10,Oct,4
ORD04049,3380,2023-10-22 18:04:49.497899,Sports,1267.17,4,0,West,Credit Card,1,4,5068.68,1106.22,10,Oct,4
ORD04050,3097,2023-10-22 19:49:40.676135,Sports,1060.21,3,10,West,Debit Card,0,4,2862.57,833.77,10,Oct,4
ORD04051,2546,2023-10-22 21:34:31.854370,Beauty,2748.95,1,20,West,Net Banking,0,4,2199.16,636.88,10,Oct,4
ORD04052,1862,2023-10-22 23:19:23.032606,Sports,1307.62,3,15,North,Net Banking,0,1,3334.43,513.66,10,Oct,4
ORD04053,2691,2023-10-23 01:04:14.210842,Beauty,586.07,4,10,North,Debit Card,0,5,2109.85,661.47,10,Oct,4
ORD04054,2605,2023-10-23 02:49:05.389077,Sports,1089.22,2,25,East,Debit Card,0,3,1633.83,567.06,10,Oct,4
ORD04055,3319,2023-10-23 04:33:56.567313,Home & Kitchen,1804.49,2,0,South,Debit Card,0,1,3608.98,1097.1,10,Oct,4
ORD04056,1579,2023-10-23 06:18:47.745549,Electronics,148.01,5,25,East,Net Banking,0,1,555.04,203.96,10,Oct,4
ORD04057,2890,2023-10-23 08:03:38.923784,Clothing,1455.62,4,20,South,Net Banking,0,5,4657.98,1020.58,10,Oct,4
ORD04058,2275,2023-10-23 09:48:30.102020,Electronics,3726.63,5,15,East,Credit Card,0,3,15838.18,3135.88,10,Oct,4
ORD04059,3607,2023-10-23 11:33:21.280256,Home & Kitchen,533.15,5,20,East,Net Banking,0,4,2132.6,691.64,10,Oct,4
ORD04060,3743,2023-10-23 13:18:12.458491,Books,1477.76,1,10,West,UPI,0,5,1329.98,262.19,10,Oct,4
ORD04061,2855,2023-10-23 15:03:03.636727,Sports,2583.32,4,15,West,UPI,0,4,8783.29,1517.54,10,Oct,4
ORD04062,3493,2023-10-23 16:47:54.814962,Beauty,1075.56,2,10,West,Debit Card,0,2,1936.01,337.16,10,Oct,4
ORD04063,2355,2023-10-23 18:32:45.993198,Clothing,1898.66,4,5,West,Debit Card,1,4,7214.91,2468.21,10,Oct,4
ORD04064,2162,2023-10-23 20:17:37.171434,Books,558.79,1,10,West,Debit Card,0,2,502.91,79.05,10,Oct,4
ORD04065,1356,2023-10-23 22:02:28.349669,Beauty,548.05,4,0,East,Credit Card,0,2,2192.2,487.47,10,Oct,4
ORD04066,2624,2023-10-23 23:47:19.527905,Clothing,1652.05,4,10,South,UPI,0,5,5947.38,1084.19,10,Oct,4
ORD04067,3321,2023-10-24 01:32:10.706141,Sports,1833.25,5,0,North,UPI,0,3,9166.25,3104.86,10,Oct,4
ORD04068,3006,2023-10-24 03:17:01.884376,Electronics,4147.16,4,0,North,Net Banking,0,4,16588.64,4576.36,10,Oct,4
ORD04069,3358,2023-10-24 05:01:53.062612,Home & Kitchen,382.03,5,5,South,UPI,0,4,1814.64,365.42,10,Oct,4
ORD04070,1869,2023-10-24 06:46:44.240848,Clothing,947.28,5,25,North,Net Banking,0,3,3552.3,1199.27,10,Oct,4
ORD04071,1885,2023-10-24 08:31:35.419083,Sports,432.55,3,5,East,Credit Card,0,4,1232.77,416.17,10,Oct,4
ORD04072,3001,2023-10-24 10:16:26.597319,Home & Kitchen,125.22,1,15,South,Debit Card,0,2,106.44,29.88,10,Oct,4
ORD04073,3201,2023-10-24 12:01:17.775555,Electronics,774.34,5,0,South,Debit Card,0,4,3871.7,847.76,10,Oct,4
ORD04074,2413,2023-10-24 13:46:08.953790,Electronics,702.8,4,10,North,Net Banking,0,4,2530.08,750.34,10,Oct,4
ORD04075,2283,2023-10-24 15:31:00.132026,Books,472.96,5,0,North,COD,0,3,2364.8,906.62,10,Oct,4
ORD04076,1619,2023-10-24 17:15:51.310262,Beauty,528.59,5,0,East,Net Banking,0,4,2642.95,430.56,10,Oct,4
ORD04077,1882,2023-10-24 19:00:42.488497,Sports,670.4,5,15,West,Credit Card,0,2,2849.2,617.53,10,Oct,4
ORD04078,1796,2023-10-24 20:45:33.666733,Books,6742.81,2,15,South,UPI,0,4,11462.78,2536.05,10,Oct,4
ORD04079,3172,2023-10-24 22:30:24.844968,Clothing,2291.49,2,0,West,Net Banking,0,5,4582.98,1411.34,10,Oct,4
ORD04080,2296,2023-10-25 00:15:16.023204,Books,111.12,2,10,North,Credit Card,1,4,200.02,62.56,10,Oct,4
ORD04081,1618,2023-10-25 02:00:07.201440,Home & Kitchen,3088.44,2,25,South,Debit Card,0,5,4632.66,933.85,10,Oct,4
ORD04082,2834,2023-10-25 03:44:58.379675,Sports,1504.83,3,0,West,COD,0,4,4514.49,921.07,10,Oct,4
ORD04083,1244,2023-10-25 05:29:49.557911,Clothing,3319.03,5,0,East,COD,0,5,16595.15,6340.23,10,Oct,4
ORD04084,3895,2023-10-25 07:14:40.736147,Home & Kitchen,627.16,3,15,East,Net Banking,0,3,1599.26,542.27,10,Oct,4
ORD04085,3497,2023-10-25 08:59:31.914382,Home & Kitchen,936.88,4,0,East,UPI,0,5,3747.52,1437.43,10,Oct,4
ORD04086,1929,2023-10-25 10:44:23.092618,Beauty,3398.33,1,30,South,Net Banking,0,4,2378.83,850.23,10,Oct,4
ORD04087,2270,2023-10-25 12:29:14.270854,Beauty,477.36,3,15,South,COD,0,5,1217.27,304.96,10,Oct,4
ORD04088,1519,2023-10-25 14:14:05.449089,Sports,3706.52,2,10,South,COD,0,5,6671.74,1204.1,10,Oct,4
ORD04089,3409,2023-10-25 15:58:56.627325,Home & Kitchen,2644.76,2,10,South,Debit Card,1,4,4760.57,1463.34,10,Oct,4
ORD04090,1007,2023-10-25 17:43:47.805561,Clothing,5910.47,4,10,South,UPI,0,5,21277.69,5064.04,10,Oct,4
ORD04091,3525,2023-10-25 19:28:38.983796,Sports,587.91,5,0,West,UPI,0,4,2939.55,753.56,10,Oct,4
ORD04092,3019,2023-10-25 21:13:30.162032,Clothing,403.3,1,25,West,COD,0,4,302.48,77.58,10,Oct,4
ORD04093,1494,2023-10-25 22:58:21.340268,Clothing,602.66,3,15,East,COD,0,4,1536.78,590.32,10,Oct,4
ORD04094,2629,2023-10-26 00:43:12.518503,Clothing,4640.01,5,0,West,Net Banking,1,3,23200.05,3879.41,10,Oct,4
ORD04095,3880,2023-10-26 02:28:03.696739,Sports,607.61,5,10,West,Net Banking,0,4,2734.25,542.14,10,Oct,4
ORD04096,2062,2023-10-26 04:12:54.874974,Electronics,1249.34,3,0,East,Debit Card,0,5,3748.02,1131.85,10,Oct,4
ORD04097,3640,2023-10-26 05:57:46.053210,Books,775.46,3,0,East,COD,0,5,2326.38,862.95,10,Oct,4
ORD04098,1186,2023-10-26 07:42:37.231446,Books,756.82,3,15,North,Net Banking,0,5,1929.89,732.37,10,Oct,4
ORD04099,3801,2023-10-26 09:27:28.409681,Electronics,322.35,3,15,East,Debit Card,0,4,821.99,238.11,10,Oct,4
ORD04100,2877,2023-10-26 11:12:19.587917,Electronics,1155.3,2,10,West,UPI,0,4,2079.54,329.9,10,Oct,4
ORD04101,3140,2023-10-26 12:57:10.766153,Sports,2839.73,5,0,South,COD,0,3,14198.65,3417.9,10,Oct,4
ORD04102,1085,2023-10-26 14:42:01.944388,Sports,100.0,5,15,East,Credit Card,1,3,425.0,161.38,10,Oct,4
ORD04103,1136,2023-10-26 16:26:53.122624,Clothing,3300.4,2,0,North,COD,0,1,6600.8,1815.13,10,Oct,4
ORD04104,3468,2023-10-26 18:11:44.300860,Sports,1642.56,5,15,West,Net Banking,0,4,6980.88,2315.23,10,Oct,4
ORD04105,3121,2023-10-26 19:56:35.479095,Sports,1438.55,3,10,North,COD,0,5,3884.08,844.0,10,Oct,4
ORD04106,2636,2023-10-26 21:41:26.657331,Clothing,1474.85,1,15,North,Credit Card,0,3,1253.62,195.88,10,Oct,4
ORD04107,3218,2023-10-26 23:26:17.835567,Home & Kitchen,527.04,5,25,West,COD,0,2,1976.4,582.23,10,Oct,4
ORD04108,2751,2023-10-27 01:11:09.013802,Beauty,804.59,1,25,North,Net Banking,1,4,603.44,216.48,10,Oct,4
ORD04109,3217,2023-10-27 02:56:00.192038,Books,2408.84,1,30,West,UPI,0,3,1686.19,670.37,10,Oct,4
ORD04110,2787,2023-10-27 04:40:51.370274,Electronics,548.75,2,30,North,Net Banking,0,4,768.25,277.84,10,Oct,4
ORD04111,1871,2023-10-27 06:25:42.548509,Beauty,952.37,4,20,South,Debit Card,0,3,3047.58,879.22,10,Oct,4
ORD04112,3369,2023-10-27 08:10:33.726745,Home & Kitchen,100.0,5,30,East,Net Banking,1,4,350.0,105.76,10,Oct,4
ORD04113,3503,2023-10-27 09:55:24.904980,Electronics,1983.9,2,25,South,Debit Card,0,5,2975.85,1059.52,10,Oct,4
ORD04114,1943,2023-10-27 11:40:16.083216,Home & Kitchen,811.16,2,15,South,COD,0,4,1378.97,213.68,10,Oct,4
ORD04115,2626,2023-10-27 13:25:07.261452,Books,1117.79,1,0,North,Debit Card,0,5,1117.79,433.6,10,Oct,4
ORD04116,3837,2023-10-27 15:09:58.439687,Sports,182.72,5,0,East,COD,0,4,913.6,258.37,10,Oct,4
ORD04117,3660,2023-10-27 16:54:49.617923,Books,7189.82,2,20,East,Debit Card,0,4,11503.71,4463.59,10,Oct,4
ORD04118,3936,2023-10-27 18:39:40.796159,Clothing,540.31,3,10,East,Net Banking,0,5,1458.84,497.65,10,Oct,4
ORD04119,1348,2023-10-27 20:24:31.974394,Home & Kitchen,1511.74,2,20,North,Credit Card,1,4,2418.78,454.92,10,Oct,4
ORD04120,2676,2023-10-27 22:09:23.152630,Books,1305.67,3,5,South,COD,1,1,3721.16,711.91,10,Oct,4
ORD04121,2196,2023-10-27 23:54:14.330866,Electronics,2306.32,4,5,West,Debit Card,0,2,8764.02,2089.44,10,Oct,4
ORD04122,1009,2023-10-28 01:39:05.509101,Home & Kitchen,521.86,3,15,West,Credit Card,0,5,1330.74,287.44,10,Oct,4
ORD04123,3787,2023-10-28 03:23:56.687337,Sports,2115.43,3,25,West,Debit Card,0,4,4759.72,1236.69,10,Oct,4
ORD04124,2461,2023-10-28 05:08:47.865573,Electronics,723.12,1,0,East,Debit Card,0,4,723.12,217.64,10,Oct,4
ORD04125,1666,2023-10-28 06:53:39.043808,Home & Kitchen,794.4,2,25,West,Debit Card,0,3,1191.6,308.8,10,Oct,4
ORD04126,3593,2023-10-28 08:38:30.222044,Clothing,1675.37,4,20,South,Net Banking,0,3,5361.18,879.8,10,Oct,4
ORD04127,2522,2023-10-28 10:23:21.400280,Clothing,2300.7,2,5,West,Debit Card,0,5,4371.33,1721.9,10,Oct,4
ORD04128,3176,2023-10-28 12:08:12.578515,Clothing,1648.82,3,5,East,Credit Card,0,5,4699.14,1204.3,10,Oct,4
ORD04129,1600,2023-10-28 13:53:03.756751,Clothing,3452.07,3,0,East,Debit Card,0,4,10356.21,3756.91,10,Oct,4
ORD04130,3652,2023-10-28 15:37:54.934986,Sports,503.54,2,0,West,UPI,0,3,1007.08,169.68,10,Oct,4
ORD04131,1326,2023-10-28 17:22:46.113222,Clothing,3463.16,4,10,East,COD,0,5,12467.38,4394.95,10,Oct,4
ORD04132,1979,2023-10-28 19:07:37.291458,Home & Kitchen,210.38,4,0,West,Net Banking,0,4,841.52,162.71,10,Oct,4
ORD04133,3451,2023-10-28 20:52:28.469693,Electronics,1616.14,1,0,East,UPI,0,5,1616.14,516.92,10,Oct,4
ORD04134,1628,2023-10-28 22:37:19.647929,Beauty,1189.88,3,20,North,UPI,1,1,2855.71,900.84,10,Oct,4
ORD04135,2629,2023-10-29 00:22:10.826165,Home & Kitchen,1023.71,3,10,North,Credit Card,0,4,2764.02,1043.28,10,Oct,4
ORD04136,3765,2023-10-29 02:07:02.004400,Home & Kitchen,558.58,1,15,South,Credit Card,0,5,474.79,109.28,10,Oct,4
ORD04137,1273,2023-10-29 03:51:53.182636,Clothing,1050.96,2,0,North,Net Banking,0,4,2101.92,372.54,10,Oct,4
ORD04138,1684,2023-10-29 05:36:44.360872,Clothing,264.7,3,20,West,Net Banking,0,5,635.28,232.6,10,Oct,4
ORD04139,1115,2023-10-29 07:21:35.539107,Electronics,691.44,2,25,East,COD,0,4,1037.16,241.55,10,Oct,4
ORD04140,1860,2023-10-29 09:06:26.717343,Beauty,155.84,4,10,South,Debit Card,0,3,561.02,116.77,10,Oct,4
ORD04141,3003,2023-10-29 10:51:17.895579,Books,1272.41,5,25,West,Net Banking,0,5,4771.54,1295.72,10,Oct,4
ORD04142,1692,2023-10-29 12:36:09.073814,Home & Kitchen,151.0,1,20,West,Net Banking,0,2,120.8,22.53,10,Oct,4
ORD04143,2105,2023-10-29 14:21:00.252050,Home & Kitchen,262.15,3,15,South,Debit Card,0,5,668.48,149.9,10,Oct,4
ORD04144,3371,2023-10-29 16:05:51.430286,Clothing,134.01,1,15,South,COD,0,5,113.91,28.06,10,Oct,4
ORD04145,3161,2023-10-29 17:50:42.608521,Home & Kitchen,720.23,4,0,West,Credit Card,0,5,2880.92,631.83,10,Oct,4
ORD04146,2792,2023-10-29 19:35:33.786757,Home & Kitchen,2767.35,4,0,East,COD,1,5,11069.4,2906.44,10,Oct,4
ORD04147,1153,2023-10-29 21:20:24.964992,Home & Kitchen,3561.06,4,0,West,Debit Card,0,4,14244.24,3506.4,10,Oct,4
ORD04148,2900,2023-10-29 23:05:16.143228,Books,111.91,4,0,East,Credit Card,0,4,447.64,153.83,10,Oct,4
ORD04149,2427,2023-10-30 00:50:07.321464,Clothing,1509.94,5,0,South,Credit Card,0,5,7549.7,2865.88,10,Oct,4
ORD04150,2289,2023-10-30 02:34:58.499699,Electronics,1729.85,2,25,West,Credit Card,0,1,2594.77,454.68,10,Oct,4
ORD04151,1314,2023-10-30 04:19:49.677935,Sports,1144.61,2,0,North,COD,0,2,2289.22,814.56,10,Oct,4
ORD04152,2064,2023-10-30 06:04:40.856171,Home & Kitchen,1649.35,5,30,West,Debit Card,0,4,5772.72,2210.62,10,Oct,4
ORD04153,1104,2023-10-30 07:49:32.034406,Clothing,399.25,2,10,East,COD,1,1,718.65,231.16,10,Oct,4
ORD04154,2924,2023-10-30 09:34:23.212642,Beauty,1008.97,4,0,West,COD,0,5,4035.88,1610.74,10,Oct,4
ORD04155,2913,2023-10-30 11:19:14.390878,Electronics,743.6,2,10,East,UPI,0,4,1338.48,312.88,10,Oct,4
ORD04156,2216,2023-10-30 13:04:05.569113,Sports,140.98,1,0,North,Net Banking,0,3,140.98,50.41,10,Oct,4
ORD04157,2424,2023-10-30 14:48:56.747349,Beauty,1473.47,2,30,South,COD,0,4,2062.86,656.87,10,Oct,4
ORD04158,3401,2023-10-30 16:33:47.925585,Sports,1025.43,1,20,North,UPI,1,5,820.34,189.38,10,Oct,4
ORD04159,2772,2023-10-30 18:18:39.103820,Sports,482.74,3,0,East,Debit Card,0,5,1448.22,472.36,10,Oct,4
ORD04160,2960,2023-10-30 20:03:30.282056,Clothing,962.78,1,25,South,UPI,0,2,722.08,200.31,10,Oct,4
ORD04161,3780,2023-10-30 21:48:21.460292,Electronics,2239.47,1,15,South,COD,0,5,1903.55,375.46,10,Oct,4
ORD04162,2603,2023-10-30 23:33:12.638527,Home & Kitchen,2426.64,4,0,West,Debit Card,0,4,9706.56,1877.93,10,Oct,4
ORD04163,1708,2023-10-31 01:18:03.816763,Clothing,1572.7,4,15,North,UPI,0,4,5347.18,1755.75,10,Oct,4
ORD04164,1650,2023-10-31 03:02:54.994999,Electronics,945.96,4,15,East,COD,0,5,3216.26,1054.88,10,Oct,4
ORD04165,3871,2023-10-31 04:47:46.173234,Sports,1286.15,1,0,East,Debit Card,0,3,1286.15,363.59,10,Oct,4
ORD04166,1946,2023-10-31 06:32:37.351470,Clothing,729.24,5,20,South,Debit Card,1,4,2916.96,803.2,10,Oct,4
ORD04167,1660,2023-10-31 08:17:28.529705,Beauty,202.97,4,0,West,Net Banking,0,4,811.88,158.32,10,Oct,4
ORD04168,3146,2023-10-31 10:02:19.707941,Sports,730.71,4,10,East,COD,0,2,2630.56,676.9,10,Oct,4
ORD04169,3635,2023-10-31 11:47:10.886177,Sports,1133.6,1,0,West,Net Banking,0,2,1133.6,416.99,10,Oct,4
ORD04170,3329,2023-10-31 13:32:02.064412,Sports,1370.07,3,30,South,Debit Card,0,3,2877.15,1046.37,10,Oct,4
ORD04171,3450,2023-10-31 15:16:53.242648,Sports,4118.65,3,20,South,Debit Card,0,4,9884.76,3115.97,10,Oct,4
ORD04172,2132,2023-10-31 17:01:44.420884,Sports,2253.12,2,0,South,UPI,0,2,4506.24,1799.52,10,Oct,4
ORD04173,1699,2023-10-31 18:46:35.599119,Home & Kitchen,247.3,3,5,West,Net Banking,0,4,704.8,263.1,10,Oct,4
ORD04174,3246,2023-10-31 20:31:26.777355,Clothing,287.07,4,0,East,Credit Card,0,4,1148.28,213.93,10,Oct,4
ORD04175,3038,2023-10-31 22:16:17.955591,Sports,158.87,5,20,North,COD,0,5,635.48,158.73,10,Oct,4
ORD04176,3374,2023-11-01 00:01:09.133826,Sports,2010.16,2,0,West,Net Banking,0,4,4020.32,735.66,11,Nov,4
ORD04177,3201,2023-11-01 01:46:00.312062,Books,1836.89,5,20,South,Debit Card,0,5,7347.56,1958.29,11,Nov,4
ORD04178,1551,2023-11-01 03:30:51.490298,Electronics,6442.44,5,25,North,UPI,0,1,24159.15,8313.06,11,Nov,4
ORD04179,1404,2023-11-01 05:15:42.668533,Home & Kitchen,1107.29,4,15,North,COD,0,5,3764.79,711.35,11,Nov,4
ORD04180,1461,2023-11-01 07:00:33.846769,Electronics,2626.63,1,0,North,COD,0,1,2626.63,972.13,11,Nov,4
ORD04181,3179,2023-11-01 08:45:25.025005,Beauty,1288.59,1,5,North,UPI,0,5,1224.16,357.78,11,Nov,4
ORD04182,3838,2023-11-01 10:30:16.203240,Beauty,3108.24,1,10,North,Debit Card,0,4,2797.42,943.39,11,Nov,4
ORD04183,1873,2023-11-01 12:15:07.381476,Electronics,1914.93,3,15,South,Credit Card,0,4,4883.07,787.59,11,Nov,4
ORD04184,1083,2023-11-01 13:59:58.559711,Home & Kitchen,1544.54,1,15,East,UPI,1,4,1312.86,227.73,11,Nov,4
ORD04185,2422,2023-11-01 15:44:49.737947,Electronics,1249.04,4,10,North,Credit Card,0,3,4496.54,1372.41,11,Nov,4
ORD04186,3801,2023-11-01 17:29:40.916183,Home & Kitchen,1925.45,3,5,East,Net Banking,0,5,5487.53,1973.03,11,Nov,4
ORD04187,3675,2023-11-01 19:14:32.094418,Clothing,816.2,1,25,East,COD,0,5,612.15,225.56,11,Nov,4
ORD04188,1220,2023-11-01 20:59:23.272654,Home & Kitchen,152.35,5,0,West,Debit Card,0,3,761.75,245.35,11,Nov,4
ORD04189,3600,2023-11-01 22:44:14.450890,Clothing,100.0,4,10,South,Credit Card,0,5,360.0,72.08,11,Nov,4
ORD04190,2391,2023-11-02 00:29:05.629125,Electronics,978.08,4,20,North,Debit Card,0,3,3129.86,622.08,11,Nov,4
ORD04191,1111,2023-11-02 02:13:56.807361,Clothing,1371.78,2,0,East,Net Banking,0,5,2743.56,1016.05,11,Nov,4
ORD04192,1614,2023-11-02 03:58:47.985597,Electronics,123.2,4,15,West,Credit Card,0,5,418.88,74.69,11,Nov,4
ORD04193,2581,2023-11-02 05:43:39.163832,Home & Kitchen,507.21,5,20,East,Debit Card,0,3,2028.84,652.31,11,Nov,4
ORD04194,3971,2023-11-02 07:28:30.342068,Electronics,582.98,4,15,North,Debit Card,1,4,1982.13,561.69,11,Nov,4
ORD04195,1474,2023-11-02 09:13:21.520304,Books,1241.03,2,0,South,Net Banking,0,4,2482.06,633.81,11,Nov,4
ORD04196,3883,2023-11-02 10:58:12.698539,Sports,489.6,4,0,South,UPI,0,4,1958.4,509.35,11,Nov,4
ORD04197,2913,2023-11-02 12:43:03.876775,Sports,150.81,4,5,North,Net Banking,0,5,573.08,221.38,11,Nov,4
ORD04198,1270,2023-11-02 14:27:55.055011,Sports,270.23,2,0,East,Credit Card,1,4,540.46,197.46,11,Nov,4
ORD04199,3468,2023-11-02 16:12:46.233246,Beauty,286.65,4,30,West,Credit Card,0,5,802.62,293.96,11,Nov,4
ORD04200,2920,2023-11-02 17:57:37.411482,Electronics,2774.35,3,15,South,COD,0,3,7074.59,1780.35,11,Nov,4
ORD04201,3754,2023-11-02 19:42:28.589717,Electronics,501.78,4,0,South,Debit Card,0,4,2007.12,354.75,11,Nov,4
ORD04202,2390,2023-11-02 21:27:19.767953,Home & Kitchen,1881.28,1,25,East,Credit Card,1,4,1410.96,563.62,11,Nov,4
ORD04203,1039,2023-11-02 23:12:10.946189,Sports,1258.43,1,15,East,UPI,0,5,1069.67,199.32,11,Nov,4
ORD04204,2982,2023-11-03 00:57:02.124424,Beauty,5660.92,3,0,East,UPI,0,1,16982.76,4736.42,11,Nov,4
ORD04205,3236,2023-11-03 02:41:53.302660,Electronics,477.88,4,5,West,Net Banking,0,5,1815.94,392.52,11,Nov,4
ORD04206,1993,2023-11-03 04:26:44.480896,Clothing,258.63,5,0,East,Credit Card,1,4,1293.15,359.09,11,Nov,4
ORD04207,3012,2023-11-03 06:11:35.659131,Electronics,100.0,4,30,West,Credit Card,0,4,280.0,63.35,11,Nov,4
ORD04208,3583,2023-11-03 07:56:26.837367,Sports,413.55,1,10,North,COD,1,4,372.2,139.29,11,Nov,4
ORD04209,1289,2023-11-03 09:41:18.015603,Home & Kitchen,1728.36,2,25,West,COD,0,5,2592.54,1016.5,11,Nov,4
ORD04210,3480,2023-11-03 11:26:09.193838,Electronics,133.67,3,5,East,COD,0,4,380.96,96.2,11,Nov,4
ORD04211,3518,2023-11-03 13:11:00.372074,Books,420.96,2,25,West,Credit Card,0,4,631.44,105.8,11,Nov,4
ORD04212,3675,2023-11-03 14:55:51.550310,Home & Kitchen,2899.73,5,0,West,Net Banking,0,4,14498.65,4579.17,11,Nov,4
ORD04213,1278,2023-11-03 16:40:42.728545,Sports,1311.83,4,30,West,Net Banking,0,4,3673.12,896.82,11,Nov,4
ORD04214,3924,2023-11-03 18:25:33.906781,Electronics,108.08,5,25,South,Net Banking,1,2,405.3,160.7,11,Nov,4
ORD04215,1580,2023-11-03 20:10:25.085017,Sports,100.0,2,5,East,Net Banking,0,5,190.0,32.75,11,Nov,4
ORD04216,1862,2023-11-03 21:55:16.263252,Home & Kitchen,100.0,4,20,West,UPI,0,3,320.0,57.53,11,Nov,4
ORD04217,1253,2023-11-03 23:40:07.441488,Sports,4267.74,5,20,East,Credit Card,0,5,17070.96,5545.6,11,Nov,4
ORD04218,1180,2023-11-04 01:24:58.619723,Sports,2844.39,1,25,North,Debit Card,0,4,2133.29,724.6,11,Nov,4
ORD04219,1680,2023-11-04 03:09:49.797959,Electronics,2795.92,1,5,West,Credit Card,0,4,2656.12,711.24,11,Nov,4
ORD04220,1824,2023-11-04 04:54:40.976195,Electronics,3869.82,3,10,West,Net Banking,0,4,10448.51,2291.53,11,Nov,4
ORD04221,1699,2023-11-04 06:39:32.154430,Home & Kitchen,1055.57,1,25,North,UPI,0,4,791.68,180.07,11,Nov,4
ORD04222,3613,2023-11-04 08:24:23.332666,Electronics,426.22,1,20,East,UPI,0,5,340.98,79.96,11,Nov,4
ORD04223,2349,2023-11-04 10:09:14.510902,Sports,769.61,2,5,North,Credit Card,0,5,1462.26,301.69,11,Nov,4
ORD04224,2380,2023-11-04 11:54:05.689137,Home & Kitchen,1903.38,1,20,North,Debit Card,0,3,1522.7,552.22,11,Nov,4
ORD04225,2673,2023-11-04 13:38:56.867373,Sports,3131.61,1,0,North,Net Banking,0,5,3131.61,520.69,11,Nov,4
ORD04226,3727,2023-11-04 15:23:48.045609,Clothing,856.64,2,20,North,UPI,0,4,1370.62,345.15,11,Nov,4
ORD04227,3438,2023-11-04 17:08:39.223844,Clothing,1149.81,1,0,East,Net Banking,0,5,1149.81,387.37,11,Nov,4
ORD04228,2638,2023-11-04 18:53:30.402080,Home & Kitchen,4027.59,1,0,West,Net Banking,0,3,4027.59,607.99,11,Nov,4
ORD04229,2957,2023-11-04 20:38:21.580316,Electronics,170.59,3,10,North,Net Banking,0,1,460.59,170.19,11,Nov,4
ORD04230,1211,2023-11-04 22:23:12.758551,Home & Kitchen,2974.01,1,10,North,COD,0,4,2676.61,874.11,11,Nov,4
ORD04231,2538,2023-11-05 00:08:03.936787,Sports,260.29,1,10,South,Net Banking,0,4,234.26,39.44,11,Nov,4
ORD04232,1383,2023-11-05 01:52:55.115023,Clothing,992.07,3,10,East,Net Banking,1,5,2678.59,1001.12,11,Nov,4
ORD04233,2714,2023-11-05 03:37:46.293258,Sports,369.66,2,5,North,Debit Card,0,2,702.35,190.92,11,Nov,4
ORD04234,1341,2023-11-05 05:22:37.471494,Electronics,1385.53,1,0,South,Debit Card,0,1,1385.53,433.75,11,Nov,4
ORD04235,2838,2023-11-05 07:07:28.649729,Clothing,1226.62,5,20,North,COD,0,1,4906.48,1817.89,11,Nov,4
ORD04236,2987,2023-11-05 08:52:19.827965,Beauty,717.07,2,5,East,COD,0,3,1362.43,504.5,11,Nov,4
ORD04237,1843,2023-11-05 10:37:11.006201,Beauty,2984.99,2,10,South,Net Banking,0,4,5372.98,1354.99,11,Nov,4
ORD04238,2534,2023-11-05 12:22:02.184436,Books,1617.39,1,15,South,UPI,0,4,1374.78,287.91,11,Nov,4
ORD04239,1419,2023-11-05 14:06:53.362672,Beauty,1915.92,3,25,East,UPI,0,4,4310.82,924.05,11,Nov,4
ORD04240,3798,2023-11-05 15:51:44.540908,Books,244.94,2,15,South,Credit Card,0,2,416.4,142.19,11,Nov,4
ORD04241,2988,2023-11-05 17:36:35.719143,Clothing,3220.5,3,0,South,UPI,0,3,9661.5,3694.15,11,Nov,4
ORD04242,2932,2023-11-05 19:21:26.897379,Clothing,274.15,5,20,North,UPI,0,3,1096.6,184.29,11,Nov,4
ORD04243,2849,2023-11-05 21:06:18.075615,Beauty,378.06,3,30,South,Debit Card,0,5,793.93,122.07,11,Nov,4
ORD04244,1305,2023-11-05 22:51:09.253850,Electronics,205.54,4,10,West,Credit Card,0,5,739.94,263.22,11,Nov,4
ORD04245,3749,2023-11-06 00:36:00.432086,Home & Kitchen,870.69,3,30,East,Credit Card,1,5,1828.45,450.99,11,Nov,4
ORD04246,1868,2023-11-06 02:20:51.610322,Home & Kitchen,3280.0,2,10,North,Debit Card,0,5,5904.0,1293.64,11,Nov,4
ORD04247,3584,2023-11-06 04:05:42.788557,Home & Kitchen,436.43,3,10,South,UPI,0,5,1178.36,232.25,11,Nov,4
ORD04248,2135,2023-11-06 05:50:33.966793,Books,702.02,3,5,West,UPI,0,4,2000.76,473.42,11,Nov,4
ORD04249,2434,2023-11-06 07:35:25.145029,Clothing,2806.85,4,15,North,Credit Card,0,4,9543.29,3749.24,11,Nov,4
ORD04250,1205,2023-11-06 09:20:16.323264,Electronics,1442.78,4,0,East,UPI,0,5,5771.12,2275.38,11,Nov,4
ORD04251,1495,2023-11-06 11:05:07.501500,Home & Kitchen,2089.17,1,0,South,Credit Card,0,4,2089.17,486.52,11,Nov,4
ORD04252,2909,2023-11-06 12:49:58.679735,Home & Kitchen,361.2,2,0,East,UPI,0,3,722.4,282.4,11,Nov,4
ORD04253,3551,2023-11-06 14:34:49.857971,Home & Kitchen,1890.76,1,0,East,Net Banking,0,4,1890.76,425.36,11,Nov,4
ORD04254,2045,2023-11-06 16:19:41.036207,Home & Kitchen,387.4,4,5,South,Debit Card,0,5,1472.12,535.29,11,Nov,4
ORD04255,1212,2023-11-06 18:04:32.214442,Electronics,6550.88,3,10,South,COD,1,5,17687.38,3590.56,11,Nov,4
ORD04256,1309,2023-11-06 19:49:23.392678,Sports,1231.08,4,0,North,Net Banking,0,3,4924.32,1756.12,11,Nov,4
ORD04257,3708,2023-11-06 21:34:14.570914,Home & Kitchen,1784.31,5,30,East,UPI,0,5,6245.08,1489.03,11,Nov,4
ORD04258,2991,2023-11-06 23:19:05.749149,Electronics,189.03,3,0,South,COD,0,5,567.09,112.81,11,Nov,4
ORD04259,3800,2023-11-07 01:03:56.927385,Books,432.84,1,10,East,Net Banking,0,3,389.56,149.47,11,Nov,4
ORD04260,1271,2023-11-07 02:48:48.105621,Sports,225.78,3,0,South,Debit Card,1,5,677.34,137.87,11,Nov,4
ORD04261,2822,2023-11-07 04:33:39.283856,Sports,741.86,5,0,East,COD,0,5,3709.3,1476.15,11,Nov,4
ORD04262,3985,2023-11-07 06:18:30.462092,Clothing,501.4,4,0,North,COD,0,1,2005.6,355.28,11,Nov,4
ORD04263,3079,2023-11-07 08:03:21.640328,Home & Kitchen,1980.32,2,10,East,Debit Card,0,4,3564.58,543.62,11,Nov,4
ORD04264,1442,2023-11-07 09:48:12.818563,Electronics,172.63,2,20,South,Net Banking,0,4,276.21,101.56,11,Nov,4
ORD04265,3209,2023-11-07 11:33:03.996799,Electronics,2091.85,2,0,West,COD,0,4,4183.7,1241.1,11,Nov,4
ORD04266,3814,2023-11-07 13:17:55.175035,Home & Kitchen,100.0,4,5,North,Debit Card,0,5,380.0,97.05,11,Nov,4
ORD04267,1253,2023-11-07 15:02:46.353270,Home & Kitchen,338.5,2,0,North,Net Banking,0,4,677.0,115.42,11,Nov,4
ORD04268,1520,2023-11-07 16:47:37.531506,Sports,2355.07,5,20,West,UPI,0,4,9420.28,2766.95,11,Nov,4
ORD04269,1976,2023-11-07 18:32:28.709741,Clothing,2036.72,4,20,South,Credit Card,0,5,6517.5,1619.15,11,Nov,4
ORD04270,1009,2023-11-07 20:17:19.887977,Electronics,970.33,2,0,North,UPI,0,5,1940.66,525.74,11,Nov,4
ORD04271,3773,2023-11-07 22:02:11.066213,Books,100.0,1,5,West,UPI,0,2,95.0,29.22,11,Nov,4
ORD04272,3552,2023-11-07 23:47:02.244448,Electronics,1412.0,4,30,West,Credit Card,0,5,3953.6,1225.55,11,Nov,4
ORD04273,3832,2023-11-08 01:31:53.422684,Electronics,783.14,4,5,East,UPI,0,2,2975.93,1161.06,11,Nov,4
ORD04274,2583,2023-11-08 03:16:44.600920,Clothing,570.85,3,10,East,UPI,0,4,1541.3,483.6,11,Nov,4
ORD04275,3483,2023-11-08 05:01:35.779155,Clothing,1534.19,2,5,South,Debit Card,1,5,2914.96,684.58,11,Nov,4
ORD04276,2134,2023-11-08 06:46:26.957391,Clothing,860.69,1,10,West,Debit Card,0,5,774.62,180.03,11,Nov,4
ORD04277,1152,2023-11-08 08:31:18.135627,Home & Kitchen,145.46,5,30,East,Net Banking,1,5,509.11,137.1,11,Nov,4
ORD04278,2658,2023-11-08 10:16:09.313862,Electronics,3714.52,4,30,South,COD,0,1,10400.66,2234.39,11,Nov,4
ORD04279,3964,2023-11-08 12:01:00.492098,Electronics,2260.95,5,20,North,Net Banking,0,3,9043.8,2207.68,11,Nov,4
ORD04280,3916,2023-11-08 13:45:51.670334,Home & Kitchen,100.0,5,10,East,Debit Card,1,5,450.0,162.24,11,Nov,4
ORD04281,3800,2023-11-08 15:30:42.848569,Electronics,1116.86,5,10,South,Debit Card,0,2,5025.87,1834.14,11,Nov,4
ORD04282,2856,2023-11-08 17:15:34.026805,Home & Kitchen,130.59,3,5,East,Credit Card,0,2,372.18,114.24,11,Nov,4
ORD04283,2214,2023-11-08 19:00:25.205041,Electronics,2723.68,5,30,North,Credit Card,0,5,9532.88,2818.97,11,Nov,4
ORD04284,2752,2023-11-08 20:45:16.383276,Clothing,1424.05,2,15,North,Debit Card,0,4,2420.88,621.62,11,Nov,4
ORD04285,3610,2023-11-08 22:30:07.561512,Electronics,283.93,2,10,East,UPI,0,4,511.07,157.91,11,Nov,4
ORD04286,2104,2023-11-09 00:14:58.739747,Electronics,100.0,1,0,North,Net Banking,0,3,100.0,35.15,11,Nov,4
ORD04287,3536,2023-11-09 01:59:49.917983,Home & Kitchen,100.0,1,10,South,Debit Card,0,5,90.0,30.1,11,Nov,4
ORD04288,1894,2023-11-09 03:44:41.096219,Beauty,1061.98,5,30,East,Debit Card,0,5,3716.93,590.49,11,Nov,4
ORD04289,2111,2023-11-09 05:29:32.274454,Electronics,1988.5,5,10,East,Credit Card,1,1,8948.25,2977.82,11,Nov,4
ORD04290,1103,2023-11-09 07:14:23.452690,Clothing,193.18,3,0,North,Net Banking,0,4,579.54,191.24,11,Nov,4
ORD04291,2914,2023-11-09 08:59:14.630926,Home & Kitchen,375.16,5,0,South,Net Banking,1,3,1875.8,327.79,11,Nov,4
ORD04292,2006,2023-11-09 10:44:05.809161,Books,594.59,5,5,East,COD,0,5,2824.3,529.73,11,Nov,4
ORD04293,1406,2023-11-09 12:28:56.987397,Sports,369.0,5,25,East,Debit Card,1,4,1383.75,480.13,11,Nov,4
ORD04294,2401,2023-11-09 14:13:48.165633,Electronics,744.73,4,30,North,COD,0,5,2085.24,604.19,11,Nov,4
ORD04295,1166,2023-11-09 15:58:39.343868,Beauty,1230.16,4,25,North,Credit Card,0,4,3690.48,1311.62,11,Nov,4
ORD04296,1508,2023-11-09 17:43:30.522104,Clothing,1732.47,3,15,South,COD,0,4,4417.8,866.71,11,Nov,4
ORD04297,2661,2023-11-09 19:28:21.700340,Clothing,4977.02,3,10,South,UPI,1,5,13437.95,2118.54,11,Nov,4
ORD04298,3360,2023-11-09 21:13:12.878575,Sports,4007.08,2,10,North,Debit Card,0,4,7212.74,1373.92,11,Nov,4
ORD04299,1762,2023-11-09 22:58:04.056811,Home & Kitchen,1266.4,3,10,South,Debit Card,0,5,3419.28,899.76,11,Nov,4
ORD04300,1680,2023-11-10 00:42:55.235047,Books,1987.23,2,15,West,Net Banking,0,4,3378.29,948.7,11,Nov,4
ORD04301,3524,2023-11-10 02:27:46.413282,Home & Kitchen,4520.0,5,10,West,COD,0,3,20340.0,7412.41,11,Nov,4
ORD04302,3120,2023-11-10 04:12:37.591518,Home & Kitchen,130.74,3,15,North,Net Banking,1,4,333.39,109.7,11,Nov,4
ORD04303,2164,2023-11-10 05:57:28.769753,Electronics,100.0,3,0,East,COD,0,4,300.0,119.28,11,Nov,4
ORD04304,1581,2023-11-10 07:42:19.947989,Home & Kitchen,100.0,3,0,North,COD,0,4,300.0,50.9,11,Nov,4
ORD04305,1261,2023-11-10 09:27:11.126225,Electronics,1242.93,2,20,North,Credit Card,1,5,1988.69,363.05,11,Nov,4
ORD04306,2363,2023-11-10 11:12:02.304460,Sports,2158.49,2,25,North,COD,0,4,3237.73,553.94,11,Nov,4
ORD04307,2331,2023-11-10 12:56:53.482696,Beauty,686.1,1,10,East,Net Banking,0,5,617.49,175.75,11,Nov,4
ORD04308,3292,2023-11-10 14:41:44.660932,Clothing,1181.98,2,0,West,COD,0,4,2363.96,512.31,11,Nov,4
ORD04309,2538,2023-11-10 16:26:35.839167,Clothing,1089.64,2,25,South,COD,1,3,1634.46,524.51,11,Nov,4
ORD04310,1560,2023-11-10 18:11:27.017403,Electronics,149.35,4,15,West,Debit Card,0,2,507.79,93.01,11,Nov,4
ORD04311,2099,2023-11-10 19:56:18.195639,Electronics,582.0,3,10,South,Debit Card,0,5,1571.4,276.25,11,Nov,4
ORD04312,2903,2023-11-10 21:41:09.373874,Beauty,100.0,2,10,South,Debit Card,0,2,180.0,47.71,11,Nov,4
ORD04313,1174,2023-11-10 23:26:00.552110,Electronics,175.99,3,10,North,UPI,0,2,475.17,115.93,11,Nov,4
ORD04314,3156,2023-11-11 01:10:51.730346,Clothing,2505.84,3,10,North,Debit Card,0,2,6765.77,2417.35,11,Nov,4
ORD04315,3230,2023-11-11 02:55:42.908581,Sports,2652.77,4,25,South,UPI,0,4,7958.31,2860.13,11,Nov,4
ORD04316,1191,2023-11-11 04:40:34.086817,Sports,2428.83,3,0,East,UPI,0,4,7286.49,1306.88,11,Nov,4
ORD04317,1064,2023-11-11 06:25:25.265053,Books,1946.43,2,0,East,Net Banking,0,1,3892.86,1374.49,11,Nov,4
ORD04318,2497,2023-11-11 08:10:16.443288,Home & Kitchen,2364.82,3,0,East,Debit Card,1,4,7094.46,2064.78,11,Nov,4
ORD04319,2567,2023-11-11 09:55:07.621524,Home & Kitchen,1667.47,1,5,East,COD,0,4,1584.1,437.04,11,Nov,4
ORD04320,3911,2023-11-11 11:39:58.799759,Beauty,1662.24,1,0,North,Credit Card,0,5,1662.24,288.72,11,Nov,4
ORD04321,2151,2023-11-11 13:24:49.977995,Home & Kitchen,1651.05,4,0,West,COD,0,5,6604.2,2211.8,11,Nov,4
ORD04322,2937,2023-11-11 15:09:41.156231,Home & Kitchen,1082.45,2,0,West,Debit Card,0,4,2164.9,357.01,11,Nov,4
ORD04323,1368,2023-11-11 16:54:32.334466,Electronics,677.3,4,0,South,COD,0,4,2709.2,594.46,11,Nov,4
ORD04324,1850,2023-11-11 18:39:23.512702,Electronics,1965.09,1,5,East,Debit Card,1,3,1866.84,324.56,11,Nov,4
ORD04325,1042,2023-11-11 20:24:14.690938,Home & Kitchen,532.11,2,0,North,Debit Card,0,5,1064.22,300.85,11,Nov,4
ORD04326,2907,2023-11-11 22:09:05.869173,Beauty,1174.29,3,15,North,COD,0,4,2994.44,932.19,11,Nov,4
ORD04327,3535,2023-11-11 23:53:57.047409,Sports,852.04,2,10,North,UPI,0,4,1533.67,571.62,11,Nov,4
ORD04328,1077,2023-11-12 01:38:48.225645,Beauty,485.74,5,0,South,Net Banking,0,5,2428.7,809.89,11,Nov,4
ORD04329,3873,2023-11-12 03:23:39.403880,Books,5514.83,2,10,North,Net Banking,0,5,9926.69,3874.15,11,Nov,4
ORD04330,2824,2023-11-12 05:08:30.582116,Sports,449.13,3,30,South,Net Banking,0,5,943.17,320.9,11,Nov,4
ORD04331,2293,2023-11-12 06:53:21.760352,Sports,555.06,5,25,South,Net Banking,0,5,2081.48,467.33,11,Nov,4
ORD04332,1673,2023-11-12 08:38:12.938587,Home & Kitchen,264.37,4,0,South,Credit Card,0,5,1057.48,303.39,11,Nov,4
ORD04333,1700,2023-11-12 10:23:04.116823,Clothing,2597.24,2,20,South,Debit Card,1,5,4155.58,1099.09,11,Nov,4
ORD04334,1758,2023-11-12 12:07:55.295059,Books,1324.97,4,5,North,Credit Card,0,3,5034.89,1467.63,11,Nov,4
ORD04335,2923,2023-11-12 13:52:46.473294,Sports,1424.15,2,0,North,Net Banking,0,5,2848.3,834.62,11,Nov,4
ORD04336,3775,2023-11-12 15:37:37.651530,Clothing,2576.88,1,0,West,Net Banking,1,5,2576.88,838.84,11,Nov,4
ORD04337,3972,2023-11-12 17:22:28.829765,Beauty,629.92,1,5,North,COD,0,3,598.42,102.19,11,Nov,4
ORD04338,1901,2023-11-12 19:07:20.008001,Electronics,322.83,3,10,East,Net Banking,0,4,871.64,293.47,11,Nov,4
ORD04339,3936,2023-11-12 20:52:11.186237,Home & Kitchen,331.73,1,15,East,Debit Card,0,2,281.97,52.43,11,Nov,4
ORD04340,1992,2023-11-12 22:37:02.364472,Home & Kitchen,1978.63,5,15,South,Net Banking,0,5,8409.18,1316.47,11,Nov,4
ORD04341,2191,2023-11-13 00:21:53.542708,Home & Kitchen,1428.32,5,0,South,Net Banking,0,4,7141.6,1997.69,11,Nov,4
ORD04342,3386,2023-11-13 02:06:44.720944,Clothing,346.65,2,5,South,Credit Card,0,3,658.63,194.54,11,Nov,4
ORD04343,3240,2023-11-13 03:51:35.899179,Beauty,235.1,4,5,West,Debit Card,0,3,893.38,141.79,11,Nov,4
ORD04344,2476,2023-11-13 05:36:27.077415,Home & Kitchen,192.92,5,5,South,UPI,0,5,916.37,255.52,11,Nov,4
ORD04345,3330,2023-11-13 07:21:18.255651,Clothing,1482.48,2,30,West,COD,0,4,2075.47,588.69,11,Nov,4
ORD04346,1389,2023-11-13 09:06:09.433886,Home & Kitchen,100.0,4,20,South,UPI,0,4,320.0,52.2,11,Nov,4
ORD04347,1999,2023-11-13 10:51:00.612122,Clothing,100.0,1,30,East,Credit Card,0,4,70.0,22.95,11,Nov,4
ORD04348,1524,2023-11-13 12:35:51.790358,Clothing,740.35,2,15,South,Net Banking,0,2,1258.6,254.96,11,Nov,4
ORD04349,2855,2023-11-13 14:20:42.968593,Clothing,1763.32,4,10,North,COD,0,2,6347.95,2212.99,11,Nov,4
ORD04350,2506,2023-11-13 16:05:34.146829,Sports,1781.36,3,5,South,Debit Card,0,4,5076.88,1156.03,11,Nov,4
ORD04351,1658,2023-11-13 17:50:25.325065,Books,843.49,3,10,North,COD,0,4,2277.42,613.7,11,Nov,4
ORD04352,3763,2023-11-13 19:35:16.503300,Home & Kitchen,1761.98,5,10,North,Credit Card,0,4,7928.91,2957.19,11,Nov,4
ORD04353,1890,2023-11-13 21:20:07.681536,Clothing,1104.38,4,20,North,Net Banking,0,4,3534.02,1242.37,11,Nov,4
ORD04354,2481,2023-11-13 23:04:58.859771,Clothing,5653.93,3,10,North,Credit Card,0,2,15265.61,5273.75,11,Nov,4
ORD04355,1451,2023-11-14 00:49:50.038007,Beauty,265.93,5,0,West,Debit Card,0,5,1329.65,252.78,11,Nov,4
ORD04356,3475,2023-11-14 02:34:41.216243,Home & Kitchen,1376.94,2,20,West,UPI,0,3,2203.1,356.98,11,Nov,4
ORD04357,2537,2023-11-14 04:19:32.394478,Beauty,1013.66,2,25,South,Net Banking,0,2,1520.49,458.34,11,Nov,4
ORD04358,1882,2023-11-14 06:04:23.572714,Electronics,324.38,4,10,South,Net Banking,0,3,1167.77,295.06,11,Nov,4
ORD04359,1312,2023-11-14 07:49:14.750950,Electronics,2079.38,4,15,West,Credit Card,0,2,7069.89,2667.25,11,Nov,4
ORD04360,1839,2023-11-14 09:34:05.929185,Sports,483.43,4,0,South,Credit Card,1,3,1933.72,459.06,11,Nov,4
ORD04361,3566,2023-11-14 11:18:57.107421,Home & Kitchen,721.2,4,10,South,Credit Card,0,4,2596.32,655.93,11,Nov,4
ORD04362,1374,2023-11-14 13:03:48.285657,Electronics,704.6,3,0,West,Net Banking,1,5,2113.8,595.03,11,Nov,4
ORD04363,1450,2023-11-14 14:48:39.463892,Clothing,419.98,3,0,West,Credit Card,0,3,1259.94,439.85,11,Nov,4
ORD04364,1594,2023-11-14 16:33:30.642128,Sports,845.04,5,15,South,COD,0,4,3591.42,779.61,11,Nov,4
ORD04365,2233,2023-11-14 18:18:21.820364,Books,961.82,3,5,West,COD,0,5,2741.19,1056.61,11,Nov,4
ORD04366,1499,2023-11-14 20:03:12.998599,Home & Kitchen,2045.17,2,15,East,COD,0,3,3476.79,990.82,11,Nov,4
ORD04367,1463,2023-11-14 21:48:04.176835,Clothing,2172.69,5,25,North,Net Banking,0,5,8147.59,2935.12,11,Nov,4
ORD04368,1112,2023-11-14 23:32:55.355071,Clothing,258.95,3,0,North,Credit Card,0,3,776.85,218.61,11,Nov,4
ORD04369,2035,2023-11-15 01:17:46.533306,Beauty,1347.57,4,15,East,Debit Card,0,3,4581.74,1571.53,11,Nov,4
ORD04370,3378,2023-11-15 03:02:37.711542,Electronics,3397.9,3,10,East,Credit Card,0,4,9174.33,1494.09,11,Nov,4
ORD04371,2924,2023-11-15 04:47:28.889777,Books,172.76,1,0,South,Net Banking,0,3,172.76,60.43,11,Nov,4
ORD04372,1139,2023-11-15 06:32:20.068013,Sports,960.59,5,15,South,COD,0,5,4082.51,1147.14,11,Nov,4
ORD04373,2424,2023-11-15 08:17:11.246249,Electronics,2081.56,3,15,North,Net Banking,0,2,5307.98,1392.57,11,Nov,4
ORD04374,3949,2023-11-15 10:02:02.424484,Clothing,1418.16,3,10,South,Credit Card,1,4,3829.03,681.19,11,Nov,4
ORD04375,1516,2023-11-15 11:46:53.602720,Home & Kitchen,159.02,2,25,North,Net Banking,1,4,238.53,80.0,11,Nov,4
ORD04376,3616,2023-11-15 13:31:44.780956,Books,757.78,4,10,South,Debit Card,0,2,2728.01,498.66,11,Nov,4
ORD04377,2947,2023-11-15 15:16:35.959191,Books,1061.6,4,30,South,Net Banking,0,5,2972.48,588.79,11,Nov,4
ORD04378,3893,2023-11-15 17:01:27.137427,Clothing,8225.38,2,10,North,UPI,0,4,14805.68,2688.8,11,Nov,4
ORD04379,3165,2023-11-15 18:46:18.315663,Home & Kitchen,295.13,2,0,East,Net Banking,0,5,590.26,89.51,11,Nov,4
ORD04380,1887,2023-11-15 20:31:09.493898,Home & Kitchen,6061.81,1,10,East,Credit Card,0,5,5455.63,1721.13,11,Nov,4
ORD04381,2341,2023-11-15 22:16:00.672134,Home & Kitchen,707.77,5,0,South,UPI,0,4,3538.85,770.45,11,Nov,4
ORD04382,1049,2023-11-16 00:00:51.850370,Electronics,335.32,4,10,East,COD,0,4,1207.15,226.18,11,Nov,4
ORD04383,1018,2023-11-16 01:45:43.028605,Home & Kitchen,801.93,2,15,South,Credit Card,0,3,1363.28,313.55,11,Nov,4
ORD04384,1725,2023-11-16 03:30:34.206841,Beauty,1427.86,2,10,West,Debit Card,0,3,2570.15,706.2,11,Nov,4
ORD04385,3244,2023-11-16 05:15:25.385077,Books,360.24,5,0,West,Net Banking,0,1,1801.2,496.87,11,Nov,4
ORD04386,2473,2023-11-16 07:00:16.563312,Home & Kitchen,516.78,2,10,West,Net Banking,0,5,930.2,224.92,11,Nov,4
ORD04387,3606,2023-11-16 08:45:07.741548,Home & Kitchen,2891.85,1,0,East,Credit Card,0,4,2891.85,791.59,11,Nov,4
ORD04388,1451,2023-11-16 10:29:58.919783,Sports,10375.89,5,15,East,Net Banking,0,1,44097.53,11325.81,11,Nov,4
ORD04389,3336,2023-11-16 12:14:50.098019,Beauty,574.47,1,20,North,Net Banking,0,1,459.58,163.46,11,Nov,4
ORD04390,2164,2023-11-16 13:59:41.276255,Electronics,241.76,3,30,East,COD,0,3,507.7,79.91,11,Nov,4
ORD04391,2107,2023-11-16 15:44:32.454490,Clothing,2363.79,4,0,South,Net Banking,0,1,9455.16,3470.11,11,Nov,4
ORD04392,3438,2023-11-16 17:29:23.632726,Clothing,1376.15,2,10,North,Net Banking,0,4,2477.07,522.61,11,Nov,4
ORD04393,1214,2023-11-16 19:14:14.810962,Clothing,158.71,5,10,East,COD,0,2,714.2,236.0,11,Nov,4
ORD04394,2549,2023-11-16 20:59:05.989197,Electronics,4399.74,1,25,North,Net Banking,0,1,3299.8,829.11,11,Nov,4
ORD04395,3262,2023-11-16 22:43:57.167433,Sports,121.9,4,15,East,COD,1,4,414.46,92.67,11,Nov,4
ORD04396,1127,2023-11-17 00:28:48.345669,Electronics,1472.67,4,0,South,Debit Card,0,5,5890.68,1789.81,11,Nov,4
ORD04397,2845,2023-11-17 02:13:39.523904,Books,827.31,2,10,West,Net Banking,0,4,1489.16,509.62,11,Nov,4
ORD04398,1759,2023-11-17 03:58:30.702140,Home & Kitchen,1220.01,4,15,West,Credit Card,0,5,4148.03,1088.79,11,Nov,4
ORD04399,3451,2023-11-17 05:43:21.880376,Electronics,359.7,2,15,South,UPI,0,1,611.49,163.05,11,Nov,4
ORD04400,2815,2023-11-17 07:28:13.058611,Beauty,1747.66,3,25,North,Debit Card,0,5,3932.24,647.7,11,Nov,4
ORD04401,3385,2023-11-17 09:13:04.236847,Sports,4817.84,2,0,West,Net Banking,0,2,9635.68,3671.18,11,Nov,4
ORD04402,3878,2023-11-17 10:57:55.415083,Books,919.91,1,30,East,Credit Card,0,5,643.94,232.93,11,Nov,4
ORD04403,3761,2023-11-17 12:42:46.593318,Clothing,1110.23,4,0,East,UPI,0,5,4440.92,1108.0,11,Nov,4
ORD04404,1360,2023-11-17 14:27:37.771554,Electronics,411.28,4,30,North,COD,0,5,1151.58,392.96,11,Nov,4
ORD04405,1568,2023-11-17 16:12:28.949789,Home & Kitchen,3336.6,4,25,North,Net Banking,0,5,10009.8,2285.44,11,Nov,4
ORD04406,2415,2023-11-17 17:57:20.128025,Electronics,5319.74,2,15,South,COD,1,4,9043.56,3007.94,11,Nov,4
ORD04407,3265,2023-11-17 19:42:11.306261,Home & Kitchen,2314.75,5,15,West,Debit Card,1,3,9837.69,2746.42,11,Nov,4
ORD04408,2597,2023-11-17 21:27:02.484496,Sports,1173.86,2,0,North,UPI,1,4,2347.72,622.6,11,Nov,4
ORD04409,2692,2023-11-17 23:11:53.662732,Electronics,4712.76,1,0,West,UPI,0,4,4712.76,773.51,11,Nov,4
ORD04410,1201,2023-11-18 00:56:44.840968,Sports,250.59,2,0,West,COD,0,1,501.18,196.14,11,Nov,4
ORD04411,3064,2023-11-18 02:41:36.019203,Electronics,976.54,4,0,East,COD,0,4,3906.16,1403.69,11,Nov,4
ORD04412,3369,2023-11-18 04:26:27.197439,Beauty,1157.01,3,10,North,Debit Card,0,4,3123.93,1088.21,11,Nov,4
ORD04413,1517,2023-11-18 06:11:18.375675,Electronics,1015.66,1,0,South,Credit Card,0,1,1015.66,229.77,11,Nov,4
ORD04414,2348,2023-11-18 07:56:09.553910,Home & Kitchen,2432.4,3,25,North,Net Banking,0,4,5472.9,1217.16,11,Nov,4
ORD04415,2435,2023-11-18 09:41:00.732146,Clothing,1664.83,1,10,West,Credit Card,0,4,1498.35,439.46,11,Nov,4
ORD04416,2341,2023-11-18 11:25:51.910382,Sports,203.14,1,15,East,UPI,1,3,172.67,62.43,11,Nov,4
ORD04417,1680,2023-11-18 13:10:43.088617,Books,638.01,4,15,North,Net Banking,0,4,2169.23,832.24,11,Nov,4
ORD04418,2988,2023-11-18 14:55:34.266853,Electronics,621.18,2,5,North,Debit Card,0,5,1180.24,256.39,11,Nov,4
ORD04419,2491,2023-11-18 16:40:25.445089,Home & Kitchen,1250.8,4,0,North,Credit Card,0,5,5003.2,1510.23,11,Nov,4
ORD04420,1424,2023-11-18 18:25:16.623324,Clothing,516.82,4,5,South,Credit Card,0,4,1963.92,650.01,11,Nov,4
ORD04421,2968,2023-11-18 20:10:07.801560,Home & Kitchen,187.11,4,20,South,Net Banking,1,4,598.75,123.7,11,Nov,4
ORD04422,2712,2023-11-18 21:54:58.979795,Sports,1590.6,3,10,South,Debit Card,0,2,4294.62,1081.67,11,Nov,4
ORD04423,3434,2023-11-18 23:39:50.158031,Clothing,2856.09,1,0,South,Debit Card,0,1,2856.09,562.27,11,Nov,4
ORD04424,1777,2023-11-19 01:24:41.336267,Clothing,4023.75,5,20,East,Credit Card,1,3,16095.0,5226.47,11,Nov,4
ORD04425,3145,2023-11-19 03:09:32.514502,Electronics,5394.64,2,0,East,Credit Card,0,5,10789.28,3948.3,11,Nov,4
ORD04426,2826,2023-11-19 04:54:23.692738,Home & Kitchen,2278.83,4,15,South,COD,0,5,7748.02,2861.99,11,Nov,4
ORD04427,1207,2023-11-19 06:39:14.870974,Clothing,225.72,1,10,West,Net Banking,0,5,203.15,64.5,11,Nov,4
ORD04428,2537,2023-11-19 08:24:06.049209,Clothing,2877.13,2,15,South,Debit Card,0,4,4891.12,1158.16,11,Nov,4
ORD04429,2659,2023-11-19 10:08:57.227445,Electronics,766.14,5,25,South,UPI,0,3,2873.02,905.75,11,Nov,4
ORD04430,3633,2023-11-19 11:53:48.405681,Clothing,1963.51,5,20,West,Net Banking,0,4,7854.04,2875.1,11,Nov,4
ORD04431,3213,2023-11-19 13:38:39.583916,Beauty,1136.59,4,10,North,COD,1,4,4091.72,1253.96,11,Nov,4
ORD04432,1021,2023-11-19 15:23:30.762152,Clothing,2645.69,5,0,West,Net Banking,0,4,13228.45,3349.75,11,Nov,4
ORD04433,1153,2023-11-19 17:08:21.940388,Home & Kitchen,831.4,5,20,West,Credit Card,0,4,3325.6,1263.56,11,Nov,4
ORD04434,2962,2023-11-19 18:53:13.118623,Sports,100.0,2,10,East,Net Banking,0,5,180.0,64.58,11,Nov,4
ORD04435,1218,2023-11-19 20:38:04.296859,Home & Kitchen,1220.68,2,0,North,Net Banking,0,5,2441.36,904.79,11,Nov,4
ORD04436,1668,2023-11-19 22:22:55.475095,Clothing,281.83,4,15,West,Net Banking,1,4,958.22,360.1,11,Nov,4
ORD04437,2518,2023-11-20 00:07:46.653330,Home & Kitchen,5050.96,1,0,South,UPI,0,5,5050.96,1254.93,11,Nov,4
ORD04438,3277,2023-11-20 01:52:37.831566,Sports,1122.87,4,0,West,COD,0,1,4491.48,1638.98,11,Nov,4
ORD04439,3067,2023-11-20 03:37:29.009801,Electronics,1209.67,3,25,East,Net Banking,0,4,2721.76,796.35,11,Nov,4
ORD04440,3600,2023-11-20 05:22:20.188037,Clothing,3567.03,5,10,West,Net Banking,0,3,16051.64,2560.87,11,Nov,4
ORD04441,1949,2023-11-20 07:07:11.366273,Electronics,1469.59,1,0,South,UPI,0,3,1469.59,454.04,11,Nov,4
ORD04442,3195,2023-11-20 08:52:02.544508,Clothing,540.87,2,15,North,Debit Card,0,2,919.48,246.1,11,Nov,4
ORD04443,1402,2023-11-20 10:36:53.722744,Clothing,526.67,3,25,East,Net Banking,0,3,1185.01,259.27,11,Nov,4
ORD04444,1595,2023-11-20 12:21:44.900980,Home & Kitchen,1044.46,3,0,North,Net Banking,0,5,3133.38,1230.15,11,Nov,4
ORD04445,3414,2023-11-20 14:06:36.079215,Electronics,3021.7,5,15,East,Debit Card,0,4,12842.22,2103.14,11,Nov,4
ORD04446,2437,2023-11-20 15:51:27.257451,Books,2375.14,2,20,South,Net Banking,0,5,3800.22,1468.67,11,Nov,4
ORD04447,3849,2023-11-20 17:36:18.435687,Home & Kitchen,4934.78,1,0,East,Net Banking,0,3,4934.78,936.7,11,Nov,4
ORD04448,3965,2023-11-20 19:21:09.613922,Books,111.9,2,10,North,Net Banking,1,3,201.42,49.2,11,Nov,4
ORD04449,2157,2023-11-20 21:06:00.792158,Home & Kitchen,468.63,5,0,North,COD,1,4,2343.15,595.88,11,Nov,4
ORD04450,2742,2023-11-20 22:50:51.970394,Clothing,125.41,3,15,West,Credit Card,0,4,319.8,106.42,11,Nov,4
ORD04451,2306,2023-11-21 00:35:43.148629,Beauty,2085.93,5,20,North,COD,0,4,8343.72,1701.3,11,Nov,4
ORD04452,1072,2023-11-21 02:20:34.326865,Books,227.69,4,0,West,Debit Card,0,4,910.76,361.14,11,Nov,4
ORD04453,1480,2023-11-21 04:05:25.505101,Home & Kitchen,157.85,3,20,North,COD,0,5,378.84,127.76,11,Nov,4
ORD04454,1559,2023-11-21 05:50:16.683336,Sports,1237.18,5,20,West,COD,0,4,4948.72,1719.62,11,Nov,4
ORD04455,1744,2023-11-21 07:35:07.861572,Clothing,795.23,1,5,South,UPI,0,4,755.47,133.42,11,Nov,4
ORD04456,2466,2023-11-21 09:19:59.039807,Electronics,1883.43,1,15,West,Debit Card,0,4,1600.92,430.77,11,Nov,4
ORD04457,1099,2023-11-21 11:04:50.218043,Home & Kitchen,1001.26,1,0,North,Debit Card,0,5,1001.26,386.89,11,Nov,4
ORD04458,2082,2023-11-21 12:49:41.396279,Books,830.95,4,25,South,Debit Card,0,4,2492.85,542.24,11,Nov,4
ORD04459,3555,2023-11-21 14:34:32.574514,Sports,831.38,2,10,East,COD,0,4,1496.48,278.86,11,Nov,4
ORD04460,3305,2023-11-21 16:19:23.752750,Beauty,3082.14,1,15,North,Debit Card,0,3,2619.82,710.88,11,Nov,4
ORD04461,1412,2023-11-21 18:04:14.930986,Clothing,754.35,4,15,West,UPI,1,4,2564.79,981.28,11,Nov,4
ORD04462,2088,2023-11-21 19:49:06.109221,Clothing,608.34,1,10,East,Net Banking,0,5,547.51,148.76,11,Nov,4
ORD04463,3642,2023-11-21 21:33:57.287457,Clothing,619.95,4,25,West,COD,0,3,1859.85,467.21,11,Nov,4
ORD04464,2177,2023-11-21 23:18:48.465693,Clothing,328.36,1,15,East,Net Banking,0,5,279.11,87.24,11,Nov,4
ORD04465,3008,2023-11-22 01:03:39.643928,Sports,2956.57,2,25,South,Net Banking,0,4,4434.86,1703.97,11,Nov,4
ORD04466,3313,2023-11-22 02:48:30.822164,Sports,237.84,5,10,North,COD,0,4,1070.28,173.67,11,Nov,4
ORD04467,1820,2023-11-22 04:33:22.000400,Books,3588.94,1,0,South,COD,0,5,3588.94,675.97,11,Nov,4
ORD04468,1661,2023-11-22 06:18:13.178635,Electronics,500.0,5,25,North,Debit Card,0,4,1875.0,343.48,11,Nov,4
ORD04469,3994,2023-11-22 08:03:04.356871,Clothing,3445.3,1,15,East,UPI,0,5,2928.5,501.75,11,Nov,4
ORD04470,1559,2023-11-22 09:47:55.535107,Clothing,2346.84,2,15,South,COD,0,4,3989.63,899.77,11,Nov,4
ORD04471,3964,2023-11-22 11:32:46.713342,Sports,1308.37,5,30,North,Net Banking,1,3,4579.29,949.41,11,Nov,4
ORD04472,3938,2023-11-22 13:17:37.891578,Electronics,1660.59,4,0,East,COD,0,4,6642.36,1907.51,11,Nov,4
ORD04473,2271,2023-11-22 15:02:29.069813,Sports,591.44,1,10,South,UPI,0,5,532.3,123.4,11,Nov,4
ORD04474,2813,2023-11-22 16:47:20.248049,Home & Kitchen,1280.78,1,0,South,Credit Card,0,5,1280.78,321.86,11,Nov,4
ORD04475,3915,2023-11-22 18:32:11.426285,Home & Kitchen,518.82,4,15,South,Net Banking,0,3,1763.99,679.96,11,Nov,4
ORD04476,1609,2023-11-22 20:17:02.604520,Clothing,771.93,2,20,South,Credit Card,0,4,1235.09,233.33,11,Nov,4
ORD04477,3461,2023-11-22 22:01:53.782756,Home & Kitchen,2170.1,3,30,West,Credit Card,0,4,4557.21,1126.15,11,Nov,4
ORD04478,1024,2023-11-22 23:46:44.960992,Home & Kitchen,419.44,1,10,East,UPI,1,4,377.5,80.89,11,Nov,4
ORD04479,3028,2023-11-23 01:31:36.139227,Sports,2738.09,4,20,West,COD,0,3,8761.89,2517.22,11,Nov,4
ORD04480,1283,2023-11-23 03:16:27.317463,Clothing,707.13,3,25,East,Credit Card,0,3,1591.04,531.54,11,Nov,4
ORD04481,2472,2023-11-23 05:01:18.495699,Books,1139.48,1,15,East,Debit Card,0,5,968.56,343.11,11,Nov,4
ORD04482,3928,2023-11-23 06:46:09.673934,Home & Kitchen,4269.95,5,0,East,COD,0,5,21349.75,5952.83,11,Nov,4
ORD04483,1300,2023-11-23 08:31:00.852170,Electronics,1715.05,4,15,North,Net Banking,0,5,5831.17,2120.97,11,Nov,4
ORD04484,2091,2023-11-23 10:15:52.030406,Clothing,1556.01,5,30,East,COD,0,5,5446.04,1885.79,11,Nov,4
ORD04485,2030,2023-11-23 12:00:43.208641,Beauty,1865.15,2,30,South,UPI,0,4,2611.21,494.17,11,Nov,4
ORD04486,1816,2023-11-23 13:45:34.386877,Electronics,3753.59,3,15,West,UPI,0,5,9571.65,2023.04,11,Nov,4
ORD04487,1082,2023-11-23 15:30:25.565113,Clothing,428.55,4,25,South,Net Banking,0,4,1285.65,408.75,11,Nov,4
ORD04488,2920,2023-11-23 17:15:16.743348,Clothing,1424.93,1,0,South,Net Banking,0,5,1424.93,560.99,11,Nov,4
ORD04489,3093,2023-11-23 19:00:07.921584,Home & Kitchen,767.22,1,0,West,Net Banking,0,3,767.22,187.23,11,Nov,4
ORD04490,1617,2023-11-23 20:44:59.099819,Electronics,100.0,3,30,South,UPI,1,3,210.0,43.56,11,Nov,4
ORD04491,3975,2023-11-23 22:29:50.278055,Home & Kitchen,200.81,5,0,North,COD,0,5,1004.05,368.77,11,Nov,4
ORD04492,3309,2023-11-24 00:14:41.456291,Electronics,589.55,5,0,South,Credit Card,0,5,2947.75,589.26,11,Nov,4
ORD04493,1175,2023-11-24 01:59:32.634526,Electronics,1248.61,4,10,South,Credit Card,0,5,4495.0,1457.96,11,Nov,4
ORD04494,2189,2023-11-24 03:44:23.812762,Home & Kitchen,3198.94,4,10,West,Debit Card,0,5,11516.18,1826.03,11,Nov,4
ORD04495,3704,2023-11-24 05:29:14.990998,Clothing,2348.95,5,15,South,UPI,1,4,9983.04,1544.83,11,Nov,4
ORD04496,1841,2023-11-24 07:14:06.169233,Beauty,1208.92,4,0,West,Net Banking,0,5,4835.68,1271.26,11,Nov,4
ORD04497,1369,2023-11-24 08:58:57.347469,Electronics,115.11,5,25,East,COD,0,5,431.66,135.6,11,Nov,4
ORD04498,2818,2023-11-24 10:43:48.525705,Clothing,505.11,3,25,East,UPI,0,5,1136.5,210.94,11,Nov,4
ORD04499,3101,2023-11-24 12:28:39.703940,Electronics,685.24,4,5,North,Debit Card,0,4,2603.91,887.86,11,Nov,4
ORD04500,1689,2023-11-24 14:13:30.882176,Clothing,1458.17,5,10,West,Credit Card,0,1,6561.76,1195.45,11,Nov,4
ORD04501,2779,2023-11-24 15:58:22.060412,Beauty,100.69,4,15,West,COD,0,4,342.35,97.03,11,Nov,4
ORD04502,2364,2023-11-24 17:43:13.238647,Sports,1133.15,1,15,West,Credit Card,0,4,963.18,218.71,11,Nov,4
ORD04503,2432,2023-11-24 19:28:04.416883,Electronics,3476.01,1,5,North,COD,1,5,3302.21,1116.36,11,Nov,4
ORD04504,1366,2023-11-24 21:12:55.595119,Home & Kitchen,1833.37,2,10,North,Net Banking,0,4,3300.07,1158.42,11,Nov,4
ORD04505,1643,2023-11-24 22:57:46.773354,Home & Kitchen,2392.39,5,5,South,COD,0,4,11363.85,1892.34,11,Nov,4
ORD04506,3426,2023-11-25 00:42:37.951590,Electronics,1717.03,2,0,West,Net Banking,0,5,3434.06,680.46,11,Nov,4
ORD04507,1072,2023-11-25 02:27:29.129825,Electronics,347.12,5,10,North,UPI,0,2,1562.04,582.89,11,Nov,4
ORD04508,3962,2023-11-25 04:12:20.308061,Beauty,175.62,4,15,East,Credit Card,0,3,597.11,151.61,11,Nov,4
ORD04509,2271,2023-11-25 05:57:11.486297,Beauty,2653.45,5,15,East,COD,0,4,11277.16,3035.63,11,Nov,4
ORD04510,1859,2023-11-25 07:42:02.664532,Beauty,1783.65,1,20,West,COD,0,4,1426.92,273.98,11,Nov,4
ORD04511,1042,2023-11-25 09:26:53.842768,Sports,1283.72,4,5,East,Debit Card,0,4,4878.14,1945.03,11,Nov,4
ORD04512,3424,2023-11-25 11:11:45.021004,Home & Kitchen,314.75,1,20,South,Credit Card,0,5,251.8,95.88,11,Nov,4
ORD04513,2064,2023-11-25 12:56:36.199239,Clothing,1387.03,4,0,South,UPI,0,4,5548.12,835.03,11,Nov,4
ORD04514,3217,2023-11-25 14:41:27.377475,Electronics,100.0,5,10,West,Net Banking,0,2,450.0,129.46,11,Nov,4
ORD04515,3259,2023-11-25 16:26:18.555711,Electronics,189.77,5,20,North,UPI,1,4,759.08,279.39,11,Nov,4
ORD04516,2516,2023-11-25 18:11:09.733946,Home & Kitchen,560.71,1,15,North,Debit Card,0,2,476.6,122.79,11,Nov,4
ORD04517,3086,2023-11-25 19:56:00.912182,Sports,879.77,3,10,North,UPI,0,4,2375.38,615.71,11,Nov,4
ORD04518,1368,2023-11-25 21:40:52.090418,Sports,192.71,5,15,North,Net Banking,1,3,819.02,200.53,11,Nov,4
ORD04519,3804,2023-11-25 23:25:43.268653,Beauty,191.65,3,25,West,Credit Card,0,5,431.21,67.79,11,Nov,4
ORD04520,1150,2023-11-26 01:10:34.446889,Sports,1941.36,4,10,South,Debit Card,0,4,6988.9,2429.14,11,Nov,4
ORD04521,2134,2023-11-26 02:55:25.625125,Beauty,1264.98,3,20,West,COD,0,2,3035.95,802.09,11,Nov,4
ORD04522,2503,2023-11-26 04:40:16.803360,Electronics,1144.52,1,30,West,COD,0,4,801.16,226.54,11,Nov,4
ORD04523,2459,2023-11-26 06:25:07.981596,Sports,903.41,2,15,East,Credit Card,0,4,1535.8,328.54,11,Nov,4
ORD04524,2070,2023-11-26 08:09:59.159831,Home & Kitchen,5628.89,2,10,South,UPI,0,4,10132.0,3505.97,11,Nov,4
ORD04525,2023,2023-11-26 09:54:50.338067,Clothing,100.0,1,0,North,COD,0,4,100.0,34.84,11,Nov,4
ORD04526,2598,2023-11-26 11:39:41.516303,Beauty,298.82,2,5,South,Debit Card,0,5,567.76,163.65,11,Nov,4
ORD04527,3784,2023-11-26 13:24:32.694538,Sports,1564.09,1,10,East,Net Banking,0,4,1407.68,529.51,11,Nov,4
ORD04528,3040,2023-11-26 15:09:23.872774,Electronics,219.91,5,20,West,UPI,0,4,879.64,157.43,11,Nov,4
ORD04529,2389,2023-11-26 16:54:15.051010,Electronics,1335.13,3,10,South,Net Banking,1,5,3604.85,1249.65,11,Nov,4
ORD04530,1068,2023-11-26 18:39:06.229245,Home & Kitchen,1258.17,2,30,East,UPI,0,4,1761.44,510.19,11,Nov,4
ORD04531,3346,2023-11-26 20:23:57.407481,Home & Kitchen,5310.96,5,0,West,Debit Card,0,2,26554.8,5516.85,11,Nov,4
ORD04532,1943,2023-11-26 22:08:48.585717,Beauty,3223.34,2,15,North,Net Banking,0,3,5479.68,1003.2,11,Nov,4
ORD04533,1801,2023-11-26 23:53:39.763952,Electronics,4365.8,4,10,South,Debit Card,0,5,15716.88,3540.25,11,Nov,4
ORD04534,3343,2023-11-27 01:38:30.942188,Electronics,180.88,1,10,North,Net Banking,1,5,162.79,59.27,11,Nov,4
ORD04535,3250,2023-11-27 03:23:22.120424,Clothing,3039.12,1,20,North,UPI,0,3,2431.3,843.43,11,Nov,4
ORD04536,1060,2023-11-27 05:08:13.298659,Electronics,207.33,5,0,East,Debit Card,0,4,1036.65,322.69,11,Nov,4
ORD04537,1945,2023-11-27 06:53:04.476895,Electronics,1503.31,4,0,East,UPI,0,3,6013.24,1037.78,11,Nov,4
ORD04538,2337,2023-11-27 08:37:55.655131,Beauty,1909.87,3,10,West,UPI,0,4,5156.65,2004.43,11,Nov,4
ORD04539,2184,2023-11-27 10:22:46.833366,Clothing,263.05,4,10,North,Net Banking,0,3,946.98,214.36,11,Nov,4
ORD04540,1330,2023-11-27 12:07:38.011602,Clothing,1502.2,4,20,East,Net Banking,0,1,4807.04,1450.52,11,Nov,4
ORD04541,2551,2023-11-27 13:52:29.189837,Electronics,100.0,3,30,East,Debit Card,0,5,210.0,73.66,11,Nov,4
ORD04542,1337,2023-11-27 15:37:20.368073,Clothing,520.65,3,0,North,COD,0,4,1561.95,286.17,11,Nov,4
ORD04543,2629,2023-11-27 17:22:11.546309,Sports,3810.47,4,10,West,Credit Card,0,2,13717.69,4294.31,11,Nov,4
ORD04544,2327,2023-11-27 19:07:02.724544,Home & Kitchen,282.63,2,15,North,Net Banking,0,5,480.47,75.95,11,Nov,4
ORD04545,2526,2023-11-27 20:51:53.902780,Sports,101.25,2,30,West,UPI,0,5,141.75,24.87,11,Nov,4
ORD04546,2673,2023-11-27 22:36:45.081016,Clothing,879.61,4,25,West,Credit Card,0,4,2638.83,872.89,11,Nov,4
ORD04547,2361,2023-11-28 00:21:36.259251,Clothing,2851.87,2,15,East,Debit Card,0,5,4848.18,915.19,11,Nov,4
ORD04548,2573,2023-11-28 02:06:27.437487,Books,119.66,3,10,North,Credit Card,0,4,323.08,84.28,11,Nov,4
ORD04549,3686,2023-11-28 03:51:18.615723,Clothing,659.0,3,0,North,Credit Card,0,2,1977.0,419.29,11,Nov,4
ORD04550,1274,2023-11-28 05:36:09.793958,Sports,3450.5,2,5,East,COD,0,2,6555.95,1673.78,11,Nov,4
ORD04551,2187,2023-11-28 07:21:00.972194,Clothing,188.61,3,10,South,COD,0,4,509.25,86.22,11,Nov,4
ORD04552,3366,2023-11-28 09:05:52.150430,Home & Kitchen,558.05,1,15,South,Credit Card,0,2,474.34,160.67,11,Nov,4
ORD04553,3636,2023-11-28 10:50:43.328665,Electronics,2260.46,3,15,North,COD,0,4,5764.17,978.53,11,Nov,4
ORD04554,3551,2023-11-28 12:35:34.506901,Home & Kitchen,1175.3,4,15,East,COD,0,1,3996.02,1436.48,11,Nov,4
ORD04555,3434,2023-11-28 14:20:25.685137,Beauty,2678.66,5,10,West,Credit Card,0,4,12053.97,3804.86,11,Nov,4
ORD04556,2993,2023-11-28 16:05:16.863372,Home & Kitchen,177.49,2,15,West,Net Banking,0,3,301.73,76.68,11,Nov,4
ORD04557,1869,2023-11-28 17:50:08.041608,Home & Kitchen,3799.02,2,0,North,COD,1,4,7598.04,2785.61,11,Nov,4
ORD04558,3880,2023-11-28 19:34:59.219843,Beauty,4098.02,3,0,East,Credit Card,0,4,12294.06,2416.19,11,Nov,4
ORD04559,2014,2023-11-28 21:19:50.398079,Home & Kitchen,253.18,3,0,North,Net Banking,0,4,759.54,164.17,11,Nov,4
ORD04560,2911,2023-11-28 23:04:41.576315,Clothing,100.0,5,25,North,COD,1,4,375.0,69.11,11,Nov,4
ORD04561,1602,2023-11-29 00:49:32.754550,Clothing,6884.15,5,0,East,Credit Card,0,5,34420.75,8446.58,11,Nov,4
ORD04562,2799,2023-11-29 02:34:23.932786,Home & Kitchen,987.4,4,20,North,COD,0,5,3159.68,1253.39,11,Nov,4
ORD04563,1690,2023-11-29 04:19:15.111022,Home & Kitchen,1273.21,1,0,West,Net Banking,0,4,1273.21,242.24,11,Nov,4
ORD04564,1493,2023-11-29 06:04:06.289257,Clothing,1435.3,4,10,South,Credit Card,0,4,5167.08,1848.49,11,Nov,4
ORD04565,1489,2023-11-29 07:48:57.467493,Clothing,2338.61,2,25,West,Net Banking,0,4,3507.92,1097.87,11,Nov,4
ORD04566,3768,2023-11-29 09:33:48.645729,Beauty,2506.87,3,10,South,UPI,0,1,6768.55,1042.04,11,Nov,4
ORD04567,3556,2023-11-29 11:18:39.823964,Electronics,323.37,4,0,East,Debit Card,1,2,1293.48,499.57,11,Nov,4
ORD04568,1389,2023-11-29 13:03:31.002200,Clothing,405.03,3,0,North,UPI,0,4,1215.09,477.25,11,Nov,4
ORD04569,1294,2023-11-29 14:48:22.180436,Electronics,3141.32,3,25,South,COD,0,4,7067.97,2694.49,11,Nov,4
ORD04570,2392,2023-11-29 16:33:13.358671,Sports,2568.18,4,10,East,Net Banking,0,2,9245.45,2546.52,11,Nov,4
ORD04571,3843,2023-11-29 18:18:04.536907,Electronics,1442.01,4,10,East,Credit Card,0,3,5191.24,1064.69,11,Nov,4
ORD04572,3912,2023-11-29 20:02:55.715143,Home & Kitchen,7859.83,5,10,East,Net Banking,0,3,35369.24,8765.07,11,Nov,4
ORD04573,2717,2023-11-29 21:47:46.893378,Electronics,1993.08,1,5,West,COD,0,5,1893.43,574.75,11,Nov,4
ORD04574,3596,2023-11-29 23:32:38.071614,Home & Kitchen,364.71,5,0,West,Credit Card,0,3,1823.55,446.24,11,Nov,4
ORD04575,1648,2023-11-30 01:17:29.249849,Sports,2812.49,1,15,South,UPI,0,3,2390.62,781.84,11,Nov,4
ORD04576,2873,2023-11-30 03:02:20.428085,Clothing,803.53,4,15,South,Net Banking,0,4,2732.0,953.18,11,Nov,4
ORD04577,1567,2023-11-30 04:47:11.606321,Books,100.0,1,0,West,Debit Card,0,4,100.0,20.23,11,Nov,4
ORD04578,3900,2023-11-30 06:32:02.784556,Clothing,581.63,2,20,South,COD,0,4,930.61,233.8,11,Nov,4
ORD04579,3817,2023-11-30 08:16:53.962792,Clothing,2163.04,5,25,South,COD,0,4,8111.4,3158.87,11,Nov,4
ORD04580,1444,2023-11-30 10:01:45.141028,Sports,4836.07,5,25,North,Net Banking,0,4,18135.26,3852.87,11,Nov,4
ORD04581,1362,2023-11-30 11:46:36.319263,Clothing,484.73,5,0,South,UPI,0,5,2423.65,573.46,11,Nov,4
ORD04582,3170,2023-11-30 13:31:27.497499,Home & Kitchen,424.57,3,5,East,UPI,0,3,1210.02,192.29,11,Nov,4
ORD04583,2211,2023-11-30 15:16:18.675735,Electronics,1243.85,3,25,North,Debit Card,0,4,2798.66,652.34,11,Nov,4
ORD04584,1741,2023-11-30 17:01:09.853970,Electronics,2504.45,4,0,South,Debit Card,0,5,10017.8,2431.65,11,Nov,4
ORD04585,3041,2023-11-30 18:46:01.032206,Clothing,2058.74,4,0,North,Net Banking,0,3,8234.96,1440.78,11,Nov,4
ORD04586,1679,2023-11-30 20:30:52.210442,Home & Kitchen,1231.33,3,25,East,Credit Card,1,3,2770.49,416.57,11,Nov,4
ORD04587,3467,2023-11-30 22:15:43.388677,Books,1497.02,5,5,South,UPI,0,3,7110.84,2089.53,11,Nov,4
ORD04588,2642,2023-12-01 00:00:34.566913,Home & Kitchen,415.8,3,10,North,Credit Card,0,1,1122.66,253.03,12,Dec,4
ORD04589,2572,2023-12-01 01:45:25.745149,Electronics,849.97,1,10,South,Credit Card,0,3,764.97,118.15,12,Dec,4
ORD04590,2358,2023-12-01 03:30:16.923384,Electronics,442.29,5,20,North,Net Banking,0,1,1769.16,645.72,12,Dec,4
ORD04591,3139,2023-12-01 05:15:08.101620,Sports,3236.66,3,5,North,Debit Card,0,3,9224.48,2731.39,12,Dec,4
ORD04592,1062,2023-12-01 06:59:59.279855,Sports,179.11,4,25,East,Credit Card,0,4,537.33,103.59,12,Dec,4
ORD04593,3559,2023-12-01 08:44:50.458091,Electronics,1707.94,3,15,East,Net Banking,0,1,4355.25,1595.38,12,Dec,4
ORD04594,2162,2023-12-01 10:29:41.636327,Home & Kitchen,452.23,2,10,South,Debit Card,0,5,814.01,173.71,12,Dec,4
ORD04595,2228,2023-12-01 12:14:32.814562,Clothing,968.19,3,5,West,Credit Card,0,5,2759.34,570.8,12,Dec,4
ORD04596,3819,2023-12-01 13:59:23.992798,Sports,533.75,5,0,South,Credit Card,0,4,2668.75,997.2,12,Dec,4
ORD04597,1255,2023-12-01 15:44:15.171034,Sports,585.67,3,15,North,Debit Card,0,5,1493.46,291.02,12,Dec,4
ORD04598,1134,2023-12-01 17:29:06.349269,Sports,452.45,4,10,East,Debit Card,1,4,1628.82,602.25,12,Dec,4
ORD04599,1874,2023-12-01 19:13:57.527505,Sports,2096.29,1,25,East,COD,1,5,1572.22,551.45,12,Dec,4
ORD04600,1821,2023-12-01 20:58:48.705741,Clothing,682.89,2,10,North,COD,1,3,1229.2,279.57,12,Dec,4
ORD04601,3135,2023-12-01 22:43:39.883976,Sports,1943.9,5,10,West,Net Banking,0,5,8747.55,1387.36,12,Dec,4
ORD04602,1822,2023-12-02 00:28:31.062212,Books,913.4,4,10,East,Net Banking,0,5,3288.24,561.12,12,Dec,4
ORD04603,1973,2023-12-02 02:13:22.240448,Electronics,1188.61,2,20,West,UPI,0,3,1901.78,337.34,12,Dec,4
ORD04604,3981,2023-12-02 03:58:13.418683,Books,1175.55,3,10,East,COD,0,4,3173.98,1182.94,12,Dec,4
ORD04605,2777,2023-12-02 05:43:04.596919,Beauty,5585.34,2,0,North,Debit Card,0,5,11170.68,2803.94,12,Dec,4
ORD04606,1120,2023-12-02 07:27:55.775155,Sports,686.08,1,25,South,COD,0,4,514.56,81.37,12,Dec,4
ORD04607,2637,2023-12-02 09:12:46.953390,Electronics,349.19,2,10,South,Net Banking,0,4,628.54,181.73,12,Dec,4
ORD04608,2364,2023-12-02 10:57:38.131626,Home & Kitchen,3642.09,2,10,West,Net Banking,0,2,6555.76,1324.25,12,Dec,4
ORD04609,2007,2023-12-02 12:42:29.309861,Sports,288.27,3,15,South,Net Banking,0,3,735.09,153.47,12,Dec,4
ORD04610,1924,2023-12-02 14:27:20.488097,Clothing,2697.48,3,15,North,Debit Card,0,2,6878.57,1308.38,12,Dec,4
ORD04611,1644,2023-12-02 16:12:11.666333,Books,244.16,5,5,South,Credit Card,0,4,1159.76,394.9,12,Dec,4
ORD04612,3032,2023-12-02 17:57:02.844568,Home & Kitchen,1612.6,3,0,West,Net Banking,0,4,4837.8,726.41,12,Dec,4
ORD04613,3761,2023-12-02 19:41:54.022804,Clothing,244.73,2,20,North,COD,1,5,391.57,101.71,12,Dec,4
ORD04614,3907,2023-12-02 21:26:45.201040,Electronics,3847.6,1,0,North,Credit Card,0,4,3847.6,660.7,12,Dec,4
ORD04615,3068,2023-12-02 23:11:36.379275,Home & Kitchen,1248.64,3,15,East,COD,0,3,3184.03,917.3,12,Dec,4
ORD04616,1241,2023-12-03 00:56:27.557511,Beauty,599.09,5,0,East,Net Banking,0,2,2995.45,708.42,12,Dec,4
ORD04617,3502,2023-12-03 02:41:18.735747,Home & Kitchen,226.8,5,5,South,Debit Card,0,5,1077.3,169.23,12,Dec,4
ORD04618,3668,2023-12-03 04:26:09.913982,Sports,695.89,2,0,West,Credit Card,0,4,1391.78,369.16,12,Dec,4
ORD04619,3350,2023-12-03 06:11:01.092218,Clothing,1831.27,3,10,North,Credit Card,0,5,4944.43,1446.97,12,Dec,4
ORD04620,2619,2023-12-03 07:55:52.270454,Electronics,729.08,3,15,South,Net Banking,0,1,1859.15,393.98,12,Dec,4
ORD04621,1802,2023-12-03 09:40:43.448689,Home & Kitchen,423.73,5,0,South,Net Banking,0,4,2118.65,723.26,12,Dec,4
ORD04622,1963,2023-12-03 11:25:34.626925,Clothing,1292.03,3,5,East,Net Banking,0,4,3682.29,893.92,12,Dec,4
ORD04623,1068,2023-12-03 13:10:25.805161,Sports,811.47,2,25,South,UPI,0,1,1217.2,410.61,12,Dec,4
ORD04624,2152,2023-12-03 14:55:16.983396,Electronics,271.93,1,10,South,Debit Card,1,5,244.74,72.14,12,Dec,4
ORD04625,1195,2023-12-03 16:40:08.161632,Clothing,250.83,2,20,East,Debit Card,0,4,401.33,147.41,12,Dec,4
ORD04626,3187,2023-12-03 18:24:59.339867,Clothing,1843.74,3,25,South,Net Banking,0,4,4148.42,1189.48,12,Dec,4
ORD04627,3330,2023-12-03 20:09:50.518103,Beauty,5513.76,2,30,South,UPI,1,5,7719.26,1516.12,12,Dec,4
ORD04628,3359,2023-12-03 21:54:41.696339,Electronics,398.09,4,25,North,Net Banking,0,4,1194.27,424.74,12,Dec,4
ORD04629,1745,2023-12-03 23:39:32.874574,Electronics,2225.19,4,5,South,Net Banking,0,1,8455.72,2923.64,12,Dec,4
ORD04630,2688,2023-12-04 01:24:24.052810,Electronics,137.53,3,30,East,Debit Card,0,5,288.81,113.53,12,Dec,4
ORD04631,1276,2023-12-04 03:09:15.231046,Sports,720.87,3,20,East,UPI,0,3,1730.09,299.99,12,Dec,4
ORD04632,1060,2023-12-04 04:54:06.409281,Electronics,1059.92,1,20,North,Debit Card,0,5,847.94,252.52,12,Dec,4
ORD04633,2913,2023-12-04 06:38:57.587517,Electronics,469.49,2,0,East,Net Banking,0,5,938.98,256.26,12,Dec,4
ORD04634,3099,2023-12-04 08:23:48.765753,Electronics,1131.19,1,30,East,COD,0,3,791.83,251.58,12,Dec,4
ORD04635,3200,2023-12-04 10:08:39.943988,Home & Kitchen,3213.44,3,20,East,Credit Card,0,4,7712.26,3046.69,12,Dec,4
ORD04636,2772,2023-12-04 11:53:31.122224,Electronics,4335.38,3,20,South,Net Banking,1,1,10404.91,2945.3,12,Dec,4
ORD04637,2334,2023-12-04 13:38:22.300460,Clothing,158.97,5,0,North,UPI,0,4,794.85,255.49,12,Dec,4
ORD04638,2837,2023-12-04 15:23:13.478695,Clothing,475.86,1,0,West,COD,0,5,475.86,112.69,12,Dec,4
ORD04639,3591,2023-12-04 17:08:04.656931,Home & Kitchen,5804.45,3,30,North,UPI,0,3,12189.34,2739.46,12,Dec,4
ORD04640,1566,2023-12-04 18:52:55.835167,Home & Kitchen,472.93,4,10,North,Net Banking,0,2,1702.55,398.1,12,Dec,4
ORD04641,2571,2023-12-04 20:37:47.013402,Books,1769.93,5,5,North,Net Banking,0,4,8407.17,1342.22,12,Dec,4
ORD04642,1621,2023-12-04 22:22:38.191638,Beauty,438.45,2,20,West,Credit Card,0,4,701.52,155.17,12,Dec,4
ORD04643,3025,2023-12-05 00:07:29.369873,Beauty,660.94,5,0,West,UPI,0,4,3304.7,638.59,12,Dec,4
ORD04644,2200,2023-12-05 01:52:20.548109,Clothing,318.45,2,10,East,COD,0,5,573.21,151.53,12,Dec,4
ORD04645,1313,2023-12-05 03:37:11.726345,Sports,2910.04,4,5,South,Credit Card,0,4,11058.15,2932.69,12,Dec,4
ORD04646,3854,2023-12-05 05:22:02.904580,Home & Kitchen,3213.88,2,5,East,UPI,0,5,6106.37,2084.15,12,Dec,4
ORD04647,3895,2023-12-05 07:06:54.082816,Sports,528.41,1,5,East,Net Banking,0,3,501.99,138.33,12,Dec,4
ORD04648,3144,2023-12-05 08:51:45.261052,Clothing,2602.42,2,0,West,Credit Card,0,4,5204.84,1383.29,12,Dec,4
ORD04649,3928,2023-12-05 10:36:36.439287,Books,665.32,2,0,East,Net Banking,0,4,1330.64,276.65,12,Dec,4
ORD04650,2236,2023-12-05 12:21:27.617523,Clothing,156.41,5,15,East,Debit Card,0,5,664.74,241.38,12,Dec,4
ORD04651,3876,2023-12-05 14:06:18.795759,Sports,2128.7,4,25,West,Debit Card,0,4,6386.1,1103.2,12,Dec,4
ORD04652,1136,2023-12-05 15:51:09.973994,Electronics,1361.17,2,10,North,Credit Card,0,5,2450.11,969.2,12,Dec,4
ORD04653,2029,2023-12-05 17:36:01.152230,Electronics,481.1,1,0,North,Credit Card,0,5,481.1,129.42,12,Dec,4
ORD04654,3156,2023-12-05 19:20:52.330466,Clothing,437.53,5,0,West,UPI,0,5,2187.65,429.87,12,Dec,4
ORD04655,3594,2023-12-05 21:05:43.508701,Electronics,5571.2,4,20,South,COD,0,4,17827.84,4253.4,12,Dec,4
ORD04656,1661,2023-12-05 22:50:34.686937,Home & Kitchen,2976.21,4,30,East,COD,0,4,8333.39,1282.03,12,Dec,4
ORD04657,3472,2023-12-06 00:35:25.865173,Electronics,2489.51,3,5,North,Debit Card,0,4,7095.1,1359.64,12,Dec,4
ORD04658,3677,2023-12-06 02:20:17.043408,Clothing,205.48,1,0,West,Debit Card,1,3,205.48,48.05,12,Dec,4
ORD04659,3308,2023-12-06 04:05:08.221644,Beauty,2110.89,5,15,South,Debit Card,0,5,8971.28,2589.15,12,Dec,4
ORD04660,1086,2023-12-06 05:49:59.399879,Clothing,362.23,5,20,East,Net Banking,0,5,1448.92,264.24,12,Dec,4
ORD04661,3512,2023-12-06 07:34:50.578115,Home & Kitchen,5683.97,1,10,West,COD,0,5,5115.57,1631.82,12,Dec,4
ORD04662,3123,2023-12-06 09:19:41.756351,Electronics,100.0,4,15,West,Credit Card,1,4,340.0,122.76,12,Dec,4
ORD04663,3518,2023-12-06 11:04:32.934586,Electronics,651.12,2,15,West,Debit Card,0,2,1106.9,324.42,12,Dec,4
ORD04664,3461,2023-12-06 12:49:24.112822,Sports,839.62,1,30,East,UPI,0,4,587.73,131.78,12,Dec,4
ORD04665,3872,2023-12-06 14:34:15.291058,Sports,2607.64,5,0,North,Credit Card,0,4,13038.2,2351.41,12,Dec,4
ORD04666,3942,2023-12-06 16:19:06.469293,Clothing,2180.08,1,30,East,Credit Card,0,5,1526.06,234.84,12,Dec,4
ORD04667,3773,2023-12-06 18:03:57.647529,Beauty,704.99,4,5,East,Credit Card,0,5,2678.96,891.96,12,Dec,4
ORD04668,3504,2023-12-06 19:48:48.825765,Beauty,1250.55,3,15,North,COD,1,3,3188.9,979.37,12,Dec,4
ORD04669,2308,2023-12-06 21:33:40.004000,Beauty,2708.14,3,10,West,Debit Card,0,4,7311.98,1967.44,12,Dec,4
ORD04670,2700,2023-12-06 23:18:31.182236,Clothing,100.0,2,10,South,UPI,0,4,180.0,31.59,12,Dec,4
ORD04671,3700,2023-12-07 01:03:22.360472,Electronics,2430.58,2,15,South,Net Banking,1,4,4131.99,833.65,12,Dec,4
ORD04672,3719,2023-12-07 02:48:13.538707,Home & Kitchen,4403.26,4,5,North,UPI,0,4,16732.39,5919.8,12,Dec,4
ORD04673,1494,2023-12-07 04:33:04.716943,Home & Kitchen,100.0,2,0,North,UPI,0,3,200.0,53.99,12,Dec,4
ORD04674,2647,2023-12-07 06:17:55.895179,Electronics,100.0,3,10,West,UPI,0,3,270.0,105.49,12,Dec,4
ORD04675,2942,2023-12-07 08:02:47.073414,Sports,633.57,4,10,South,Net Banking,1,5,2280.85,912.32,12,Dec,4
ORD04676,2068,2023-12-07 09:47:38.251650,Electronics,137.79,4,0,South,UPI,0,1,551.16,193.0,12,Dec,4
ORD04677,2424,2023-12-07 11:32:29.429885,Books,978.8,4,25,West,UPI,0,5,2936.4,629.99,12,Dec,4
ORD04678,1596,2023-12-07 13:17:20.608121,Clothing,1956.85,1,0,North,Debit Card,0,4,1956.85,406.59,12,Dec,4
ORD04679,1449,2023-12-07 15:02:11.786357,Home & Kitchen,1255.18,2,10,North,Debit Card,0,5,2259.32,482.16,12,Dec,4
ORD04680,1484,2023-12-07 16:47:02.964592,Clothing,328.04,5,0,West,Debit Card,0,5,1640.2,650.66,12,Dec,4
ORD04681,1645,2023-12-07 18:31:54.142828,Sports,1595.5,3,10,North,Credit Card,0,4,4307.85,1007.33,12,Dec,4
ORD04682,3667,2023-12-07 20:16:45.321064,Home & Kitchen,1732.08,2,5,East,UPI,0,4,3290.95,1074.86,12,Dec,4
ORD04683,2629,2023-12-07 22:01:36.499299,Sports,4042.24,3,10,North,COD,0,4,10914.05,4253.8,12,Dec,4
ORD04684,1661,2023-12-07 23:46:27.677535,Beauty,238.14,2,0,East,COD,0,3,476.28,169.03,12,Dec,4
ORD04685,1757,2023-12-08 01:31:18.855771,Home & Kitchen,1768.12,5,0,South,COD,0,2,8840.6,2646.88,12,Dec,4
ORD04686,1288,2023-12-08 03:16:10.034006,Beauty,3635.9,3,20,South,Net Banking,0,4,8726.16,1677.53,12,Dec,4
ORD04687,1720,2023-12-08 05:01:01.212242,Electronics,1044.42,5,15,North,Debit Card,0,5,4438.78,859.95,12,Dec,4
ORD04688,1637,2023-12-08 06:45:52.390478,Clothing,673.65,3,5,West,Debit Card,0,3,1919.9,524.34,12,Dec,4
ORD04689,3282,2023-12-08 08:30:43.568713,Electronics,280.85,1,0,North,Debit Card,0,4,280.85,108.97,12,Dec,4
ORD04690,3463,2023-12-08 10:15:34.746949,Clothing,3023.71,1,25,West,Net Banking,1,4,2267.78,852.97,12,Dec,4
ORD04691,3985,2023-12-08 12:00:25.925185,Sports,751.92,3,0,South,UPI,0,5,2255.76,432.09,12,Dec,4
ORD04692,1498,2023-12-08 13:45:17.103420,Electronics,3883.05,3,25,South,Credit Card,0,3,8736.86,1938.97,12,Dec,4
ORD04693,1633,2023-12-08 15:30:08.281656,Books,2823.43,5,10,South,Debit Card,0,3,12705.44,3776.09,12,Dec,4
ORD04694,2673,2023-12-08 17:14:59.459891,Home & Kitchen,708.95,4,5,West,UPI,0,5,2694.01,725.65,12,Dec,4
ORD04695,3030,2023-12-08 18:59:50.638127,Home & Kitchen,1279.67,3,15,West,COD,0,1,3263.16,586.85,12,Dec,4
ORD04696,1114,2023-12-08 20:44:41.816363,Books,100.0,2,25,South,Credit Card,0,4,150.0,36.35,12,Dec,4
ORD04697,3979,2023-12-08 22:29:32.994598,Sports,458.2,2,5,North,COD,0,4,870.58,338.38,12,Dec,4
ORD04698,1673,2023-12-09 00:14:24.172834,Electronics,1858.22,2,10,West,UPI,0,4,3344.8,1297.32,12,Dec,4
ORD04699,2736,2023-12-09 01:59:15.351070,Clothing,1699.39,1,10,East,UPI,0,4,1529.45,443.32,12,Dec,4
ORD04700,2257,2023-12-09 03:44:06.529305,Home & Kitchen,653.97,5,25,South,COD,0,5,2452.39,757.34,12,Dec,4
ORD04701,3253,2023-12-09 05:28:57.707541,Home & Kitchen,2480.15,1,15,West,Credit Card,0,3,2108.13,433.17,12,Dec,4
ORD04702,3294,2023-12-09 07:13:48.885777,Clothing,403.46,2,0,South,COD,0,3,806.92,270.71,12,Dec,4
ORD04703,3805,2023-12-09 08:58:40.064012,Sports,927.81,3,0,East,COD,0,4,2783.43,454.04,12,Dec,4
ORD04704,1146,2023-12-09 10:43:31.242248,Clothing,959.5,2,0,North,COD,0,4,1919.0,393.72,12,Dec,4
ORD04705,3165,2023-12-09 12:28:22.420484,Clothing,625.13,3,0,East,Credit Card,0,4,1875.39,284.07,12,Dec,4
ORD04706,1411,2023-12-09 14:13:13.598719,Electronics,4640.55,5,0,North,Net Banking,1,5,23202.75,5717.74,12,Dec,4
ORD04707,2687,2023-12-09 15:58:04.776955,Home & Kitchen,1789.47,4,15,North,Credit Card,0,5,6084.2,2205.92,12,Dec,4
ORD04708,3410,2023-12-09 17:42:55.955191,Home & Kitchen,1162.18,3,0,West,COD,1,3,3486.54,1379.37,12,Dec,4
ORD04709,2532,2023-12-09 19:27:47.133426,Electronics,1071.6,1,5,North,Debit Card,0,4,1018.02,322.65,12,Dec,4
ORD04710,1136,2023-12-09 21:12:38.311662,Clothing,260.27,2,15,North,Debit Card,0,3,442.46,148.76,12,Dec,4
ORD04711,1018,2023-12-09 22:57:29.489897,Sports,698.27,2,0,North,UPI,0,5,1396.54,301.22,12,Dec,4
ORD04712,3242,2023-12-10 00:42:20.668133,Clothing,1675.65,2,0,South,Net Banking,0,4,3351.3,938.64,12,Dec,4
ORD04713,3377,2023-12-10 02:27:11.846369,Electronics,3876.83,3,0,West,UPI,0,4,11630.49,3886.26,12,Dec,4
ORD04714,2959,2023-12-10 04:12:03.024604,Home & Kitchen,2543.02,5,0,West,UPI,0,5,12715.1,3487.99,12,Dec,4
ORD04715,3222,2023-12-10 05:56:54.202840,Electronics,535.85,3,20,North,Debit Card,0,4,1286.04,221.37,12,Dec,4
ORD04716,2001,2023-12-10 07:41:45.381076,Sports,853.63,1,15,South,Credit Card,0,2,725.59,243.23,12,Dec,4
ORD04717,1448,2023-12-10 09:26:36.559311,Electronics,129.84,2,0,North,UPI,0,4,259.68,53.21,12,Dec,4
ORD04718,2948,2023-12-10 11:11:27.737547,Home & Kitchen,161.67,3,5,West,UPI,0,4,460.76,80.37,12,Dec,4
ORD04719,1945,2023-12-10 12:56:18.915783,Books,952.97,2,0,West,Net Banking,0,5,1905.94,513.68,12,Dec,4
ORD04720,2377,2023-12-10 14:41:10.094018,Sports,1133.23,1,10,West,Debit Card,0,4,1019.91,172.01,12,Dec,4
ORD04721,2522,2023-12-10 16:26:01.272254,Electronics,459.84,4,10,West,Credit Card,0,2,1655.42,508.81,12,Dec,4
ORD04722,1140,2023-12-10 18:10:52.450490,Home & Kitchen,1544.12,4,10,South,Net Banking,0,4,5558.83,1723.89,12,Dec,4
ORD04723,3805,2023-12-10 19:55:43.628725,Home & Kitchen,1822.96,4,5,East,Credit Card,0,5,6927.25,1483.65,12,Dec,4
ORD04724,2920,2023-12-10 21:40:34.806961,Books,533.12,2,0,East,Credit Card,1,5,1066.24,417.04,12,Dec,4
ORD04725,3977,2023-12-10 23:25:25.985197,Books,2130.86,3,15,South,UPI,0,1,5433.69,1935.01,12,Dec,4
ORD04726,1092,2023-12-11 01:10:17.163432,Home & Kitchen,345.26,2,25,North,Net Banking,0,1,517.89,91.87,12,Dec,4
ORD04727,1238,2023-12-11 02:55:08.341668,Beauty,1178.72,5,25,West,UPI,0,4,4420.2,1490.17,12,Dec,4
ORD04728,1204,2023-12-11 04:39:59.519903,Electronics,2446.61,3,0,West,COD,0,4,7339.83,1748.85,12,Dec,4
ORD04729,3607,2023-12-11 06:24:50.698139,Electronics,1155.07,1,15,West,Credit Card,0,3,981.81,331.43,12,Dec,4
ORD04730,2456,2023-12-11 08:09:41.876375,Sports,3578.34,4,15,South,Net Banking,0,4,12166.36,4260.64,12,Dec,4
ORD04731,1244,2023-12-11 09:54:33.054610,Electronics,100.0,3,25,South,Debit Card,0,5,225.0,42.27,12,Dec,4
ORD04732,1831,2023-12-11 11:39:24.232846,Beauty,1331.24,3,0,West,UPI,1,4,3993.72,1259.86,12,Dec,4
ORD04733,3972,2023-12-11 13:24:15.411082,Home & Kitchen,1237.47,4,15,West,COD,0,4,4207.4,1538.57,12,Dec,4
ORD04734,1294,2023-12-11 15:09:06.589317,Home & Kitchen,1619.77,1,0,North,COD,0,5,1619.77,373.91,12,Dec,4
ORD04735,3687,2023-12-11 16:53:57.767553,Electronics,2688.3,2,15,East,COD,0,3,4570.11,777.29,12,Dec,4
ORD04736,1855,2023-12-11 18:38:48.945789,Electronics,1941.14,2,5,South,UPI,0,4,3688.17,578.37,12,Dec,4
ORD04737,3064,2023-12-11 20:23:40.124024,Home & Kitchen,2342.99,3,20,East,Debit Card,0,4,5623.18,998.12,12,Dec,4
ORD04738,1070,2023-12-11 22:08:31.302260,Beauty,511.24,4,25,West,Net Banking,1,4,1533.72,231.67,12,Dec,4
ORD04739,2292,2023-12-11 23:53:22.480496,Beauty,735.3,5,5,East,Credit Card,0,5,3492.68,809.38,12,Dec,4
ORD04740,2348,2023-12-12 01:38:13.658731,Electronics,1478.37,1,10,East,Debit Card,1,3,1330.53,299.15,12,Dec,4
ORD04741,1304,2023-12-12 03:23:04.836967,Electronics,1209.34,2,0,South,UPI,0,2,2418.68,429.52,12,Dec,4
ORD04742,2030,2023-12-12 05:07:56.015203,Electronics,4870.29,1,10,South,Net Banking,0,5,4383.26,1370.99,12,Dec,4
ORD04743,2337,2023-12-12 06:52:47.193438,Sports,310.23,1,5,North,Credit Card,1,3,294.72,117.29,12,Dec,4
ORD04744,1816,2023-12-12 08:37:38.371674,Clothing,649.13,1,0,West,Net Banking,0,4,649.13,243.57,12,Dec,4
ORD04745,2126,2023-12-12 10:22:29.549909,Electronics,1275.6,4,25,North,Credit Card,0,4,3826.8,815.92,12,Dec,4
ORD04746,1820,2023-12-12 12:07:20.728145,Electronics,3037.02,4,0,South,Credit Card,0,5,12148.08,4160.66,12,Dec,4
ORD04747,1192,2023-12-12 13:52:11.906381,Clothing,3974.99,4,15,North,COD,0,4,13514.97,5192.67,12,Dec,4
ORD04748,2776,2023-12-12 15:37:03.084616,Beauty,614.29,3,25,East,UPI,0,4,1382.15,520.51,12,Dec,4
ORD04749,1528,2023-12-12 17:21:54.262852,Books,104.2,4,25,East,Debit Card,0,4,312.6,116.02,12,Dec,4
ORD04750,3218,2023-12-12 19:06:45.441088,Electronics,821.29,3,20,South,COD,0,5,1971.1,683.21,12,Dec,4
ORD04751,1250,2023-12-12 20:51:36.619323,Clothing,752.17,2,0,East,COD,0,5,1504.34,335.84,12,Dec,4
ORD04752,2788,2023-12-12 22:36:27.797559,Clothing,6456.16,2,20,West,Net Banking,1,3,10329.86,1765.28,12,Dec,4
ORD04753,3588,2023-12-13 00:21:18.975795,Electronics,845.97,2,0,South,Credit Card,0,5,1691.94,460.13,12,Dec,4
ORD04754,3026,2023-12-13 02:06:10.154030,Electronics,547.33,2,25,West,Credit Card,0,5,821.0,134.4,12,Dec,4
ORD04755,3463,2023-12-13 03:51:01.332266,Home & Kitchen,682.09,2,15,South,Net Banking,1,4,1159.55,463.38,12,Dec,4
ORD04756,3841,2023-12-13 05:35:52.510502,Electronics,758.57,4,20,South,UPI,0,4,2427.42,581.56,12,Dec,4
ORD04757,2403,2023-12-13 07:20:43.688737,Electronics,2585.09,5,0,East,Credit Card,0,4,12925.45,5035.56,12,Dec,4
ORD04758,2167,2023-12-13 09:05:34.866973,Clothing,126.73,4,10,South,COD,0,4,456.23,156.61,12,Dec,4
ORD04759,3072,2023-12-13 10:50:26.045209,Sports,570.81,5,20,South,COD,0,5,2283.24,577.25,12,Dec,4
ORD04760,3715,2023-12-13 12:35:17.223444,Home & Kitchen,5086.21,4,25,North,Credit Card,0,2,15258.63,2740.11,12,Dec,4
ORD04761,2096,2023-12-13 14:20:08.401680,Home & Kitchen,249.26,2,0,East,Credit Card,0,3,498.52,104.34,12,Dec,4
ORD04762,3679,2023-12-13 16:04:59.579915,Home & Kitchen,2035.69,1,25,West,UPI,0,3,1526.77,485.91,12,Dec,4
ORD04763,2847,2023-12-13 17:49:50.758151,Home & Kitchen,661.0,5,0,South,Credit Card,0,5,3305.0,1181.48,12,Dec,4
ORD04764,1504,2023-12-13 19:34:41.936387,Electronics,1307.64,1,15,West,UPI,0,4,1111.49,438.88,12,Dec,4
ORD04765,2621,2023-12-13 21:19:33.114622,Beauty,157.29,2,15,North,COD,0,4,267.39,48.94,12,Dec,4
ORD04766,3383,2023-12-13 23:04:24.292858,Electronics,548.82,5,0,South,UPI,0,5,2744.1,518.6,12,Dec,4
ORD04767,3472,2023-12-14 00:49:15.471094,Clothing,1042.32,1,0,West,Credit Card,0,5,1042.32,167.41,12,Dec,4
ORD04768,3546,2023-12-14 02:34:06.649329,Sports,395.36,4,20,East,Debit Card,0,5,1265.15,272.12,12,Dec,4
ORD04769,2387,2023-12-14 04:18:57.827565,Clothing,1170.9,2,5,North,Credit Card,0,2,2224.71,790.37,12,Dec,4
ORD04770,3994,2023-12-14 06:03:49.005801,Beauty,372.23,4,0,North,Debit Card,0,4,1488.92,297.14,12,Dec,4
ORD04771,3677,2023-12-14 07:48:40.184036,Books,1575.16,4,20,West,COD,0,5,5040.51,1446.46,12,Dec,4
ORD04772,2222,2023-12-14 09:33:31.362272,Sports,3520.66,2,20,South,Net Banking,0,3,5633.06,1473.62,12,Dec,4
ORD04773,1717,2023-12-14 11:18:22.540508,Sports,134.05,5,10,South,COD,0,4,603.22,139.62,12,Dec,4
ORD04774,1338,2023-12-14 13:03:13.718743,Beauty,366.2,3,0,East,COD,0,4,1098.6,334.62,12,Dec,4
ORD04775,1658,2023-12-14 14:48:04.896979,Beauty,2790.92,3,0,East,COD,0,5,8372.76,2307.38,12,Dec,4
ORD04776,1961,2023-12-14 16:32:56.075215,Sports,1497.69,2,15,South,UPI,0,4,2546.07,594.99,12,Dec,4
ORD04777,1428,2023-12-14 18:17:47.253450,Home & Kitchen,122.97,3,10,North,COD,0,4,332.02,106.98,12,Dec,4
ORD04778,1898,2023-12-14 20:02:38.431686,Clothing,999.32,1,15,East,Net Banking,0,4,849.42,186.87,12,Dec,4
ORD04779,1138,2023-12-14 21:47:29.609921,Electronics,353.13,5,20,East,Credit Card,1,3,1412.52,439.01,12,Dec,4
ORD04780,3989,2023-12-14 23:32:20.788157,Home & Kitchen,333.02,4,10,North,Debit Card,0,5,1198.87,466.73,12,Dec,4
ORD04781,1541,2023-12-15 01:17:11.966393,Beauty,4236.34,4,0,South,COD,0,4,16945.36,5629.89,12,Dec,4
ORD04782,3104,2023-12-15 03:02:03.144628,Home & Kitchen,2150.34,2,25,West,Debit Card,0,4,3225.51,821.21,12,Dec,4
ORD04783,2255,2023-12-15 04:46:54.322864,Beauty,1787.23,4,10,East,COD,0,3,6434.03,2167.56,12,Dec,4
ORD04784,3705,2023-12-15 06:31:45.501100,Sports,409.54,1,15,North,UPI,0,4,348.11,122.64,12,Dec,4
ORD04785,3482,2023-12-15 08:16:36.679335,Electronics,189.32,1,25,East,Debit Card,1,5,141.99,32.87,12,Dec,4
ORD04786,1383,2023-12-15 10:01:27.857571,Electronics,3069.97,2,25,North,COD,0,5,4604.96,1502.52,12,Dec,4
ORD04787,3607,2023-12-15 11:46:19.035807,Clothing,100.0,4,10,East,COD,0,4,360.0,93.1,12,Dec,4
ORD04788,1193,2023-12-15 13:31:10.214042,Electronics,736.77,3,0,South,Net Banking,0,3,2210.31,783.84,12,Dec,4
ORD04789,3581,2023-12-15 15:16:01.392278,Home & Kitchen,487.79,3,30,North,Net Banking,0,4,1024.36,229.3,12,Dec,4
ORD04790,3565,2023-12-15 17:00:52.570514,Beauty,1267.27,5,15,West,Net Banking,0,4,5385.9,2070.55,12,Dec,4
ORD04791,3763,2023-12-15 18:45:43.748749,Sports,432.54,2,10,West,UPI,0,4,778.57,228.66,12,Dec,4
ORD04792,3798,2023-12-15 20:30:34.926985,Clothing,559.22,5,10,East,Debit Card,0,4,2516.49,599.74,12,Dec,4
ORD04793,3232,2023-12-15 22:15:26.105221,Electronics,2846.08,3,10,West,UPI,0,5,7684.42,1958.32,12,Dec,4
ORD04794,2895,2023-12-16 00:00:17.283456,Clothing,1386.44,3,25,East,Credit Card,0,5,3119.49,739.16,12,Dec,4
ORD04795,3339,2023-12-16 01:45:08.461692,Books,236.18,3,10,North,COD,0,3,637.69,118.97,12,Dec,4
ORD04796,1731,2023-12-16 03:29:59.639927,Clothing,1944.52,5,20,North,COD,0,5,7778.08,1299.9,12,Dec,4
ORD04797,3163,2023-12-16 05:14:50.818163,Electronics,348.77,2,20,West,COD,0,5,558.03,128.6,12,Dec,4
ORD04798,3872,2023-12-16 06:59:41.996399,Clothing,851.11,1,20,West,Net Banking,0,4,680.89,180.21,12,Dec,4
ORD04799,1684,2023-12-16 08:44:33.174634,Clothing,1560.26,1,15,South,COD,0,5,1326.22,318.9,12,Dec,4
ORD04800,1081,2023-12-16 10:29:24.352870,Beauty,476.04,3,25,North,Net Banking,0,5,1071.09,164.39,12,Dec,4
ORD04801,3881,2023-12-16 12:14:15.531106,Electronics,727.02,2,5,West,Credit Card,0,4,1381.34,407.15,12,Dec,4
ORD04802,3380,2023-12-16 13:59:06.709341,Electronics,1987.23,2,0,West,UPI,0,5,3974.46,740.06,12,Dec,4
ORD04803,3604,2023-12-16 15:43:57.887577,Electronics,4168.78,4,20,West,UPI,0,4,13340.1,2704.72,12,Dec,4
ORD04804,3382,2023-12-16 17:28:49.065813,Clothing,1130.13,4,10,East,UPI,0,4,4068.47,733.09,12,Dec,4
ORD04805,1531,2023-12-16 19:13:40.244048,Home & Kitchen,100.0,5,0,South,Net Banking,0,4,500.0,140.05,12,Dec,4
ORD04806,2983,2023-12-16 20:58:31.422284,Home & Kitchen,619.79,4,0,North,Debit Card,0,5,2479.16,430.85,12,Dec,4
ORD04807,1220,2023-12-16 22:43:22.600520,Books,762.83,5,0,West,Debit Card,0,2,3814.15,816.57,12,Dec,4
ORD04808,1634,2023-12-17 00:28:13.778755,Home & Kitchen,621.4,1,20,West,Credit Card,0,4,497.12,130.71,12,Dec,4
ORD04809,2769,2023-12-17 02:13:04.956991,Clothing,859.77,3,15,West,Debit Card,0,4,2192.41,420.78,12,Dec,4
ORD04810,3370,2023-12-17 03:57:56.135227,Home & Kitchen,1502.23,2,0,East,Credit Card,0,4,3004.46,785.85,12,Dec,4
ORD04811,2874,2023-12-17 05:42:47.313462,Electronics,193.67,1,20,North,COD,0,4,154.94,36.52,12,Dec,4
ORD04812,1002,2023-12-17 07:27:38.491698,Clothing,477.48,1,0,West,UPI,0,4,477.48,174.35,12,Dec,4
ORD04813,2717,2023-12-17 09:12:29.669933,Sports,1062.84,5,20,West,Net Banking,0,3,4251.36,1482.56,12,Dec,4
ORD04814,1205,2023-12-17 10:57:20.848169,Sports,568.76,3,10,East,Credit Card,0,5,1535.65,611.52,12,Dec,4
ORD04815,2855,2023-12-17 12:42:12.026405,Home & Kitchen,7080.09,5,15,East,Net Banking,0,4,30090.38,8492.35,12,Dec,4
ORD04816,1039,2023-12-17 14:27:03.204640,Electronics,846.95,1,5,South,Net Banking,0,5,804.6,236.43,12,Dec,4
ORD04817,3106,2023-12-17 16:11:54.382876,Electronics,3058.02,2,5,South,UPI,0,3,5810.24,2246.6,12,Dec,4
ORD04818,3998,2023-12-17 17:56:45.561112,Beauty,3402.42,4,20,North,COD,0,4,10887.74,2720.83,12,Dec,4
ORD04819,3621,2023-12-17 19:41:36.739347,Electronics,2711.9,5,0,South,COD,0,5,13559.5,3917.62,12,Dec,4
ORD04820,1643,2023-12-17 21:26:27.917583,Electronics,100.0,1,30,North,Debit Card,0,4,70.0,17.13,12,Dec,4
ORD04821,2530,2023-12-17 23:11:19.095819,Electronics,4427.48,4,15,South,COD,0,5,15053.43,4312.28,12,Dec,4
ORD04822,2907,2023-12-18 00:56:10.274054,Clothing,206.73,4,10,West,UPI,0,1,744.23,126.66,12,Dec,4
ORD04823,3890,2023-12-18 02:41:01.452290,Electronics,100.0,1,15,South,Net Banking,0,4,85.0,29.41,12,Dec,4
ORD04824,3666,2023-12-18 04:25:52.630526,Books,802.6,3,0,West,Credit Card,0,4,2407.8,954.26,12,Dec,4
ORD04825,3143,2023-12-18 06:10:43.808761,Books,324.69,1,10,North,Credit Card,0,4,292.22,48.64,12,Dec,4
ORD04826,1897,2023-12-18 07:55:34.986997,Beauty,305.37,2,30,South,COD,0,4,427.52,149.74,12,Dec,4
ORD04827,2085,2023-12-18 09:40:26.165233,Electronics,509.14,4,0,South,Debit Card,0,3,2036.56,428.56,12,Dec,4
ORD04828,2279,2023-12-18 11:25:17.343468,Clothing,428.34,2,15,South,Credit Card,0,4,728.18,145.19,12,Dec,4
ORD04829,3608,2023-12-18 13:10:08.521704,Home & Kitchen,1731.8,5,10,West,Debit Card,0,4,7793.1,2519.84,12,Dec,4
ORD04830,3952,2023-12-18 14:54:59.699939,Home & Kitchen,310.13,4,15,West,Credit Card,0,4,1054.44,169.8,12,Dec,4
ORD04831,3395,2023-12-18 16:39:50.878175,Books,1175.0,3,0,South,Debit Card,0,4,3525.0,936.98,12,Dec,4
ORD04832,1670,2023-12-18 18:24:42.056411,Sports,6449.46,1,10,North,Debit Card,0,4,5804.51,872.77,12,Dec,4
ORD04833,2505,2023-12-18 20:09:33.234646,Electronics,849.46,5,30,West,Net Banking,0,4,2973.11,858.04,12,Dec,4
ORD04834,3364,2023-12-18 21:54:24.412882,Sports,1540.3,2,0,East,UPI,0,5,3080.6,817.96,12,Dec,4
ORD04835,1718,2023-12-18 23:39:15.591118,Books,5228.75,5,15,North,Credit Card,0,4,22222.19,8419.34,12,Dec,4
ORD04836,2071,2023-12-19 01:24:06.769353,Electronics,222.12,3,10,North,COD,0,4,599.72,197.95,12,Dec,4
ORD04837,2955,2023-12-19 03:08:57.947589,Sports,813.49,1,10,North,UPI,0,4,732.14,132.88,12,Dec,4
ORD04838,2159,2023-12-19 04:53:49.125825,Home & Kitchen,2847.61,5,15,West,Net Banking,0,4,12102.34,2888.04,12,Dec,4
ORD04839,1249,2023-12-19 06:38:40.304060,Electronics,4039.13,2,10,South,Net Banking,0,4,7270.43,2783.81,12,Dec,4
ORD04840,3361,2023-12-19 08:23:31.482296,Electronics,1379.08,5,0,South,Net Banking,0,4,6895.4,2284.68,12,Dec,4
ORD04841,2892,2023-12-19 10:08:22.660532,Electronics,232.21,1,25,East,COD,0,4,174.16,52.0,12,Dec,4
ORD04842,2853,2023-12-19 11:53:13.838767,Home & Kitchen,3476.12,5,20,South,Credit Card,0,3,13904.48,4029.07,12,Dec,4
ORD04843,3854,2023-12-19 13:38:05.017003,Electronics,287.55,2,0,East,Credit Card,0,3,575.1,143.5,12,Dec,4
ORD04844,2503,2023-12-19 15:22:56.195239,Electronics,652.83,1,10,East,Debit Card,0,3,587.55,174.09,12,Dec,4
ORD04845,3532,2023-12-19 17:07:47.373474,Electronics,706.23,3,20,South,Debit Card,0,4,1694.95,581.23,12,Dec,4
ORD04846,2234,2023-12-19 18:52:38.551710,Home & Kitchen,889.39,3,30,East,Debit Card,0,1,1867.72,339.71,12,Dec,4
ORD04847,1043,2023-12-19 20:37:29.729945,Sports,2342.16,4,30,North,COD,0,4,6558.05,2573.76,12,Dec,4
ORD04848,3618,2023-12-19 22:22:20.908181,Sports,2430.33,5,25,North,UPI,1,3,9113.74,1912.44,12,Dec,4
ORD04849,1582,2023-12-20 00:07:12.086417,Electronics,1907.6,2,0,North,Credit Card,0,4,3815.2,999.34,12,Dec,4
ORD04850,2288,2023-12-20 01:52:03.264652,Beauty,100.0,5,25,West,Debit Card,1,3,375.0,58.38,12,Dec,4
ORD04851,3942,2023-12-20 03:36:54.442888,Home & Kitchen,1248.08,1,25,East,COD,0,4,936.06,269.2,12,Dec,4
ORD04852,1219,2023-12-20 05:21:45.621124,Sports,2064.47,4,5,East,COD,1,5,7844.99,1925.68,12,Dec,4
ORD04853,2925,2023-12-20 07:06:36.799359,Clothing,882.17,2,5,North,Debit Card,0,4,1676.12,356.07,12,Dec,4
ORD04854,3972,2023-12-20 08:51:27.977595,Clothing,4348.89,5,10,West,Net Banking,0,4,19570.0,7757.18,12,Dec,4
ORD04855,3448,2023-12-20 10:36:19.155831,Sports,2604.29,2,15,South,Net Banking,0,4,4427.29,1137.97,12,Dec,4
ORD04856,3774,2023-12-20 12:21:10.334066,Electronics,1524.81,1,0,North,Net Banking,0,1,1524.81,386.65,12,Dec,4
ORD04857,1990,2023-12-20 14:06:01.512302,Books,100.0,4,0,West,Debit Card,0,2,400.0,106.31,12,Dec,4
ORD04858,3946,2023-12-20 15:50:52.690538,Sports,1584.82,2,0,South,COD,0,2,3169.64,567.49,12,Dec,4
ORD04859,2812,2023-12-20 17:35:43.868773,Sports,3638.48,1,10,West,COD,0,2,3274.63,813.01,12,Dec,4
ORD04860,1857,2023-12-20 19:20:35.047009,Beauty,715.71,3,0,South,Credit Card,0,3,2147.13,502.65,12,Dec,4
ORD04861,1803,2023-12-20 21:05:26.225245,Home & Kitchen,2731.47,2,20,East,Net Banking,0,4,4370.35,1163.74,12,Dec,4
ORD04862,1489,2023-12-20 22:50:17.403480,Electronics,563.48,4,0,East,Debit Card,0,2,2253.92,820.78,12,Dec,4
ORD04863,2780,2023-12-21 00:35:08.581716,Electronics,1266.32,2,25,West,Credit Card,0,5,1899.48,376.47,12,Dec,4
ORD04864,2493,2023-12-21 02:19:59.759951,Books,1568.0,2,25,West,COD,0,5,2352.0,710.15,12,Dec,4
ORD04865,3985,2023-12-21 04:04:50.938187,Books,1699.78,1,25,South,Credit Card,0,5,1274.84,203.22,12,Dec,4
ORD04866,3891,2023-12-21 05:49:42.116423,Electronics,3212.61,5,15,West,Net Banking,0,1,13653.59,3129.38,12,Dec,4
ORD04867,2705,2023-12-21 07:34:33.294658,Electronics,401.08,5,0,West,UPI,0,5,2005.4,537.78,12,Dec,4
ORD04868,3314,2023-12-21 09:19:24.472894,Home & Kitchen,456.47,2,10,South,Net Banking,0,5,821.65,138.51,12,Dec,4
ORD04869,1053,2023-12-21 11:04:15.651130,Sports,1826.3,4,0,South,Net Banking,0,5,7305.2,2089.23,12,Dec,4
ORD04870,3575,2023-12-21 12:49:06.829365,Beauty,292.55,4,30,East,Debit Card,0,4,819.14,186.42,12,Dec,4
ORD04871,1615,2023-12-21 14:33:58.007601,Sports,936.19,1,5,North,UPI,0,5,889.38,354.15,12,Dec,4
ORD04872,2082,2023-12-21 16:18:49.185837,Sports,100.0,2,10,West,UPI,0,2,180.0,55.39,12,Dec,4
ORD04873,2848,2023-12-21 18:03:40.364072,Home & Kitchen,227.94,2,20,South,UPI,0,2,364.7,76.97,12,Dec,4
ORD04874,1954,2023-12-21 19:48:31.542308,Beauty,1703.75,5,25,East,COD,0,2,6389.06,1122.36,12,Dec,4
ORD04875,3433,2023-12-21 21:33:22.720544,Home & Kitchen,2064.29,1,20,North,Credit Card,1,5,1651.43,264.53,12,Dec,4
ORD04876,2629,2023-12-21 23:18:13.898779,Sports,183.79,3,15,West,COD,0,2,468.66,80.93,12,Dec,4
ORD04877,3781,2023-12-22 01:03:05.077015,Beauty,387.59,4,10,East,UPI,0,2,1395.32,446.52,12,Dec,4
ORD04878,3763,2023-12-22 02:47:56.255251,Beauty,156.22,4,15,North,Debit Card,0,5,531.15,193.2,12,Dec,4
ORD04879,1649,2023-12-22 04:32:47.433486,Clothing,852.19,2,0,West,Net Banking,0,2,1704.38,322.44,12,Dec,4
ORD04880,3347,2023-12-22 06:17:38.611722,Electronics,202.21,1,25,East,Net Banking,0,5,151.66,38.0,12,Dec,4
ORD04881,1394,2023-12-22 08:02:29.789957,Electronics,862.5,3,10,West,COD,0,5,2328.75,555.54,12,Dec,4
ORD04882,2359,2023-12-22 09:47:20.968193,Electronics,1975.7,4,0,North,COD,0,1,7902.8,2458.79,12,Dec,4
ORD04883,3640,2023-12-22 11:32:12.146429,Electronics,1725.12,1,25,South,Debit Card,0,1,1293.84,253.16,12,Dec,4
ORD04884,3561,2023-12-22 13:17:03.324664,Electronics,493.72,3,10,East,Net Banking,0,4,1333.04,517.66,12,Dec,4
ORD04885,3443,2023-12-22 15:01:54.502900,Clothing,1680.19,2,25,North,COD,0,5,2520.28,837.08,12,Dec,4
ORD04886,1370,2023-12-22 16:46:45.681136,Books,3940.65,5,25,West,Credit Card,0,5,14777.44,5745.0,12,Dec,4
ORD04887,1857,2023-12-22 18:31:36.859371,Home & Kitchen,640.47,4,20,North,COD,0,4,2049.5,449.54,12,Dec,4
ORD04888,1790,2023-12-22 20:16:28.037607,Electronics,598.75,4,0,North,COD,0,4,2395.0,711.14,12,Dec,4
ORD04889,1657,2023-12-22 22:01:19.215843,Home & Kitchen,1270.98,3,0,South,UPI,0,4,3812.94,1269.96,12,Dec,4
ORD04890,3783,2023-12-22 23:46:10.394078,Home & Kitchen,422.55,5,25,East,Credit Card,0,5,1584.56,519.32,12,Dec,4
ORD04891,2392,2023-12-23 01:31:01.572314,Home & Kitchen,1581.52,1,25,North,Credit Card,0,4,1186.14,184.25,12,Dec,4
ORD04892,1383,2023-12-23 03:15:52.750550,Beauty,2678.03,2,10,South,Debit Card,0,3,4820.45,1926.12,12,Dec,4
ORD04893,3109,2023-12-23 05:00:43.928785,Electronics,922.39,1,10,South,UPI,0,5,830.15,317.13,12,Dec,4
ORD04894,3552,2023-12-23 06:45:35.107021,Electronics,1706.84,3,0,South,Credit Card,0,4,5120.52,921.38,12,Dec,4
ORD04895,1238,2023-12-23 08:30:26.285257,Clothing,1582.84,4,30,West,UPI,0,2,4431.95,1267.06,12,Dec,4
ORD04896,1194,2023-12-23 10:15:17.463492,Electronics,100.0,4,0,South,UPI,0,5,400.0,91.46,12,Dec,4
ORD04897,3725,2023-12-23 12:00:08.641728,Home & Kitchen,303.94,1,0,South,Net Banking,0,4,303.94,112.37,12,Dec,4
ORD04898,3108,2023-12-23 13:44:59.819963,Clothing,3359.84,2,15,South,Credit Card,0,4,5711.73,1852.77,12,Dec,4
ORD04899,2152,2023-12-23 15:29:50.998199,Clothing,4192.67,3,0,South,Net Banking,0,4,12578.01,2589.55,12,Dec,4
ORD04900,3732,2023-12-23 17:14:42.176435,Electronics,2274.19,2,25,East,COD,0,4,3411.28,540.57,12,Dec,4
ORD04901,3015,2023-12-23 18:59:33.354670,Clothing,3812.18,3,0,East,COD,1,4,11436.54,2549.61,12,Dec,4
ORD04902,1155,2023-12-23 20:44:24.532906,Home & Kitchen,548.25,2,0,South,Net Banking,0,5,1096.5,174.93,12,Dec,4
ORD04903,1922,2023-12-23 22:29:15.711142,Home & Kitchen,426.95,1,10,North,COD,0,4,384.26,71.21,12,Dec,4
ORD04904,3915,2023-12-24 00:14:06.889377,Electronics,727.49,5,10,West,Net Banking,0,4,3273.7,1011.69,12,Dec,4
ORD04905,3950,2023-12-24 01:58:58.067613,Electronics,100.0,3,0,North,Debit Card,0,4,300.0,100.88,12,Dec,4
ORD04906,2609,2023-12-24 03:43:49.245849,Electronics,2490.08,1,10,North,UPI,0,4,2241.07,598.38,12,Dec,4
ORD04907,1974,2023-12-24 05:28:40.424084,Electronics,6219.29,4,10,South,Debit Card,0,3,22389.44,6718.44,12,Dec,4
ORD04908,2230,2023-12-24 07:13:31.602320,Sports,2606.16,4,25,North,Credit Card,0,4,7818.48,1477.47,12,Dec,4
ORD04909,3435,2023-12-24 08:58:22.780556,Electronics,1214.44,2,0,East,Debit Card,1,4,2428.88,556.7,12,Dec,4
ORD04910,2814,2023-12-24 10:43:13.958791,Home & Kitchen,524.94,4,30,East,Debit Card,0,4,1469.83,482.43,12,Dec,4
ORD04911,3934,2023-12-24 12:28:05.137027,Sports,330.41,5,15,West,COD,0,4,1404.24,338.73,12,Dec,4
ORD04912,1837,2023-12-24 14:12:56.315263,Electronics,678.98,3,0,East,Net Banking,1,5,2036.94,483.17,12,Dec,4
ORD04913,3007,2023-12-24 15:57:47.493498,Clothing,1649.28,2,0,East,Credit Card,0,1,3298.56,654.76,12,Dec,4
ORD04914,2363,2023-12-24 17:42:38.671734,Beauty,888.76,3,10,South,COD,0,4,2399.65,716.79,12,Dec,4
ORD04915,3387,2023-12-24 19:27:29.849969,Sports,4078.51,3,0,East,Credit Card,0,4,12235.53,4311.61,12,Dec,4
ORD04916,1203,2023-12-24 21:12:21.028205,Books,2888.49,1,5,North,UPI,0,4,2744.07,733.66,12,Dec,4
ORD04917,1160,2023-12-24 22:57:12.206441,Sports,162.05,4,0,North,Net Banking,0,4,648.2,115.95,12,Dec,4
ORD04918,1391,2023-12-25 00:42:03.384676,Sports,211.53,3,15,East,COD,0,3,539.4,193.96,12,Dec,4
ORD04919,1768,2023-12-25 02:26:54.562912,Clothing,1691.63,5,10,West,Debit Card,0,4,7612.34,1277.73,12,Dec,4
ORD04920,3622,2023-12-25 04:11:45.741148,Sports,393.54,5,0,West,UPI,0,4,1967.7,527.21,12,Dec,4
ORD04921,3581,2023-12-25 05:56:36.919383,Books,2348.35,4,10,West,Debit Card,0,4,8454.06,1819.9,12,Dec,4
ORD04922,2093,2023-12-25 07:41:28.097619,Books,1342.37,4,20,East,Credit Card,0,4,4295.58,1649.84,12,Dec,4
ORD04923,3940,2023-12-25 09:26:19.275855,Beauty,391.72,2,0,West,UPI,0,4,783.44,261.97,12,Dec,4
ORD04924,1404,2023-12-25 11:11:10.454090,Sports,977.11,2,25,East,COD,0,5,1465.66,427.39,12,Dec,4
ORD04925,1607,2023-12-25 12:56:01.632326,Clothing,781.51,2,10,North,Debit Card,1,4,1406.72,445.84,12,Dec,4
ORD04926,2614,2023-12-25 14:40:52.810562,Electronics,3097.24,4,30,West,Debit Card,0,3,8672.27,2455.83,12,Dec,4
ORD04927,2540,2023-12-25 16:25:43.988797,Home & Kitchen,100.0,3,0,West,Credit Card,1,3,300.0,56.07,12,Dec,4
ORD04928,3875,2023-12-25 18:10:35.167033,Home & Kitchen,3392.8,1,30,West,Credit Card,0,2,2374.96,777.26,12,Dec,4
ORD04929,2837,2023-12-25 19:55:26.345269,Home & Kitchen,1583.69,2,15,North,Net Banking,0,5,2692.27,735.44,12,Dec,4
ORD04930,1689,2023-12-25 21:40:17.523504,Beauty,2006.47,1,10,East,Net Banking,0,5,1805.82,557.24,12,Dec,4
ORD04931,3949,2023-12-25 23:25:08.701740,Sports,100.0,5,10,North,Credit Card,1,2,450.0,72.59,12,Dec,4
ORD04932,2240,2023-12-26 01:09:59.879975,Clothing,1484.26,4,0,North,Net Banking,0,4,5937.04,1101.37,12,Dec,4
ORD04933,3103,2023-12-26 02:54:51.058211,Electronics,1331.87,5,25,South,Debit Card,0,5,4994.51,1485.08,12,Dec,4
ORD04934,1365,2023-12-26 04:39:42.236447,Books,1155.71,2,15,West,Credit Card,0,5,1964.71,520.37,12,Dec,4
ORD04935,2722,2023-12-26 06:24:33.414682,Home & Kitchen,2311.74,3,0,East,UPI,0,4,6935.22,1433.64,12,Dec,4
ORD04936,1454,2023-12-26 08:09:24.592918,Home & Kitchen,1217.46,2,0,East,Credit Card,1,3,2434.92,511.8,12,Dec,4
ORD04937,1103,2023-12-26 09:54:15.771154,Books,2918.39,1,0,South,COD,0,3,2918.39,898.61,12,Dec,4
ORD04938,1076,2023-12-26 11:39:06.949389,Books,397.18,2,15,South,COD,1,5,675.21,111.24,12,Dec,4
ORD04939,1229,2023-12-26 13:23:58.127625,Clothing,2459.71,3,15,North,Credit Card,0,5,6272.26,1621.78,12,Dec,4
ORD04940,2937,2023-12-26 15:08:49.305861,Clothing,296.42,3,10,South,UPI,0,4,800.33,224.71,12,Dec,4
ORD04941,3378,2023-12-26 16:53:40.484096,Books,2515.92,4,5,East,Credit Card,0,2,9560.5,2170.57,12,Dec,4
ORD04942,2205,2023-12-26 18:38:31.662332,Electronics,4231.75,4,10,East,UPI,0,5,15234.3,5410.27,12,Dec,4
ORD04943,1892,2023-12-26 20:23:22.840568,Clothing,613.52,3,10,East,Debit Card,0,5,1656.5,271.98,12,Dec,4
ORD04944,2573,2023-12-26 22:08:14.018803,Clothing,1132.17,3,0,North,Debit Card,0,3,3396.51,1244.64,12,Dec,4
ORD04945,3735,2023-12-26 23:53:05.197039,Home & Kitchen,1610.86,1,0,West,UPI,0,2,1610.86,532.9,12,Dec,4
ORD04946,3074,2023-12-27 01:37:56.375275,Electronics,124.21,2,0,West,Net Banking,0,4,248.42,64.98,12,Dec,4
ORD04947,2675,2023-12-27 03:22:47.553510,Sports,1022.07,4,25,North,Debit Card,0,3,3066.21,1168.58,12,Dec,4
ORD04948,1298,2023-12-27 05:07:38.731746,Home & Kitchen,670.8,1,15,East,COD,0,3,570.18,185.63,12,Dec,4
ORD04949,1956,2023-12-27 06:52:29.909981,Home & Kitchen,3088.94,2,30,East,Credit Card,0,2,4324.52,1655.26,12,Dec,4
ORD04950,3846,2023-12-27 08:37:21.088217,Home & Kitchen,3139.45,4,5,North,Net Banking,0,5,11929.91,3198.97,12,Dec,4
ORD04951,2114,2023-12-27 10:22:12.266453,Clothing,1809.86,1,25,North,COD,0,5,1357.4,357.33,12,Dec,4
ORD04952,3527,2023-12-27 12:07:03.444688,Books,1599.47,5,15,South,Credit Card,1,2,6797.75,1921.63,12,Dec,4
ORD04953,3620,2023-12-27 13:51:54.622924,Beauty,1984.63,5,10,North,COD,0,5,8930.84,1485.7,12,Dec,4
ORD04954,3505,2023-12-27 15:36:45.801160,Sports,683.53,4,0,West,Net Banking,0,4,2734.12,1031.1,12,Dec,4
ORD04955,2474,2023-12-27 17:21:36.979395,Beauty,777.58,1,15,North,UPI,0,4,660.94,209.47,12,Dec,4
ORD04956,1364,2023-12-27 19:06:28.157631,Home & Kitchen,1210.16,2,25,East,Credit Card,0,5,1815.24,552.55,12,Dec,4
ORD04957,3906,2023-12-27 20:51:19.335867,Electronics,4171.61,2,0,East,COD,0,4,8343.22,3183.91,12,Dec,4
ORD04958,2698,2023-12-27 22:36:10.514102,Electronics,1931.03,1,0,East,COD,0,5,1931.03,769.34,12,Dec,4
ORD04959,1350,2023-12-28 00:21:01.692338,Home & Kitchen,1201.06,5,15,West,Net Banking,0,4,5104.5,974.19,12,Dec,4
ORD04960,3300,2023-12-28 02:05:52.870574,Clothing,2207.21,1,30,West,Net Banking,0,4,1545.05,521.07,12,Dec,4
ORD04961,3828,2023-12-28 03:50:44.048809,Clothing,695.17,5,15,South,Net Banking,0,3,2954.47,871.53,12,Dec,4
ORD04962,2904,2023-12-28 05:35:35.227045,Sports,1966.6,5,0,North,UPI,0,4,9833.0,2608.2,12,Dec,4
ORD04963,3850,2023-12-28 07:20:26.405281,Clothing,793.17,2,10,South,Debit Card,1,4,1427.71,563.09,12,Dec,4
ORD04964,2011,2023-12-28 09:05:17.583516,Clothing,492.05,4,5,North,COD,1,5,1869.79,677.92,12,Dec,4
ORD04965,3506,2023-12-28 10:50:08.761752,Sports,1411.35,3,25,North,UPI,0,4,3175.54,1029.47,12,Dec,4
ORD04966,3964,2023-12-28 12:34:59.939987,Sports,1741.74,1,20,West,COD,0,3,1393.39,342.31,12,Dec,4
ORD04967,1498,2023-12-28 14:19:51.118223,Clothing,922.32,5,10,East,UPI,0,1,4150.44,1313.66,12,Dec,4
ORD04968,1949,2023-12-28 16:04:42.296459,Sports,1250.34,1,0,North,Credit Card,0,5,1250.34,353.75,12,Dec,4
ORD04969,2994,2023-12-28 17:49:33.474694,Sports,1776.58,4,25,West,Debit Card,0,4,5329.74,1131.73,12,Dec,4
ORD04970,3046,2023-12-28 19:34:24.652930,Clothing,2189.65,4,15,South,COD,0,4,7444.81,1954.97,12,Dec,4
ORD04971,1507,2023-12-28 21:19:15.831166,Electronics,3388.88,3,30,East,Net Banking,0,5,7116.65,1445.06,12,Dec,4
ORD04972,2327,2023-12-28 23:04:07.009401,Electronics,656.7,3,10,South,Debit Card,0,5,1773.09,487.79,12,Dec,4
ORD04973,3548,2023-12-29 00:48:58.187637,Books,4538.58,5,20,South,COD,0,5,18154.32,5992.01,12,Dec,4
ORD04974,3850,2023-12-29 02:33:49.365873,Clothing,1521.19,3,20,West,Credit Card,1,3,3650.86,581.08,12,Dec,4
ORD04975,3645,2023-12-29 04:18:40.544108,Beauty,2324.65,5,5,East,COD,0,4,11042.09,3769.16,12,Dec,4
ORD04976,1165,2023-12-29 06:03:31.722344,Sports,1804.8,2,30,North,COD,0,5,2526.72,391.64,12,Dec,4
ORD04977,3509,2023-12-29 07:48:22.900580,Sports,345.2,5,0,South,COD,0,5,1726.0,482.11,12,Dec,4
ORD04978,1919,2023-12-29 09:33:14.078815,Beauty,111.18,3,20,North,Debit Card,0,5,266.83,78.28,12,Dec,4
ORD04979,1113,2023-12-29 11:18:05.257051,Sports,1943.51,1,30,East,COD,1,4,1360.46,462.98,12,Dec,4
ORD04980,1991,2023-12-29 13:02:56.435287,Clothing,1073.25,3,5,West,Net Banking,0,5,3058.76,1040.77,12,Dec,4
ORD04981,2951,2023-12-29 14:47:47.613522,Electronics,1817.07,4,15,West,UPI,0,1,6178.04,1571.47,12,Dec,4
ORD04982,3254,2023-12-29 16:32:38.791758,Home & Kitchen,971.81,3,10,West,Net Banking,0,3,2623.89,437.12,12,Dec,4
ORD04983,2258,2023-12-29 18:17:29.969993,Clothing,561.46,2,20,North,Credit Card,0,4,898.34,290.5,12,Dec,4
ORD04984,1514,2023-12-29 20:02:21.148229,Books,503.25,5,25,North,Debit Card,0,5,1887.19,524.16,12,Dec,4
ORD04985,2231,2023-12-29 21:47:12.326465,Home & Kitchen,1966.96,4,15,East,UPI,0,1,6687.66,1559.99,12,Dec,4
ORD04986,1708,2023-12-29 23:32:03.504700,Beauty,486.06,5,20,North,Debit Card,1,4,1944.24,405.8,12,Dec,4
ORD04987,3185,2023-12-30 01:16:54.682936,Clothing,1881.2,5,5,West,Debit Card,0,5,8935.7,1607.89,12,Dec,4
ORD04988,1338,2023-12-30 03:01:45.861172,Sports,726.67,3,0,South,COD,0,4,2180.01,487.85,12,Dec,4
ORD04989,3584,2023-12-30 04:46:37.039407,Clothing,2210.38,1,10,South,Net Banking,0,3,1989.34,526.42,12,Dec,4
ORD04990,1067,2023-12-30 06:31:28.217643,Home & Kitchen,231.14,4,15,South,UPI,0,5,785.88,211.72,12,Dec,4
ORD04991,2596,2023-12-30 08:16:19.395879,Electronics,344.08,2,0,West,COD,0,5,688.16,203.48,12,Dec,4
ORD04992,2564,2023-12-30 10:01:10.574114,Sports,1737.12,2,15,North,UPI,1,4,2953.1,710.57,12,Dec,4
ORD04993,1382,2023-12-30 11:46:01.752350,Electronics,1232.26,1,5,South,Net Banking,0,5,1170.65,444.82,12,Dec,4
ORD04994,1018,2023-12-30 13:30:52.930586,Home & Kitchen,342.0,1,20,North,COD,0,3,273.6,74.96,12,Dec,4
ORD04995,3730,2023-12-30 15:15:44.108821,Electronics,3496.89,3,0,North,UPI,0,5,10490.67,2684.89,12,Dec,4
ORD04996,3121,2023-12-30 17:00:35.287057,Clothing,484.33,2,15,West,COD,0,5,823.36,133.42,12,Dec,4
ORD04997,1572,2023-12-30 18:45:26.465293,Books,819.86,4,15,North,Debit Card,0,4,2787.52,835.57,12,Dec,4
ORD04998,3986,2023-12-30 20:30:17.643528,Clothing,339.01,1,25,North,Credit Card,0,5,254.26,76.46,12,Dec,4
ORD04999,2299,2023-12-30 22:15:08.821764,Electronics,736.6,1,15,West,UPI,0,3,626.11,185.22,12,Dec,4
ORD05000,3258,2023-12-31 00:00:00.000000,Clothing,1014.87,1,20,East,Net Banking,0,3,811.9,301.94,12,Dec,4
